#
# There is insufficient memory for the Java Runtime Environment to continue.
# Native memory allocation (malloc) failed to allocate 1552680 bytes. Error detail: Chunk::new
# Possible reasons:
#   The system is out of physical RAM or swap space
#   This process is running with CompressedOops enabled, and the Java Heap may be blocking the growth of the native heap
# Possible solutions:
#   Reduce memory load on the system
#   Increase physical memory or swap space
#   Check if swap backing store is full
#   Decrease Java heap size (-Xmx/-Xms)
#   Decrease number of Java threads
#   Decrease Java thread stack sizes (-Xss)
#   Set larger code cache with -XX:ReservedCodeCacheSize=
#   JVM is running with Unscaled Compressed Oops mode in which the Java heap is
#     placed in the first 4GB address space. The Java Heap base address is the
#     maximum limit for the native heap growth. Please use -XX:HeapBaseMinAddress
#     to set the Java Heap base and to place the Java Heap above 4GB virtual address.
# This output file may be truncated or incomplete.
#
#  Out of Memory Error (arena.cpp:186), pid=29092, tid=2356
#
# JRE version: OpenJDK Runtime Environment (25.0.2) (build 25.0.2+-15348964-b329.117)
# Java VM: OpenJDK 64-Bit Server VM (25.0.2+-15348964-b329.117, mixed mode, tiered, compressed oops, compressed class ptrs, g1 gc, windows-amd64)
# No core dump will be written. Minidumps are not enabled by default on client versions of Windows
#

---------------  S U M M A R Y ------------

Command Line: --add-opens=java.base/java.lang=ALL-UNNAMED --add-opens=java.base/java.lang.invoke=ALL-UNNAMED --add-opens=java.base/java.util=ALL-UNNAMED --add-opens=java.prefs/java.util.prefs=ALL-UNNAMED --add-exports=jdk.compiler/com.sun.tools.javac.api=ALL-UNNAMED --add-exports=jdk.compiler/com.sun.tools.javac.util=ALL-UNNAMED --add-opens=java.base/java.nio.charset=ALL-UNNAMED --add-opens=java.base/java.net=ALL-UNNAMED --add-opens=java.base/java.util.concurrent=ALL-UNNAMED --add-opens=java.base/java.util.concurrent.atomic=ALL-UNNAMED --add-opens=java.xml/javax.xml.namespace=ALL-UNNAMED --add-opens=java.base/java.time=ALL-UNNAMED --enable-native-access=ALL-UNNAMED -Xmx2048m -Dfile.encoding=UTF-8 -Duser.country=ZA -Duser.language=en -Duser.variant -javaagent:C:\Users\indie\.gradle\wrapper\dists\gradle-9.5.0-bin\bvnork1r7n8i6kp5cnkibsc9q\gradle-9.5.0\lib\agents\gradle-instrumentation-agent-9.5.0.jar org.gradle.launcher.daemon.bootstrap.GradleDaemon 9.5.0

Host: AMD Ryzen 7 7730U with Radeon Graphics         , 16 cores, 5G,  Windows 11 , 64 bit Build 26100 (10.0.26100.9444)
Time: Mon Sep 21 21:00:48 2026 South Africa Standard Time elapsed time: 18.494064 seconds (0d 0h 0m 18s)

---------------  T H R E A D  ---------------

Current thread (0x00000273682da220):  JavaThread "C2 CompilerThread1" daemon [_thread_in_native, id=2356, stack(0x000000e994400000,0x000000e994500000) (1024K)]


Current CompileTask:
C2:18494 7614   !   4       sun.reflect.annotation.AnnotationParser::parseAnnotations (37 bytes)

Stack: [0x000000e994400000,0x000000e994500000]
Native frames: (J=compiled Java code, j=interpreted, Vv=VM code, C=native code)
V  [jvm.dll+0x7bd439]  (no source info available)
V  [jvm.dll+0x78763d]  (no source info available)
V  [jvm.dll+0xa0c885]  (no source info available)
V  [jvm.dll+0xa0ef04]  (no source info available)
V  [jvm.dll+0xa0f603]  (no source info available)
V  [jvm.dll+0x309bf6]  (no source info available)
V  [jvm.dll+0x10ea69]  (no source info available)
V  [jvm.dll+0x10ed92]  (no source info available)
V  [jvm.dll+0x45d95f]  (no source info available)
V  [jvm.dll+0x42bd4b]  (no source info available)
V  [jvm.dll+0x42b17a]  (no source info available)
V  [jvm.dll+0x2cdea2]  (no source info available)
V  [jvm.dll+0x2cd221]  (no source info available)
V  [jvm.dll+0x242ffa]  (no source info available)
V  [jvm.dll+0x2dcc05]  (no source info available)
V  [jvm.dll+0x2dae06]  (no source info available)
V  [jvm.dll+0x49b59e]  (no source info available)
V  [jvm.dll+0x9ab9c8]  (no source info available)
V  [jvm.dll+0x7bb985]  (no source info available)
C  [ucrtbase.dll+0x2cd30]  (no source info available)
C  [KERNEL32.DLL+0x2cd87]  (no source info available)
C  [ntdll.dll+0xacaec]  (no source info available)

Lock stack of current Java thread (top to bottom):


---------------  P R O C E S S  ---------------

Threads class SMR info:
_java_thread_list=0x000002736c30da20, length=92, elements={
0x000002734963f310, 0x0000027361900970, 0x000002736191ddc0, 0x000002736191ec30,
0x000002736192b1e0, 0x000002736192b9a0, 0x000002736192c160, 0x000002736192c920,
0x0000027361933100, 0x0000027361934920, 0x000002736619b9c0, 0x000002736637c400,
0x0000027366995860, 0x00000273679f4710, 0x00000273692133b0, 0x0000027367a7e770,
0x0000027367ad17e0, 0x0000027367ade630, 0x00000273692625e0, 0x0000027367a94660,
0x0000027367a90fb0, 0x0000027367a96d70, 0x0000027367a95dd0, 0x0000027367a94e30,
0x000002736685a980, 0x000002736685c8c0, 0x000002736685e030, 0x000002736685e800,
0x000002736685efd0, 0x000002736685c0f0, 0x00000273668616e0, 0x000002736ab17ce0,
0x000002736ab17510, 0x000002736ab19c20, 0x0000027369c8ed80, 0x0000027369c8bea0,
0x0000027369c91c60, 0x0000027369c8fd20, 0x0000027369c90cc0, 0x000002736b8898a0,
0x00000273682da220, 0x000002736b88cf50, 0x000002736b88e6c0, 0x000002736b88b010,
0x000002736b88fe30, 0x000002736b890600, 0x0000027369c8e5b0, 0x000002736acbfe60,
0x000002736acc0630, 0x000002736acbeec0, 0x000002736acc2d40, 0x000002736acc0e00,
0x000002736acc15d0, 0x000002736acc3ce0, 0x000002736acc5450, 0x000002736acc4c80,
0x000002736acc63f0, 0x0000027369781dc0, 0x0000027369782d60, 0x000002736977f6b0,
0x0000027369783530, 0x00000273697844d0, 0x000002736b257dc0, 0x000002736b258590,
0x000002736b256650, 0x000002736b259530, 0x000002736b25c410, 0x000002736b25b470,
0x000002736b25bc40, 0x000002736b25d3b0, 0x000002736c273d90, 0x000002736c272620,
0x000002736c274d30, 0x000002736c2735c0, 0x000002736c279b50, 0x000002736c27aaf0,
0x000002736c27d9d0, 0x000002736c27e1a0, 0x000002736c27ba90, 0x000002736c27f140,
0x000002736c27c260, 0x000002736c27ca30, 0x000002736c281850, 0x000002736b88c780,
0x000002736ca56ad0, 0x000002736ca55b30, 0x000002736ca57a70, 0x000002736ca58240,
0x000002736ca5c0c0, 0x000002736ca5a180, 0x000002736ca5a950, 0x000002736ca5b8f0
}

Java Threads: ( => current thread )
  0x000002734963f310 JavaThread "main"                              [_thread_blocked, id=13728, stack(0x000000e990700000,0x000000e990800000) (1024K)]
  0x0000027361900970 JavaThread "Common-Cleaner"             daemon [_thread_blocked, id=27456, stack(0x000000e990f00000,0x000000e991000000) (1024K)]
  0x000002736191ddc0 JavaThread "Reference Handler"          daemon [_thread_blocked, id=16760, stack(0x000000e991000000,0x000000e991100000) (1024K)]
  0x000002736191ec30 JavaThread "Finalizer"                  daemon [_thread_blocked, id=27224, stack(0x000000e991100000,0x000000e991200000) (1024K)]
  0x000002736192b1e0 JavaThread "Signal Dispatcher"          daemon [_thread_blocked, id=7216, stack(0x000000e991200000,0x000000e991300000) (1024K)]
  0x000002736192b9a0 JavaThread "Attach Listener"            daemon [_thread_blocked, id=25348, stack(0x000000e991300000,0x000000e991400000) (1024K)]
  0x000002736192c160 JavaThread "Service Thread"             daemon [_thread_blocked, id=16480, stack(0x000000e991400000,0x000000e991500000) (1024K)]
  0x000002736192c920 JavaThread "Monitor Deflation Thread"   daemon [_thread_blocked, id=9336, stack(0x000000e991500000,0x000000e991600000) (1024K)]
  0x0000027361933100 JavaThread "C2 CompilerThread0"         daemon [_thread_in_native, id=26716, stack(0x000000e991600000,0x000000e991700000) (1024K)]
  0x0000027361934920 JavaThread "C1 CompilerThread0"         daemon [_thread_blocked, id=30432, stack(0x000000e991700000,0x000000e991800000) (1024K)]
  0x000002736619b9c0 JavaThread "C1 CompilerThread1"         daemon [_thread_blocked, id=32084, stack(0x000000e991800000,0x000000e991900000) (1024K)]
  0x000002736637c400 JavaThread "Notification Thread"        daemon [_thread_blocked, id=35936, stack(0x000000e991900000,0x000000e991a00000) (1024K)]
  0x0000027366995860 JavaThread "C1 CompilerThread2"         daemon [_thread_blocked, id=2936, stack(0x000000e991a00000,0x000000e991b00000) (1024K)]
  0x00000273679f4710 JavaThread "Daemon health stats"               [_thread_blocked, id=24024, stack(0x000000e992000000,0x000000e992100000) (1024K)]
  0x00000273692133b0 JavaThread "Incoming local TCP Connector on port 51822"        [_thread_in_native, id=608, stack(0x000000e992100000,0x000000e992200000) (1024K)]
  0x0000027367a7e770 JavaThread "Daemon periodic checks"            [_thread_blocked, id=30536, stack(0x000000e992200000,0x000000e992300000) (1024K)]
  0x0000027367ad17e0 JavaThread "Daemon"                            [_thread_blocked, id=21076, stack(0x000000e992300000,0x000000e992400000) (1024K)]
  0x0000027367ade630 JavaThread "Handler for socket connection from /127.0.0.1:51822 to /127.0.0.1:51823"        [_thread_in_native, id=30760, stack(0x000000e992400000,0x000000e992500000) (1024K)]
  0x00000273692625e0 JavaThread "Cancel handler"                    [_thread_blocked, id=16824, stack(0x000000e992e00000,0x000000e992f00000) (1024K)]
  0x0000027367a94660 JavaThread "Daemon worker"                     [_thread_blocked, id=35348, stack(0x000000e992f00000,0x000000e993000000) (1024K)]
  0x0000027367a90fb0 JavaThread "Asynchronous log dispatcher for DefaultDaemonConnection: socket connection from /127.0.0.1:51822 to /127.0.0.1:51823"        [_thread_blocked, id=9712, stack(0x000000e993000000,0x000000e993100000) (1024K)]
  0x0000027367a96d70 JavaThread "Stdin handler"                     [_thread_blocked, id=31596, stack(0x000000e993100000,0x000000e993200000) (1024K)]
  0x0000027367a95dd0 JavaThread "Daemon client event forwarder"        [_thread_blocked, id=33320, stack(0x000000e993200000,0x000000e993300000) (1024K)]
  0x0000027367a94e30 JavaThread "Cache worker for journal cache (C:\Users\indie\.gradle\caches\journal-1)"        [_thread_blocked, id=26756, stack(0x000000e993300000,0x000000e993400000) (1024K)]
  0x000002736685a980 JavaThread "File lock request listener"        [_thread_in_native, id=23916, stack(0x000000e993400000,0x000000e993500000) (1024K)]
  0x000002736685c8c0 JavaThread "Cache worker for file hash cache (C:\Users\indie\.gradle\caches\9.5.0\fileHashes)"        [_thread_in_Java, id=14944, stack(0x000000e993500000,0x000000e993600000) (1024K)]
  0x000002736685e030 JavaThread "Cache worker for file hash cache (C:\Users\indie\Documents\Projects\Kotlin Learning\Identity\.gradle\9.5.0\fileHashes)"        [_thread_blocked, id=10132, stack(0x000000e993600000,0x000000e993700000) (1024K)]
  0x000002736685e800 JavaThread "Cache worker for checksums cache (C:\Users\indie\Documents\Projects\Kotlin Learning\Identity\.gradle\9.5.0\checksums)"        [_thread_blocked, id=23824, stack(0x000000e993700000,0x000000e993800000) (1024K)]
  0x000002736685efd0 JavaThread "Cache worker for Build Output Cleanup Cache (C:\Users\indie\Documents\Projects\Kotlin Learning\Identity\.gradle\buildOutputCleanup)"        [_thread_blocked, id=29608, stack(0x000000e993800000,0x000000e993900000) (1024K)]
  0x000002736685c0f0 JavaThread "Cache worker for file content cache (C:\Users\indie\.gradle\caches\9.5.0\fileContent)"        [_thread_blocked, id=36088, stack(0x000000e993900000,0x000000e993a00000) (1024K)]
  0x00000273668616e0 JavaThread "File watcher server"        daemon [_thread_in_native, id=36552, stack(0x000000e993a00000,0x000000e993b00000) (1024K)]
  0x000002736ab17ce0 JavaThread "File watcher consumer"      daemon [_thread_blocked, id=5920, stack(0x000000e993b00000,0x000000e993c00000) (1024K)]
  0x000002736ab17510 JavaThread "Cache worker for cache directory md-supplier (C:\Users\indie\.gradle\caches\9.5.0\md-supplier)"        [_thread_blocked, id=33288, stack(0x000000e993c00000,0x000000e993d00000) (1024K)]
  0x000002736ab19c20 JavaThread "Cache worker for cache directory md-rule (C:\Users\indie\.gradle\caches\9.5.0\md-rule)"        [_thread_blocked, id=26336, stack(0x000000e993d00000,0x000000e993e00000) (1024K)]
  0x0000027369c8ed80 JavaThread "build event listener"              [_thread_blocked, id=25260, stack(0x000000e993f00000,0x000000e994000000) (1024K)]
  0x0000027369c8bea0 JavaThread "build event listener"              [_thread_blocked, id=28744, stack(0x000000e994000000,0x000000e994100000) (1024K)]
  0x0000027369c91c60 JavaThread "build event listener"              [_thread_blocked, id=8496, stack(0x000000e994100000,0x000000e994200000) (1024K)]
  0x0000027369c8fd20 JavaThread "build event listener"              [_thread_blocked, id=25468, stack(0x000000e994200000,0x000000e994300000) (1024K)]
  0x0000027369c90cc0 JavaThread "Build operations"                  [_thread_blocked, id=10936, stack(0x000000e994300000,0x000000e994400000) (1024K)]
  0x000002736b8898a0 JavaThread "Memory manager"                    [_thread_blocked, id=11496, stack(0x000000e993e00000,0x000000e993f00000) (1024K)]
=>0x00000273682da220 JavaThread "C2 CompilerThread1"         daemon [_thread_in_native, id=2356, stack(0x000000e994400000,0x000000e994500000) (1024K)]
  0x000002736b88cf50 JavaThread "included builds"                   [_thread_in_native, id=24820, stack(0x000000e994500000,0x000000e994600000) (1024K)]
  0x000002736b88e6c0 JavaThread "Execution worker"                  [_thread_in_native, id=32872, stack(0x000000e994600000,0x000000e994700000) (1024K)]
  0x000002736b88b010 JavaThread "Execution worker Thread 2"         [_thread_blocked, id=16000, stack(0x000000e994700000,0x000000e994800000) (1024K)]
  0x000002736b88fe30 JavaThread "Execution worker Thread 3"         [_thread_blocked, id=12744, stack(0x000000e994800000,0x000000e994900000) (1024K)]
  0x000002736b890600 JavaThread "Execution worker Thread 4"         [_thread_in_native, id=35364, stack(0x000000e994900000,0x000000e994a00000) (1024K)]
  0x0000027369c8e5b0 JavaThread "Execution worker Thread 5"         [_thread_blocked, id=17172, stack(0x000000e994a00000,0x000000e994b00000) (1024K)]
  0x000002736acbfe60 JavaThread "Execution worker Thread 6"         [_thread_blocked, id=26388, stack(0x000000e994b00000,0x000000e994c00000) (1024K)]
  0x000002736acc0630 JavaThread "Execution worker Thread 7"         [_thread_blocked, id=31644, stack(0x000000e994c00000,0x000000e994d00000) (1024K)]
  0x000002736acbeec0 JavaThread "Execution worker Thread 8"         [_thread_in_native, id=31440, stack(0x000000e994d00000,0x000000e994e00000) (1024K)]
  0x000002736acc2d40 JavaThread "Execution worker Thread 9"         [_thread_blocked, id=25328, stack(0x000000e994e00000,0x000000e994f00000) (1024K)]
  0x000002736acc0e00 JavaThread "Execution worker Thread 10"        [_thread_blocked, id=34492, stack(0x000000e994f00000,0x000000e995000000) (1024K)]
  0x000002736acc15d0 JavaThread "Execution worker Thread 11"        [_thread_in_native, id=16780, stack(0x000000e995000000,0x000000e995100000) (1024K)]
  0x000002736acc3ce0 JavaThread "Execution worker Thread 12"        [_thread_blocked, id=6396, stack(0x000000e995100000,0x000000e995200000) (1024K)]
  0x000002736acc5450 JavaThread "Execution worker Thread 13"        [_thread_blocked, id=32784, stack(0x000000e995200000,0x000000e995300000) (1024K)]
  0x000002736acc4c80 JavaThread "Execution worker Thread 14"        [_thread_blocked, id=10368, stack(0x000000e995300000,0x000000e995400000) (1024K)]
  0x000002736acc63f0 JavaThread "Execution worker Thread 15"        [_thread_blocked, id=36716, stack(0x000000e995400000,0x000000e995500000) (1024K)]
  0x0000027369781dc0 JavaThread "Cache worker for execution history cache (C:\Users\indie\Documents\Projects\Kotlin Learning\Identity\.gradle\9.5.0\executionHistory)"        [_thread_blocked, id=7888, stack(0x000000e995500000,0x000000e995600000) (1024K)]
  0x0000027369782d60 JavaThread "Build operations Thread 3"         [_thread_blocked, id=22424, stack(0x000000e995600000,0x000000e995700000) (1024K)]
  0x000002736977f6b0 JavaThread "Build operations Thread 5"         [_thread_blocked, id=18216, stack(0x000000e995700000,0x000000e995800000) (1024K)]
  0x0000027369783530 JavaThread "Build operations Thread 2"         [_thread_in_native, id=18976, stack(0x000000e995800000,0x000000e995900000) (1024K)]
  0x00000273697844d0 JavaThread "Build operations Thread 4"         [_thread_blocked, id=19960, stack(0x000000e995900000,0x000000e995a00000) (1024K)]
  0x000002736b257dc0 JavaThread "Build operations Thread 6"         [_thread_in_native, id=25752, stack(0x000000e995a00000,0x000000e995b00000) (1024K)]
  0x000002736b258590 JavaThread "Build operations Thread 7"         [_thread_blocked, id=16572, stack(0x000000e995b00000,0x000000e995c00000) (1024K)]
  0x000002736b256650 JavaThread "Build operations Thread 9"         [_thread_in_vm, id=33036, stack(0x000000e995c00000,0x000000e995d00000) (1024K)]
  0x000002736b259530 JavaThread "Build operations Thread 8"         [_thread_blocked, id=25268, stack(0x000000e995d00000,0x000000e995e00000) (1024K)]
  0x000002736b25c410 JavaThread "Build operations Thread 10"        [_thread_in_native, id=22304, stack(0x000000e995e00000,0x000000e995f00000) (1024K)]
  0x000002736b25b470 JavaThread "Build operations Thread 12"        [_thread_blocked, id=31328, stack(0x000000e995f00000,0x000000e996000000) (1024K)]
  0x000002736b25bc40 JavaThread "Build operations Thread 11"        [_thread_blocked, id=24532, stack(0x000000e996000000,0x000000e996100000) (1024K)]
  0x000002736b25d3b0 JavaThread "Build operations Thread 13"        [_thread_blocked, id=30860, stack(0x000000e996100000,0x000000e996200000) (1024K)]
  0x000002736c273d90 JavaThread "Build operations Thread 14"        [_thread_blocked, id=11672, stack(0x000000e996200000,0x000000e996300000) (1024K)]
  0x000002736c272620 JavaThread "Build operations Thread 15"        [_thread_blocked, id=12168, stack(0x000000e996300000,0x000000e996400000) (1024K)]
  0x000002736c274d30 JavaThread "Build operations Thread 16"        [_thread_blocked, id=30232, stack(0x000000e996400000,0x000000e996500000) (1024K)]
  0x000002736c2735c0 JavaThread "pool-2-thread-1"                   [_thread_blocked, id=33972, stack(0x000000e996500000,0x000000e996600000) (1024K)]
  0x000002736c279b50 JavaThread "WorkerExecutor Queue"              [_thread_blocked, id=36772, stack(0x000000e996600000,0x000000e996700000) (1024K)]
  0x000002736c27aaf0 JavaThread "WorkerExecutor Queue Thread 2"        [_thread_blocked, id=24752, stack(0x000000e996700000,0x000000e996800000) (1024K)]
  0x000002736c27d9d0 JavaThread "ForkJoinPool-1-worker-1"    daemon [_thread_in_vm, id=12048, stack(0x000000e996800000,0x000000e996900000) (1024K)]
  0x000002736c27e1a0 JavaThread "ForkJoinPool-1-worker-2"    daemon [_thread_blocked, id=34852, stack(0x000000e996900000,0x000000e996a00000) (1024K)]
  0x000002736c27ba90 JavaThread "ForkJoinPool-1-worker-3"    daemon [_thread_blocked, id=16136, stack(0x000000e996a00000,0x000000e996b00000) (1024K)]
  0x000002736c27f140 JavaThread "ForkJoinPool-1-worker-4"    daemon [_thread_blocked, id=16360, stack(0x000000e996b00000,0x000000e996c00000) (1024K)]
  0x000002736c27c260 JavaThread "ForkJoinPool-1-worker-5"    daemon [_thread_blocked, id=30388, stack(0x000000e996c00000,0x000000e996d00000) (1024K)]
  0x000002736c27ca30 JavaThread "ForkJoinPool-1-worker-6"    daemon [_thread_blocked, id=6508, stack(0x000000e996d00000,0x000000e996e00000) (1024K)]
  0x000002736c281850 JavaThread "ForkJoinPool-1-worker-7"    daemon [_thread_blocked, id=28572, stack(0x000000e996e00000,0x000000e996f00000) (1024K)]
  0x000002736b88c780 JavaThread "ForkJoinPool-1-worker-8"    daemon [_thread_blocked, id=10268, stack(0x000000e996f00000,0x000000e997000000) (1024K)]
  0x000002736ca56ad0 JavaThread "ForkJoinPool-1-worker-9"    daemon [_thread_blocked, id=10788, stack(0x000000e997000000,0x000000e997100000) (1024K)]
  0x000002736ca55b30 JavaThread "ForkJoinPool-1-worker-10"   daemon [_thread_blocked, id=3092, stack(0x000000e997100000,0x000000e997200000) (1024K)]
  0x000002736ca57a70 JavaThread "ForkJoinPool-1-worker-11"   daemon [_thread_blocked, id=29692, stack(0x000000e997200000,0x000000e997300000) (1024K)]
  0x000002736ca58240 JavaThread "ForkJoinPool-1-worker-12"   daemon [_thread_in_native, id=12016, stack(0x000000e997300000,0x000000e997400000) (1024K)]
  0x000002736ca5c0c0 JavaThread "ForkJoinPool-1-worker-13"   daemon [_thread_blocked, id=35688, stack(0x000000e997400000,0x000000e997500000) (1024K)]
  0x000002736ca5a180 JavaThread "ForkJoinPool-1-worker-14"   daemon [_thread_blocked, id=26600, stack(0x000000e997500000,0x000000e997600000) (1024K)]
  0x000002736ca5a950 JavaThread "ForkJoinPool-1-worker-15"   daemon [_thread_blocked, id=22996, stack(0x000000e997600000,0x000000e997700000) (1024K)]
  0x000002736ca5b8f0 JavaThread "ForkJoinPool-1-worker-16"   daemon [_thread_blocked, id=3688, stack(0x000000e997700000,0x000000e997800000) (1024K)]
Total: 92

Other Threads:
  0x00000273618bdf90 VMThread "VM Thread"                           [id=5892, stack(0x000000e990e00000,0x000000e990f00000) (1024K)]
  0x00000273618958e0 WatcherThread "VM Periodic Task Thread"        [id=36240, stack(0x000000e990d00000,0x000000e990e00000) (1024K)]
  0x0000027349699170 WorkerThread "GC Thread#0"                     [id=23864, stack(0x000000e990800000,0x000000e990900000) (1024K)]
  0x00000273674ae870 WorkerThread "GC Thread#1"                     [id=33132, stack(0x000000e991b00000,0x000000e991c00000) (1024K)]
  0x00000273673dc770 WorkerThread "GC Thread#2"                     [id=20060, stack(0x000000e991c00000,0x000000e991d00000) (1024K)]
  0x00000273673dcba0 WorkerThread "GC Thread#3"                     [id=32140, stack(0x000000e991d00000,0x000000e991e00000) (1024K)]
  0x00000273673dcfd0 WorkerThread "GC Thread#4"                     [id=27992, stack(0x000000e991e00000,0x000000e991f00000) (1024K)]
  0x00000273673dff70 WorkerThread "GC Thread#5"                     [id=35128, stack(0x000000e991f00000,0x000000e992000000) (1024K)]
  0x00000273673de9e0 WorkerThread "GC Thread#6"                     [id=22056, stack(0x000000e992500000,0x000000e992600000) (1024K)]
  0x00000273673de590 WorkerThread "GC Thread#7"                     [id=28288, stack(0x000000e992600000,0x000000e992700000) (1024K)]
  0x00000273673dfb20 WorkerThread "GC Thread#8"                     [id=10356, stack(0x000000e992700000,0x000000e992800000) (1024K)]
  0x00000273673e03c0 WorkerThread "GC Thread#9"                     [id=7272, stack(0x000000e992800000,0x000000e992900000) (1024K)]
  0x00000273673e0810 WorkerThread "GC Thread#10"                    [id=25964, stack(0x000000e992900000,0x000000e992a00000) (1024K)]
  0x0000027367a8b220 WorkerThread "GC Thread#11"                    [id=33652, stack(0x000000e992a00000,0x000000e992b00000) (1024K)]
  0x0000027367a8cc00 WorkerThread "GC Thread#12"                    [id=31136, stack(0x000000e992b00000,0x000000e992c00000) (1024K)]
  0x00000273496b2a50 ConcurrentGCThread "G1 Main Marker"            [id=27988, stack(0x000000e990900000,0x000000e990a00000) (1024K)]
  0x00000273496b6340 WorkerThread "G1 Conc#0"                       [id=32904, stack(0x000000e990a00000,0x000000e990b00000) (1024K)]
  0x0000027367a8bac0 WorkerThread "G1 Conc#1"                       [id=28088, stack(0x000000e992c00000,0x000000e992d00000) (1024K)]
  0x0000027367a8a0e0 WorkerThread "G1 Conc#2"                       [id=22812, stack(0x000000e992d00000,0x000000e992e00000) (1024K)]
  0x00000273496fe100 ConcurrentGCThread "G1 Refine#0"               [id=10904, stack(0x000000e990b00000,0x000000e990c00000) (1024K)]
  0x00000273496fe710 ConcurrentGCThread "G1 Service"                [id=15476, stack(0x000000e990c00000,0x000000e990d00000) (1024K)]
Total: 21

Threads with active compile tasks:
C2 CompilerThread0  18819 9833       4       com.google.common.collect.ImmutableSortedMap::get (27 bytes)
C2 CompilerThread1  18819 7614   !   4       sun.reflect.annotation.AnnotationParser::parseAnnotations (37 bytes)
Total: 2

VM state: not at safepoint (normal execution)

VM Mutex/Monitor currently owned by a thread: None

Heap address: 0x0000000080000000, size: 2048 MB, Compressed Oops mode: 32-bit

CDS archive(s) not mapped
Compressed class space mapped at: 0x0000000018000000-0x0000000058000000, reserved size: 1073741824
UseCompressedClassPointers 1, UseCompactObjectHeaders 0
Narrow klass pointer bits 32, Max shift 3
Narrow klass base: 0x0000000000000000, Narrow klass shift: 0
Encoding Range: [0x0000000000000000 - 0x0000000100000000), (4294967296 bytes)
Klass Range:    [0x0000000018000000 - 0x0000000058000000), (1073741824 bytes)
Klass ID Range:  [402653184 - 1476395001) (1073741817)
No protection zone.

GC Precious Log:
 CardTable entry size: 512
 Card Set container configuration: InlinePtr #cards 5 size 8 Array Of Cards #cards 10 size 36 Howl #buckets 4 coarsen threshold 1843 Howl Bitmap #cards 512 size 80 coarsen threshold 460 Card regions per heap region 1 cards per card region 2048
 CPUs: 16 total, 16 available
 Memory: 5981M
 Large Page Support: Disabled
 NUMA Support: Disabled
 Compressed Oops: Enabled (32-bit)
 Heap Region Size: 1M
 Heap Min Capacity: 8M
 Heap Initial Capacity: 94M
 Heap Max Capacity: 2G
 Pre-touch: Disabled
 Parallel Workers: 13
 Concurrent Workers: 3
 Concurrent Refinement Workers: 13
 Periodic GC: Disabled

Heap:
 garbage-first heap   total reserved 2097152K, committed 182272K, used 134396K [0x0000000080000000, 0x0000000100000000)
  region size 1024K, 54 young (55296K), 7 survivors (7168K)

Heap Regions: E=young(eden), S=young(survivor), O=old, HS=humongous(starts), HC=humongous(continues), CS=collection set, F=free, TAMS=top-at-mark-start, PB=parsable bottom
|   0|0x0000000080000000, 0x0000000080100000, 0x0000000080100000|100%|HS|  |TAMS 0x0000000080000000| PB 0x0000000080000000| Complete |  0
|   1|0x0000000080100000, 0x0000000080200000, 0x0000000080200000|100%|HC|  |TAMS 0x0000000080100000| PB 0x0000000080100000| Complete |  0
|   2|0x0000000080200000, 0x0000000080300000, 0x0000000080300000|100%|HC|  |TAMS 0x0000000080200000| PB 0x0000000080200000| Complete |  0
|   3|0x0000000080300000, 0x0000000080400000, 0x0000000080400000|100%|HC|  |TAMS 0x0000000080300000| PB 0x0000000080300000| Complete |  0
|   4|0x0000000080400000, 0x0000000080500000, 0x0000000080500000|100%| O|  |TAMS 0x0000000080400000| PB 0x0000000080400000| Untracked |  0
|   5|0x0000000080500000, 0x0000000080600000, 0x0000000080600000|100%| O|  |TAMS 0x0000000080500000| PB 0x0000000080500000| Untracked |  0
|   6|0x0000000080600000, 0x0000000080700000, 0x0000000080700000|100%| O|  |TAMS 0x0000000080600000| PB 0x0000000080600000| Untracked |  0
|   7|0x0000000080700000, 0x0000000080800000, 0x0000000080800000|100%|HS|  |TAMS 0x0000000080700000| PB 0x0000000080700000| Complete |  0
|   8|0x0000000080800000, 0x0000000080900000, 0x0000000080900000|100%| O|  |TAMS 0x0000000080800000| PB 0x0000000080800000| Untracked |  0
|   9|0x0000000080900000, 0x0000000080a00000, 0x0000000080a00000|100%| O|  |TAMS 0x0000000080900000| PB 0x0000000080900000| Untracked |  0
|  10|0x0000000080a00000, 0x0000000080b00000, 0x0000000080b00000|100%| O|  |TAMS 0x0000000080a00000| PB 0x0000000080a00000| Untracked |  0
|  11|0x0000000080b00000, 0x0000000080c00000, 0x0000000080c00000|100%| O|  |TAMS 0x0000000080b00000| PB 0x0000000080b00000| Untracked |  0
|  12|0x0000000080c00000, 0x0000000080d00000, 0x0000000080d00000|100%| O|  |TAMS 0x0000000080c00000| PB 0x0000000080c00000| Untracked |  0
|  13|0x0000000080d00000, 0x0000000080e00000, 0x0000000080e00000|100%| O|  |TAMS 0x0000000080d00000| PB 0x0000000080d00000| Untracked |  0
|  14|0x0000000080e00000, 0x0000000080f00000, 0x0000000080f00000|100%| O|  |TAMS 0x0000000080e00000| PB 0x0000000080e00000| Untracked |  0
|  15|0x0000000080f00000, 0x0000000081000000, 0x0000000081000000|100%| O|  |TAMS 0x0000000080f00000| PB 0x0000000080f00000| Untracked |  0
|  16|0x0000000081000000, 0x0000000081100000, 0x0000000081100000|100%| O|  |TAMS 0x0000000081000000| PB 0x0000000081000000| Untracked |  0
|  17|0x0000000081100000, 0x0000000081200000, 0x0000000081200000|100%|HS|  |TAMS 0x0000000081100000| PB 0x0000000081100000| Complete |  0
|  18|0x0000000081200000, 0x0000000081300000, 0x0000000081300000|100%| O|  |TAMS 0x0000000081200000| PB 0x0000000081200000| Untracked |  0
|  19|0x0000000081300000, 0x0000000081400000, 0x0000000081400000|100%| O|  |TAMS 0x0000000081300000| PB 0x0000000081300000| Untracked |  0
|  20|0x0000000081400000, 0x0000000081500000, 0x0000000081500000|100%| O|  |TAMS 0x0000000081400000| PB 0x0000000081400000| Untracked |  0
|  21|0x0000000081500000, 0x0000000081600000, 0x0000000081600000|100%| O|  |TAMS 0x0000000081500000| PB 0x0000000081500000| Untracked |  0
|  22|0x0000000081600000, 0x0000000081700000, 0x0000000081700000|100%| O|  |TAMS 0x0000000081600000| PB 0x0000000081600000| Untracked |  0
|  23|0x0000000081700000, 0x0000000081800000, 0x0000000081800000|100%| O|  |TAMS 0x0000000081700000| PB 0x0000000081700000| Untracked |  0
|  24|0x0000000081800000, 0x0000000081900000, 0x0000000081900000|100%| O|  |TAMS 0x0000000081800000| PB 0x0000000081800000| Untracked |  0
|  25|0x0000000081900000, 0x0000000081a00000, 0x0000000081a00000|100%|HS|  |TAMS 0x0000000081900000| PB 0x0000000081900000| Complete |  0
|  26|0x0000000081a00000, 0x0000000081b00000, 0x0000000081b00000|100%| O|  |TAMS 0x0000000081a00000| PB 0x0000000081a00000| Untracked |  0
|  27|0x0000000081b00000, 0x0000000081c00000, 0x0000000081c00000|100%| O|  |TAMS 0x0000000081b00000| PB 0x0000000081b00000| Untracked |  0
|  28|0x0000000081c00000, 0x0000000081d00000, 0x0000000081d00000|100%|HS|  |TAMS 0x0000000081c00000| PB 0x0000000081c00000| Complete |  0
|  29|0x0000000081d00000, 0x0000000081e00000, 0x0000000081e00000|100%|HS|  |TAMS 0x0000000081d00000| PB 0x0000000081d00000| Complete |  0
|  30|0x0000000081e00000, 0x0000000081f00000, 0x0000000081f00000|100%|HC|  |TAMS 0x0000000081e00000| PB 0x0000000081e00000| Complete |  0
|  31|0x0000000081f00000, 0x0000000082000000, 0x0000000082000000|100%|HS|  |TAMS 0x0000000081f00000| PB 0x0000000081f00000| Complete |  0
|  32|0x0000000082000000, 0x0000000082100000, 0x0000000082100000|100%|HS|  |TAMS 0x0000000082000000| PB 0x0000000082000000| Complete |  0
|  33|0x0000000082100000, 0x0000000082200000, 0x0000000082200000|100%|HS|  |TAMS 0x0000000082100000| PB 0x0000000082100000| Complete |  0
|  34|0x0000000082200000, 0x0000000082300000, 0x0000000082300000|100%|HC|  |TAMS 0x0000000082200000| PB 0x0000000082200000| Complete |  0
|  35|0x0000000082300000, 0x0000000082400000, 0x0000000082400000|100%| O|  |TAMS 0x0000000082300000| PB 0x0000000082300000| Untracked |  0
|  36|0x0000000082400000, 0x0000000082500000, 0x0000000082500000|100%| O|  |TAMS 0x0000000082400000| PB 0x0000000082400000| Untracked |  0
|  37|0x0000000082500000, 0x0000000082600000, 0x0000000082600000|100%| O|  |TAMS 0x0000000082500000| PB 0x0000000082500000| Untracked |  0
|  38|0x0000000082600000, 0x0000000082671790, 0x0000000082700000| 44%| O|  |TAMS 0x0000000082600000| PB 0x0000000082600000| Untracked |  0
|  39|0x0000000082700000, 0x0000000082800000, 0x0000000082800000|100%| O|  |TAMS 0x0000000082700000| PB 0x0000000082700000| Untracked |  0
|  40|0x0000000082800000, 0x0000000082900000, 0x0000000082900000|100%| O|  |TAMS 0x0000000082800000| PB 0x0000000082800000| Untracked |  0
|  41|0x0000000082900000, 0x0000000082900000, 0x0000000082a00000|  0%| F|  |TAMS 0x0000000082900000| PB 0x0000000082900000| Untracked |  0
|  42|0x0000000082a00000, 0x0000000082b00000, 0x0000000082b00000|100%| O|  |TAMS 0x0000000082a00000| PB 0x0000000082a00000| Untracked |  0
|  43|0x0000000082b00000, 0x0000000082c00000, 0x0000000082c00000|100%| O|  |TAMS 0x0000000082b00000| PB 0x0000000082b00000| Untracked |  0
|  44|0x0000000082c00000, 0x0000000082d00000, 0x0000000082d00000|100%| O|  |TAMS 0x0000000082c00000| PB 0x0000000082c00000| Untracked |  0
|  45|0x0000000082d00000, 0x0000000082e00000, 0x0000000082e00000|100%| O|  |TAMS 0x0000000082d00000| PB 0x0000000082d00000| Untracked |  0
|  46|0x0000000082e00000, 0x0000000082f00000, 0x0000000082f00000|100%| O|  |TAMS 0x0000000082e00000| PB 0x0000000082e00000| Untracked |  0
|  47|0x0000000082f00000, 0x0000000083000000, 0x0000000083000000|100%| O|  |TAMS 0x0000000082f00000| PB 0x0000000082f00000| Untracked |  0
|  48|0x0000000083000000, 0x0000000083100000, 0x0000000083100000|100%|HS|  |TAMS 0x0000000083000000| PB 0x0000000083000000| Complete |  0
|  49|0x0000000083100000, 0x0000000083200000, 0x0000000083200000|100%|HS|  |TAMS 0x0000000083100000| PB 0x0000000083100000| Complete |  0
|  50|0x0000000083200000, 0x0000000083300000, 0x0000000083300000|100%| O|  |TAMS 0x0000000083200000| PB 0x0000000083200000| Untracked |  0
|  51|0x0000000083300000, 0x0000000083400000, 0x0000000083400000|100%| O|  |TAMS 0x0000000083300000| PB 0x0000000083300000| Untracked |  0
|  52|0x0000000083400000, 0x0000000083500000, 0x0000000083500000|100%|HS|  |TAMS 0x0000000083400000| PB 0x0000000083400000| Complete |  0
|  53|0x0000000083500000, 0x0000000083600000, 0x0000000083600000|100%| O|  |TAMS 0x0000000083500000| PB 0x0000000083500000| Untracked |  0
|  54|0x0000000083600000, 0x0000000083700000, 0x0000000083700000|100%| O|  |TAMS 0x0000000083600000| PB 0x0000000083600000| Untracked |  0
|  55|0x0000000083700000, 0x0000000083800000, 0x0000000083800000|100%| O|Cm|TAMS 0x0000000083700000| PB 0x0000000083700000| Complete |  0
|  56|0x0000000083800000, 0x0000000083900000, 0x0000000083900000|100%| O|  |TAMS 0x0000000083800000| PB 0x0000000083800000| Untracked |  0
|  57|0x0000000083900000, 0x0000000083a00000, 0x0000000083a00000|100%| O|  |TAMS 0x0000000083900000| PB 0x0000000083900000| Untracked |  0
|  58|0x0000000083a00000, 0x0000000083b00000, 0x0000000083b00000|100%| O|  |TAMS 0x0000000083a00000| PB 0x0000000083a00000| Untracked |  0
|  59|0x0000000083b00000, 0x0000000083c00000, 0x0000000083c00000|100%| O|  |TAMS 0x0000000083b00000| PB 0x0000000083b00000| Untracked |  0
|  60|0x0000000083c00000, 0x0000000083d00000, 0x0000000083d00000|100%| O|  |TAMS 0x0000000083c00000| PB 0x0000000083c00000| Untracked |  0
|  61|0x0000000083d00000, 0x0000000083e00000, 0x0000000083e00000|100%| O|  |TAMS 0x0000000083d00000| PB 0x0000000083d00000| Untracked |  0
|  62|0x0000000083e00000, 0x0000000083f00000, 0x0000000083f00000|100%| O|  |TAMS 0x0000000083e00000| PB 0x0000000083e00000| Untracked |  0
|  63|0x0000000083f00000, 0x0000000084000000, 0x0000000084000000|100%| O|  |TAMS 0x0000000083f00000| PB 0x0000000083f00000| Untracked |  0
|  64|0x0000000084000000, 0x0000000084100000, 0x0000000084100000|100%| O|  |TAMS 0x0000000084000000| PB 0x0000000084000000| Untracked |  0
|  65|0x0000000084100000, 0x0000000084200000, 0x0000000084200000|100%| O|  |TAMS 0x0000000084100000| PB 0x0000000084100000| Untracked |  0
|  66|0x0000000084200000, 0x0000000084300000, 0x0000000084300000|100%| O|  |TAMS 0x0000000084200000| PB 0x0000000084200000| Untracked |  0
|  67|0x0000000084300000, 0x0000000084400000, 0x0000000084400000|100%| O|  |TAMS 0x0000000084300000| PB 0x0000000084300000| Untracked |  0
|  68|0x0000000084400000, 0x0000000084500000, 0x0000000084500000|100%| O|  |TAMS 0x0000000084400000| PB 0x0000000084400000| Untracked |  0
|  69|0x0000000084500000, 0x0000000084600000, 0x0000000084600000|100%| O|Cm|TAMS 0x0000000084500000| PB 0x0000000084500000| Complete |  0
|  70|0x0000000084600000, 0x0000000084700000, 0x0000000084700000|100%|HS|  |TAMS 0x0000000084600000| PB 0x0000000084600000| Complete |  0
|  71|0x0000000084700000, 0x0000000084800000, 0x0000000084800000|100%|HC|  |TAMS 0x0000000084700000| PB 0x0000000084700000| Complete |  0
|  72|0x0000000084800000, 0x0000000084900000, 0x0000000084900000|100%| O|  |TAMS 0x0000000084800000| PB 0x0000000084800000| Untracked |  0
|  73|0x0000000084900000, 0x0000000084a00000, 0x0000000084a00000|100%| O|  |TAMS 0x0000000084900000| PB 0x0000000084900000| Untracked |  0
|  74|0x0000000084a00000, 0x0000000084b00000, 0x0000000084b00000|100%| O|  |TAMS 0x0000000084a00000| PB 0x0000000084a00000| Untracked |  0
|  75|0x0000000084b00000, 0x0000000084c00000, 0x0000000084c00000|100%| O|Cm|TAMS 0x0000000084b00000| PB 0x0000000084b00000| Complete |  0
|  76|0x0000000084c00000, 0x0000000084d00000, 0x0000000084d00000|100%| O|  |TAMS 0x0000000084c00000| PB 0x0000000084c00000| Untracked |  0
|  77|0x0000000084d00000, 0x0000000084e00000, 0x0000000084e00000|100%| O|  |TAMS 0x0000000084d00000| PB 0x0000000084d00000| Untracked |  0
|  78|0x0000000084e00000, 0x0000000084f00000, 0x0000000084f00000|100%| O|  |TAMS 0x0000000084e00000| PB 0x0000000084e00000| Untracked |  0
|  79|0x0000000084f00000, 0x0000000085000000, 0x0000000085000000|100%| O|  |TAMS 0x0000000084f00000| PB 0x0000000084f00000| Untracked |  0
|  80|0x0000000085000000, 0x0000000085000000, 0x0000000085100000|  0%| F|  |TAMS 0x0000000085000000| PB 0x0000000085000000| Untracked |  0
|  81|0x0000000085100000, 0x0000000085100000, 0x0000000085200000|  0%| F|  |TAMS 0x0000000085100000| PB 0x0000000085100000| Untracked |  0
|  82|0x0000000085200000, 0x0000000085200000, 0x0000000085300000|  0%| F|  |TAMS 0x0000000085200000| PB 0x0000000085200000| Untracked |  0
|  83|0x0000000085300000, 0x0000000085300000, 0x0000000085400000|  0%| F|  |TAMS 0x0000000085300000| PB 0x0000000085300000| Untracked |  0
|  84|0x0000000085400000, 0x0000000085400000, 0x0000000085500000|  0%| F|  |TAMS 0x0000000085400000| PB 0x0000000085400000| Untracked |  0
|  85|0x0000000085500000, 0x0000000085500000, 0x0000000085600000|  0%| F|  |TAMS 0x0000000085500000| PB 0x0000000085500000| Untracked |  0
|  86|0x0000000085600000, 0x0000000085600000, 0x0000000085700000|  0%| F|  |TAMS 0x0000000085600000| PB 0x0000000085600000| Untracked |  0
|  87|0x0000000085700000, 0x0000000085700000, 0x0000000085800000|  0%| F|  |TAMS 0x0000000085700000| PB 0x0000000085700000| Untracked |  0
|  88|0x0000000085800000, 0x0000000085800000, 0x0000000085900000|  0%| F|  |TAMS 0x0000000085800000| PB 0x0000000085800000| Untracked |  0
|  89|0x0000000085900000, 0x0000000085900000, 0x0000000085a00000|  0%| F|  |TAMS 0x0000000085900000| PB 0x0000000085900000| Untracked |  0
|  90|0x0000000085a00000, 0x0000000085a00000, 0x0000000085b00000|  0%| F|  |TAMS 0x0000000085a00000| PB 0x0000000085a00000| Untracked |  0
|  91|0x0000000085b00000, 0x0000000085b00000, 0x0000000085c00000|  0%| F|  |TAMS 0x0000000085b00000| PB 0x0000000085b00000| Untracked |  0
|  92|0x0000000085c00000, 0x0000000085c00000, 0x0000000085d00000|  0%| F|  |TAMS 0x0000000085c00000| PB 0x0000000085c00000| Untracked |  0
|  93|0x0000000085d00000, 0x0000000085d00000, 0x0000000085e00000|  0%| F|  |TAMS 0x0000000085d00000| PB 0x0000000085d00000| Untracked |  0
|  94|0x0000000085e00000, 0x0000000085e00000, 0x0000000085f00000|  0%| F|  |TAMS 0x0000000085e00000| PB 0x0000000085e00000| Untracked |  0
|  95|0x0000000085f00000, 0x0000000085fcd870, 0x0000000086000000| 80%| S|CS|TAMS 0x0000000085f00000| PB 0x0000000085f00000| Complete |  0
|  96|0x0000000086000000, 0x0000000086100000, 0x0000000086100000|100%| S|CS|TAMS 0x0000000086000000| PB 0x0000000086000000| Complete |  0
|  97|0x0000000086100000, 0x0000000086200000, 0x0000000086200000|100%| S|CS|TAMS 0x0000000086100000| PB 0x0000000086100000| Complete |  0
|  98|0x0000000086200000, 0x0000000086300000, 0x0000000086300000|100%| S|CS|TAMS 0x0000000086200000| PB 0x0000000086200000| Complete |  0
|  99|0x0000000086300000, 0x0000000086400000, 0x0000000086400000|100%| S|CS|TAMS 0x0000000086300000| PB 0x0000000086300000| Complete |  0
| 100|0x0000000086400000, 0x0000000086500000, 0x0000000086500000|100%| S|CS|TAMS 0x0000000086400000| PB 0x0000000086400000| Complete |  0
| 101|0x0000000086500000, 0x0000000086600000, 0x0000000086600000|100%| S|CS|TAMS 0x0000000086500000| PB 0x0000000086500000| Complete |  0
| 102|0x0000000086600000, 0x0000000086600000, 0x0000000086700000|  0%| F|  |TAMS 0x0000000086600000| PB 0x0000000086600000| Untracked |  0
| 103|0x0000000086700000, 0x0000000086700000, 0x0000000086800000|  0%| F|  |TAMS 0x0000000086700000| PB 0x0000000086700000| Untracked |  0
| 104|0x0000000086800000, 0x0000000086800000, 0x0000000086900000|  0%| F|  |TAMS 0x0000000086800000| PB 0x0000000086800000| Untracked |  0
| 105|0x0000000086900000, 0x0000000086900000, 0x0000000086a00000|  0%| F|  |TAMS 0x0000000086900000| PB 0x0000000086900000| Untracked |  0
| 106|0x0000000086a00000, 0x0000000086a00000, 0x0000000086b00000|  0%| F|  |TAMS 0x0000000086a00000| PB 0x0000000086a00000| Untracked |  0
| 107|0x0000000086b00000, 0x0000000086b00000, 0x0000000086c00000|  0%| F|  |TAMS 0x0000000086b00000| PB 0x0000000086b00000| Untracked |  0
| 108|0x0000000086c00000, 0x0000000086c00000, 0x0000000086d00000|  0%| F|  |TAMS 0x0000000086c00000| PB 0x0000000086c00000| Untracked |  0
| 109|0x0000000086d00000, 0x0000000086d00000, 0x0000000086e00000|  0%| F|  |TAMS 0x0000000086d00000| PB 0x0000000086d00000| Untracked |  0
| 110|0x0000000086e00000, 0x0000000086e00000, 0x0000000086f00000|  0%| F|  |TAMS 0x0000000086e00000| PB 0x0000000086e00000| Untracked |  0
| 111|0x0000000086f00000, 0x0000000086f00000, 0x0000000087000000|  0%| F|  |TAMS 0x0000000086f00000| PB 0x0000000086f00000| Untracked |  0
| 112|0x0000000087000000, 0x0000000087000000, 0x0000000087100000|  0%| F|  |TAMS 0x0000000087000000| PB 0x0000000087000000| Untracked |  0
| 113|0x0000000087100000, 0x0000000087100000, 0x0000000087200000|  0%| F|  |TAMS 0x0000000087100000| PB 0x0000000087100000| Untracked |  0
| 114|0x0000000087200000, 0x0000000087200000, 0x0000000087300000|  0%| F|  |TAMS 0x0000000087200000| PB 0x0000000087200000| Untracked |  0
| 115|0x0000000087300000, 0x0000000087300000, 0x0000000087400000|  0%| F|  |TAMS 0x0000000087300000| PB 0x0000000087300000| Untracked |  0
| 116|0x0000000087400000, 0x0000000087400000, 0x0000000087500000|  0%| F|  |TAMS 0x0000000087400000| PB 0x0000000087400000| Untracked |  0
| 117|0x0000000087500000, 0x0000000087500000, 0x0000000087600000|  0%| F|  |TAMS 0x0000000087500000| PB 0x0000000087500000| Untracked |  0
| 118|0x0000000087600000, 0x0000000087600000, 0x0000000087700000|  0%| F|  |TAMS 0x0000000087600000| PB 0x0000000087600000| Untracked |  0
| 119|0x0000000087700000, 0x0000000087700000, 0x0000000087800000|  0%| F|  |TAMS 0x0000000087700000| PB 0x0000000087700000| Untracked |  0
| 120|0x0000000087800000, 0x0000000087800000, 0x0000000087900000|  0%| F|  |TAMS 0x0000000087800000| PB 0x0000000087800000| Untracked |  0
| 121|0x0000000087900000, 0x0000000087900000, 0x0000000087a00000|  0%| F|  |TAMS 0x0000000087900000| PB 0x0000000087900000| Untracked |  0
| 122|0x0000000087a00000, 0x0000000087a00000, 0x0000000087b00000|  0%| F|  |TAMS 0x0000000087a00000| PB 0x0000000087a00000| Untracked |  0
| 123|0x0000000087b00000, 0x0000000087b00000, 0x0000000087c00000|  0%| F|  |TAMS 0x0000000087b00000| PB 0x0000000087b00000| Untracked |  0
| 124|0x0000000087c00000, 0x0000000087c00000, 0x0000000087d00000|  0%| F|  |TAMS 0x0000000087c00000| PB 0x0000000087c00000| Untracked |  0
| 125|0x0000000087d00000, 0x0000000087d00000, 0x0000000087e00000|  0%| F|  |TAMS 0x0000000087d00000| PB 0x0000000087d00000| Untracked |  0
| 126|0x0000000087e00000, 0x0000000087e00000, 0x0000000087f00000|  0%| F|  |TAMS 0x0000000087e00000| PB 0x0000000087e00000| Untracked |  0
| 127|0x0000000087f00000, 0x0000000087f00000, 0x0000000088000000|  0%| F|  |TAMS 0x0000000087f00000| PB 0x0000000087f00000| Untracked |  0
| 128|0x0000000088000000, 0x000000008806f990, 0x0000000088100000| 43%| E|  |TAMS 0x0000000088000000| PB 0x0000000088000000| Complete |  0
| 129|0x0000000088100000, 0x0000000088200000, 0x0000000088200000|100%| E|CS|TAMS 0x0000000088100000| PB 0x0000000088100000| Complete |  0
| 130|0x0000000088200000, 0x0000000088300000, 0x0000000088300000|100%| E|CS|TAMS 0x0000000088200000| PB 0x0000000088200000| Complete |  0
| 131|0x0000000088300000, 0x0000000088400000, 0x0000000088400000|100%| E|CS|TAMS 0x0000000088300000| PB 0x0000000088300000| Complete |  0
| 132|0x0000000088400000, 0x0000000088500000, 0x0000000088500000|100%| E|CS|TAMS 0x0000000088400000| PB 0x0000000088400000| Complete |  0
| 133|0x0000000088500000, 0x0000000088600000, 0x0000000088600000|100%| E|CS|TAMS 0x0000000088500000| PB 0x0000000088500000| Complete |  0
| 134|0x0000000088600000, 0x0000000088700000, 0x0000000088700000|100%| E|CS|TAMS 0x0000000088600000| PB 0x0000000088600000| Complete |  0
| 135|0x0000000088700000, 0x0000000088800000, 0x0000000088800000|100%| E|CS|TAMS 0x0000000088700000| PB 0x0000000088700000| Complete |  0
| 136|0x0000000088800000, 0x0000000088900000, 0x0000000088900000|100%| E|CS|TAMS 0x0000000088800000| PB 0x0000000088800000| Complete |  0
| 137|0x0000000088900000, 0x0000000088a00000, 0x0000000088a00000|100%| E|CS|TAMS 0x0000000088900000| PB 0x0000000088900000| Complete |  0
| 138|0x0000000088a00000, 0x0000000088b00000, 0x0000000088b00000|100%| E|CS|TAMS 0x0000000088a00000| PB 0x0000000088a00000| Complete |  0
| 139|0x0000000088b00000, 0x0000000088c00000, 0x0000000088c00000|100%| E|CS|TAMS 0x0000000088b00000| PB 0x0000000088b00000| Complete |  0
| 140|0x0000000088c00000, 0x0000000088d00000, 0x0000000088d00000|100%| E|CS|TAMS 0x0000000088c00000| PB 0x0000000088c00000| Complete |  0
| 141|0x0000000088d00000, 0x0000000088e00000, 0x0000000088e00000|100%| E|CS|TAMS 0x0000000088d00000| PB 0x0000000088d00000| Complete |  0
| 142|0x0000000088e00000, 0x0000000088f00000, 0x0000000088f00000|100%| E|CS|TAMS 0x0000000088e00000| PB 0x0000000088e00000| Complete |  0
| 143|0x0000000088f00000, 0x0000000089000000, 0x0000000089000000|100%| E|CS|TAMS 0x0000000088f00000| PB 0x0000000088f00000| Complete |  0
| 144|0x0000000089000000, 0x0000000089100000, 0x0000000089100000|100%| E|CS|TAMS 0x0000000089000000| PB 0x0000000089000000| Complete |  0
| 145|0x0000000089100000, 0x0000000089200000, 0x0000000089200000|100%| E|CS|TAMS 0x0000000089100000| PB 0x0000000089100000| Complete |  0
| 146|0x0000000089200000, 0x0000000089300000, 0x0000000089300000|100%| E|CS|TAMS 0x0000000089200000| PB 0x0000000089200000| Complete |  0
| 147|0x0000000089300000, 0x0000000089400000, 0x0000000089400000|100%| E|CS|TAMS 0x0000000089300000| PB 0x0000000089300000| Complete |  0
| 148|0x0000000089400000, 0x0000000089500000, 0x0000000089500000|100%| E|CS|TAMS 0x0000000089400000| PB 0x0000000089400000| Complete |  0
| 149|0x0000000089500000, 0x0000000089600000, 0x0000000089600000|100%| E|CS|TAMS 0x0000000089500000| PB 0x0000000089500000| Complete |  0
| 150|0x0000000089600000, 0x0000000089700000, 0x0000000089700000|100%| E|CS|TAMS 0x0000000089600000| PB 0x0000000089600000| Complete |  0
| 151|0x0000000089700000, 0x0000000089800000, 0x0000000089800000|100%| E|CS|TAMS 0x0000000089700000| PB 0x0000000089700000| Complete |  0
| 152|0x0000000089800000, 0x0000000089900000, 0x0000000089900000|100%| E|CS|TAMS 0x0000000089800000| PB 0x0000000089800000| Complete |  0
| 153|0x0000000089900000, 0x0000000089a00000, 0x0000000089a00000|100%| E|  |TAMS 0x0000000089900000| PB 0x0000000089900000| Complete |  0
| 154|0x0000000089a00000, 0x0000000089b00000, 0x0000000089b00000|100%| E|CS|TAMS 0x0000000089a00000| PB 0x0000000089a00000| Complete |  0
| 155|0x0000000089b00000, 0x0000000089c00000, 0x0000000089c00000|100%| E|CS|TAMS 0x0000000089b00000| PB 0x0000000089b00000| Complete |  0
| 156|0x0000000089c00000, 0x0000000089d00000, 0x0000000089d00000|100%| E|CS|TAMS 0x0000000089c00000| PB 0x0000000089c00000| Complete |  0
| 157|0x0000000089d00000, 0x0000000089e00000, 0x0000000089e00000|100%| E|CS|TAMS 0x0000000089d00000| PB 0x0000000089d00000| Complete |  0
| 158|0x0000000089e00000, 0x0000000089f00000, 0x0000000089f00000|100%| E|CS|TAMS 0x0000000089e00000| PB 0x0000000089e00000| Complete |  0
| 159|0x0000000089f00000, 0x000000008a000000, 0x000000008a000000|100%| E|CS|TAMS 0x0000000089f00000| PB 0x0000000089f00000| Complete |  0
| 160|0x000000008a000000, 0x000000008a100000, 0x000000008a100000|100%| E|CS|TAMS 0x000000008a000000| PB 0x000000008a000000| Complete |  0
| 161|0x000000008a100000, 0x000000008a200000, 0x000000008a200000|100%| E|CS|TAMS 0x000000008a100000| PB 0x000000008a100000| Complete |  1
| 162|0x000000008a200000, 0x000000008a300000, 0x000000008a300000|100%| E|CS|TAMS 0x000000008a200000| PB 0x000000008a200000| Complete |  0
| 163|0x000000008a300000, 0x000000008a400000, 0x000000008a400000|100%| E|CS|TAMS 0x000000008a300000| PB 0x000000008a300000| Complete |  0
| 164|0x000000008a400000, 0x000000008a500000, 0x000000008a500000|100%| E|CS|TAMS 0x000000008a400000| PB 0x000000008a400000| Complete |  0
| 165|0x000000008a500000, 0x000000008a600000, 0x000000008a600000|100%| E|CS|TAMS 0x000000008a500000| PB 0x000000008a500000| Complete |  0
| 166|0x000000008a600000, 0x000000008a700000, 0x000000008a700000|100%| E|CS|TAMS 0x000000008a600000| PB 0x000000008a600000| Complete |  0
| 167|0x000000008a700000, 0x000000008a800000, 0x000000008a800000|100%| E|CS|TAMS 0x000000008a700000| PB 0x000000008a700000| Complete |  0
| 168|0x000000008a800000, 0x000000008a900000, 0x000000008a900000|100%| E|CS|TAMS 0x000000008a800000| PB 0x000000008a800000| Complete |  0
| 169|0x000000008a900000, 0x000000008aa00000, 0x000000008aa00000|100%| E|CS|TAMS 0x000000008a900000| PB 0x000000008a900000| Complete |  0
| 170|0x000000008aa00000, 0x000000008ab00000, 0x000000008ab00000|100%| E|CS|TAMS 0x000000008aa00000| PB 0x000000008aa00000| Complete |  0
| 171|0x000000008ab00000, 0x000000008ac00000, 0x000000008ac00000|100%| E|CS|TAMS 0x000000008ab00000| PB 0x000000008ab00000| Complete |  0
| 172|0x000000008ac00000, 0x000000008ad00000, 0x000000008ad00000|100%| E|CS|TAMS 0x000000008ac00000| PB 0x000000008ac00000| Complete |  0
| 173|0x000000008ad00000, 0x000000008ae00000, 0x000000008ae00000|100%| E|CS|TAMS 0x000000008ad00000| PB 0x000000008ad00000| Complete |  0
| 174|0x000000008ae00000, 0x000000008af00000, 0x000000008af00000|100%| E|CS|TAMS 0x000000008ae00000| PB 0x000000008ae00000| Complete |  0
| 175|0x000000008af00000, 0x000000008b000000, 0x000000008b000000|100%| E|CS|TAMS 0x000000008af00000| PB 0x000000008af00000| Complete |  0
|2046|0x00000000ffe00000, 0x00000000fff00000, 0x00000000fff00000|100%| E|CS|TAMS 0x00000000ffe00000| PB 0x00000000ffe00000| Complete |  0
|2047|0x00000000fff00000, 0x0000000100000000, 0x0000000100000000|100%| O|  |TAMS 0x00000000fff00000| PB 0x00000000fff00000| Untracked |  0

Card table byte_map: [0x000002735c8c0000,0x000002735ccc0000] _byte_map_base: 0x000002735c4c0000

Marking Bits: (CMBitMap*) 0x000002734969a110
 Bits: [0x000002735ccc0000, 0x000002735ecc0000)

Polling page: 0x0000027348e00000

Metaspace:
Metaspace        used 85113K, committed 86784K, reserved 1179648K
 class space     used 12199K, committed 12992K, reserved 1048576K

Usage:
  Non-class:     71.21 MB used.
      Class:     11.91 MB used.
       Both:     83.12 MB used.

Virtual space:
  Non-class space:      128.00 MB reserved,      72.06 MB ( 56%) committed,  2 nodes.
      Class space:        1.00 GB reserved,      12.69 MB (  1%) committed,  1 nodes.
             Both:        1.12 GB reserved,      84.75 MB (  7%) committed. 

Chunk freelists:
   Non-Class:  7.11 MB
       Class:  3.17 MB
        Both:  10.28 MB

MaxMetaspaceSize: unlimited
CompressedClassSpaceSize: 1.00 GB
Initial GC threshold: 21.00 MB
Current GC threshold: 138.44 MB
CDS: off
 - commit_granule_bytes: 65536.
 - commit_granule_words: 8192.
 - virtual_space_node_default_size: 8388608.
 - enlarge_chunks_in_place: 1.
UseCompressedClassPointers 1, UseCompactObjectHeaders 0
Narrow klass pointer bits 32, Max shift 3
Narrow klass base: 0x0000000000000000, Narrow klass shift: 0
Encoding Range: [0x0000000000000000 - 0x0000000100000000), (4294967296 bytes)
Klass Range:    [0x0000000018000000 - 0x0000000058000000), (1073741824 bytes)
Klass ID Range:  [402653184 - 1476395001) (1073741817)
No protection zone.


Internal statistics:

num_allocs_failed_limit: 6.
num_arena_births: 3336.
num_arena_deaths: 12.
num_vsnodes_births: 3.
num_vsnodes_deaths: 0.
num_space_committed: 1355.
num_space_uncommitted: 0.
num_chunks_returned_to_freelist: 21.
num_chunks_taken_from_freelist: 6730.
num_chunk_merges: 9.
num_chunk_splits: 4381.
num_chunks_enlarged: 2725.
num_inconsistent_stats: 0.

CodeHeap 'non-profiled nmethods': size=119232Kb used=3130Kb max_used=3130Kb free=116101Kb
 bounds [0x00000273546c0000, 0x00000273549d0000, 0x000002735bb30000]
CodeHeap 'profiled nmethods': size=119104Kb used=12788Kb max_used=12910Kb free=106315Kb
 bounds [0x000002734cb30000, 0x000002734d7d0000, 0x0000027353f80000]
CodeHeap 'non-nmethods': size=7424Kb used=3071Kb max_used=3186Kb free=4352Kb
 bounds [0x0000027353f80000, 0x00000273542c0000, 0x00000273546c0000]
CodeCache: size=245760Kb, used=18989Kb, max_used=19226Kb, free=226768Kb
 total_blobs=9318, nmethods=8507, adapters=711, full_count=0
Compilation: enabled, stopped_count=0, restarted_count=0

Compilation events (20 events):
Event: 18.468 Thread 0x0000027361934920 9818       2       org.gradle.internal.execution.steps.IdentityCacheStep::executeInCache (45 bytes)
Event: 18.468 Thread 0x0000027366995860 9820       2       java.lang.invoke.LambdaForm$Name::<init> (14 bytes)
Event: 18.469 Thread 0x0000027366995860 nmethod 9820 0x000002734d5c4088 code [0x000002734d5c4180, 0x000002734d5c4348]
Event: 18.470 Thread 0x0000027361934920 nmethod 9818 0x000002734d561f08 code [0x000002734d562000, 0x000002734d562860]
Event: 18.472 Thread 0x000002736619b9c0 9821       2       org.gradle.internal.Deferrable$1::applyAndRequireNonNull (15 bytes)
Event: 18.473 Thread 0x000002736619b9c0 nmethod 9821 0x000002734d5c3c08 code [0x000002734d5c3d00, 0x000002734d5c3ef8]
Event: 18.474 Thread 0x000002736619b9c0 9822       2       sun.invoke.util.BytecodeDescriptor::unparseSig (49 bytes)
Event: 18.474 Thread 0x000002736619b9c0 nmethod 9822 0x000002734cbd1d08 code [0x000002734cbd1e00, 0x000002734cbd2058]
Event: 18.476 Thread 0x0000027361933100 nmethod 9816 0x00000273547f6608 code [0x00000273547f6700, 0x00000273547f6e08]
Event: 18.476 Thread 0x0000027361933100 9681       4       java.util.stream.MatchOps$$Lambda/0x0000000018150088::get (12 bytes)
Event: 18.478 Thread 0x0000027361933100 nmethod 9681 0x00000273547f6308 code [0x00000273547f6400, 0x00000273547f6508]
Event: 18.478 Thread 0x0000027361933100 9807       4       java.lang.String::encode (48 bytes)
Event: 18.480 Thread 0x0000027366995860 9823       2       java.util.concurrent.CompletableFuture::postComplete (94 bytes)
Event: 18.480 Thread 0x0000027361934920 9824       2       org.gradle.internal.execution.steps.CachingResult::shortcutResult (33 bytes)
Event: 18.481 Thread 0x0000027366995860 nmethod 9823 0x000002734ce1b088 code [0x000002734ce1b180, 0x000002734ce1b588]
Event: 18.481 Thread 0x0000027361934920 nmethod 9824 0x000002734d1b1988 code [0x000002734d1b1a80, 0x000002734d1b1e70]
Event: 18.483 Thread 0x0000027361933100 nmethod 9807 0x00000273547f5e08 code [0x00000273547f5f00, 0x00000273547f6278]
Event: 18.483 Thread 0x0000027361933100 9806       4       java.lang.String::encodeUTF8 (141 bytes)
Event: 18.486 Thread 0x0000027361933100 nmethod 9806 0x00000273548d7e08 code [0x00000273548d7f00, 0x00000273548d8198]
Event: 18.486 Thread 0x0000027361933100 9658       4       java.util.concurrent.ConcurrentHashMap::remove (8 bytes)

GC Heap Usage History (20 events):
Event: 15.059 {heap Before GC invocations=22 (full 0):
 garbage-first heap   total reserved 2097152K, committed 97280K, used 89287K [0x0000000080000000, 0x0000000100000000)
  region size 1024K, 32 young (32768K), 4 survivors (4096K)
}
Event: 15.065 {heap After GC invocations=23 (full 0):
 garbage-first heap   total reserved 2097152K, committed 97280K, used 62921K [0x0000000080000000, 0x0000000100000000)
  region size 1024K, 3 young (3072K), 3 survivors (3072K)
}
Event: 15.433 {heap Before GC invocations=24 (full 0):
 garbage-first heap   total reserved 2097152K, committed 107520K, used 89545K [0x0000000080000000, 0x0000000100000000)
  region size 1024K, 29 young (29696K), 3 survivors (3072K)
}
Event: 15.439 {heap After GC invocations=25 (full 0):
 garbage-first heap   total reserved 2097152K, committed 107520K, used 65347K [0x0000000080000000, 0x0000000100000000)
  region size 1024K, 3 young (3072K), 3 survivors (3072K)
}
Event: 15.923 {heap Before GC invocations=25 (full 0):
 garbage-first heap   total reserved 2097152K, committed 107520K, used 97091K [0x0000000080000000, 0x0000000100000000)
  region size 1024K, 35 young (35840K), 3 survivors (3072K)
}
Event: 15.930 {heap After GC invocations=26 (full 0):
 garbage-first heap   total reserved 2097152K, committed 107520K, used 67132K [0x0000000080000000, 0x0000000100000000)
  region size 1024K, 5 young (5120K), 5 survivors (5120K)
}
Event: 16.420 {heap Before GC invocations=26 (full 0):
 garbage-first heap   total reserved 2097152K, committed 107520K, used 97852K [0x0000000080000000, 0x0000000100000000)
  region size 1024K, 36 young (36864K), 5 survivors (5120K)
}
Event: 16.429 {heap After GC invocations=27 (full 0):
 garbage-first heap   total reserved 2097152K, committed 129024K, used 69685K [0x0000000080000000, 0x0000000100000000)
  region size 1024K, 5 young (5120K), 5 survivors (5120K)
}
Event: 16.942 {heap Before GC invocations=28 (full 0):
 garbage-first heap   total reserved 2097152K, committed 129024K, used 120885K [0x0000000080000000, 0x0000000100000000)
  region size 1024K, 51 young (52224K), 5 survivors (5120K)
}
Event: 16.950 {heap After GC invocations=29 (full 0):
 garbage-first heap   total reserved 2097152K, committed 132096K, used 74404K [0x0000000080000000, 0x0000000100000000)
  region size 1024K, 7 young (7168K), 7 survivors (7168K)
}
Event: 17.208 {heap Before GC invocations=29 (full 0):
 garbage-first heap   total reserved 2097152K, committed 132096K, used 118436K [0x0000000080000000, 0x0000000100000000)
  region size 1024K, 51 young (52224K), 7 survivors (7168K)
}
Event: 17.217 {heap After GC invocations=30 (full 0):
 garbage-first heap   total reserved 2097152K, committed 132096K, used 76545K [0x0000000080000000, 0x0000000100000000)
  region size 1024K, 5 young (5120K), 5 survivors (5120K)
}
Event: 17.246 {heap Before GC invocations=30 (full 0):
 garbage-first heap   total reserved 2097152K, committed 132096K, used 79617K [0x0000000080000000, 0x0000000100000000)
  region size 1024K, 10 young (10240K), 5 survivors (5120K)
}
Event: 17.252 {heap After GC invocations=31 (full 0):
 garbage-first heap   total reserved 2097152K, committed 132096K, used 77165K [0x0000000080000000, 0x0000000100000000)
  region size 1024K, 2 young (2048K), 2 survivors (2048K)
}
Event: 17.533 {heap Before GC invocations=32 (full 0):
 garbage-first heap   total reserved 2097152K, committed 135168K, used 118125K [0x0000000080000000, 0x0000000100000000)
  region size 1024K, 41 young (41984K), 2 survivors (2048K)
}
Event: 17.541 {heap After GC invocations=33 (full 0):
 garbage-first heap   total reserved 2097152K, committed 135168K, used 83421K [0x0000000080000000, 0x0000000100000000)
  region size 1024K, 6 young (6144K), 6 survivors (6144K)
}
Event: 17.763 {heap Before GC invocations=33 (full 0):
 garbage-first heap   total reserved 2097152K, committed 135168K, used 120285K [0x0000000080000000, 0x0000000100000000)
  region size 1024K, 43 young (44032K), 6 survivors (6144K)
}
Event: 17.773 {heap After GC invocations=34 (full 0):
 garbage-first heap   total reserved 2097152K, committed 135168K, used 83598K [0x0000000080000000, 0x0000000100000000)
  region size 1024K, 4 young (4096K), 4 survivors (4096K)
}
Event: 18.014 {heap Before GC invocations=34 (full 0):
 garbage-first heap   total reserved 2097152K, committed 135168K, used 120462K [0x0000000080000000, 0x0000000100000000)
  region size 1024K, 41 young (41984K), 4 survivors (4096K)
}
Event: 18.020 {heap After GC invocations=35 (full 0):
 garbage-first heap   total reserved 2097152K, committed 182272K, used 84847K [0x0000000080000000, 0x0000000100000000)
  region size 1024K, 4 young (4096K), 4 survivors (4096K)
}

Metaspace Usage History (20 events):
Event: 15.059 {metaspace Before GC invocations=22 (full 0):
 Metaspace       used 65488K, committed 67200K, reserved 1114112K
  class space    used 9374K, committed 10176K, reserved 1048576K
}
Event: 15.065 {metaspace After GC invocations=23 (full 0):
 Metaspace       used 65488K, committed 67200K, reserved 1114112K
  class space    used 9374K, committed 10176K, reserved 1048576K
}
Event: 15.433 {metaspace Before GC invocations=24 (full 0):
 Metaspace       used 66154K, committed 67840K, reserved 1114112K
  class space    used 9488K, committed 10304K, reserved 1048576K
}
Event: 15.439 {metaspace After GC invocations=25 (full 0):
 Metaspace       used 66154K, committed 67840K, reserved 1114112K
  class space    used 9488K, committed 10304K, reserved 1048576K
}
Event: 15.923 {metaspace Before GC invocations=25 (full 0):
 Metaspace       used 67467K, committed 69184K, reserved 1114112K
  class space    used 9663K, committed 10496K, reserved 1048576K
}
Event: 15.930 {metaspace After GC invocations=26 (full 0):
 Metaspace       used 67467K, committed 69184K, reserved 1114112K
  class space    used 9663K, committed 10496K, reserved 1048576K
}
Event: 16.420 {metaspace Before GC invocations=26 (full 0):
 Metaspace       used 70931K, committed 72576K, reserved 1114112K
  class space    used 10283K, committed 11072K, reserved 1048576K
}
Event: 16.429 {metaspace After GC invocations=27 (full 0):
 Metaspace       used 70931K, committed 72576K, reserved 1114112K
  class space    used 10283K, committed 11072K, reserved 1048576K
}
Event: 16.942 {metaspace Before GC invocations=28 (full 0):
 Metaspace       used 74988K, committed 76672K, reserved 1114112K
  class space    used 10816K, committed 11584K, reserved 1048576K
}
Event: 16.950 {metaspace After GC invocations=29 (full 0):
 Metaspace       used 74988K, committed 76672K, reserved 1114112K
  class space    used 10816K, committed 11584K, reserved 1048576K
}
Event: 17.208 {metaspace Before GC invocations=29 (full 0):
 Metaspace       used 78097K, committed 79744K, reserved 1179648K
  class space    used 11256K, committed 12032K, reserved 1048576K
}
Event: 17.217 {metaspace After GC invocations=30 (full 0):
 Metaspace       used 78097K, committed 79744K, reserved 1179648K
  class space    used 11256K, committed 12032K, reserved 1048576K
}
Event: 17.246 {metaspace Before GC invocations=30 (full 0):
 Metaspace       used 78232K, committed 79936K, reserved 1179648K
  class space    used 11270K, committed 12096K, reserved 1048576K
}
Event: 17.252 {metaspace After GC invocations=31 (full 0):
 Metaspace       used 78232K, committed 79936K, reserved 1179648K
  class space    used 11270K, committed 12096K, reserved 1048576K
}
Event: 17.533 {metaspace Before GC invocations=32 (full 0):
 Metaspace       used 79558K, committed 81280K, reserved 1179648K
  class space    used 11419K, committed 12224K, reserved 1048576K
}
Event: 17.541 {metaspace After GC invocations=33 (full 0):
 Metaspace       used 79558K, committed 81280K, reserved 1179648K
  class space    used 11419K, committed 12224K, reserved 1048576K
}
Event: 17.763 {metaspace Before GC invocations=33 (full 0):
 Metaspace       used 80962K, committed 82624K, reserved 1179648K
  class space    used 11609K, committed 12416K, reserved 1048576K
}
Event: 17.773 {metaspace After GC invocations=34 (full 0):
 Metaspace       used 80962K, committed 82624K, reserved 1179648K
  class space    used 11609K, committed 12416K, reserved 1048576K
}
Event: 18.014 {metaspace Before GC invocations=34 (full 0):
 Metaspace       used 83049K, committed 84736K, reserved 1179648K
  class space    used 11873K, committed 12672K, reserved 1048576K
}
Event: 18.020 {metaspace After GC invocations=35 (full 0):
 Metaspace       used 83049K, committed 84736K, reserved 1179648K
  class space    used 11873K, committed 12672K, reserved 1048576K
}

Dll operation events (3 events):
Event: 0.019 Loaded shared library C:\Users\indie\AppData\Local\Programs\Android Studio\jbr\bin\java.dll
Event: 0.030 Loaded shared library C:\Users\indie\AppData\Local\Programs\Android Studio\jbr\bin\zip.dll
Event: 1.392 Loaded shared library C:\Users\indie\AppData\Local\Programs\Android Studio\jbr\bin\verify.dll

Deoptimization events (20 events):
Event: 18.121 Thread 0x000002736b257dc0 Uncommon trap: trap_request=0xffffffbe fr.pc=0x0000027354955cec relative=0x0000000000000c6c
Event: 18.121 Thread 0x000002736b257dc0 Uncommon trap: reason=profile_predicate action=maybe_recompile pc=0x0000027354955cec method=org.gradle.tooling.internal.provider.runner.ClientBuildEventGenerator.started(Lorg/gradle/internal/operations/BuildOperationDescriptor;Lorg/gradle/internal/operati
Event: 18.121 Thread 0x000002736b257dc0 DEOPT PACKING pc=0x0000027354955cec sp=0x000000e995afe120
Event: 18.121 Thread 0x000002736b257dc0 DEOPT UNPACKING pc=0x0000027354098582 sp=0x000000e995afe0b8 mode 2
Event: 18.121 Thread 0x000002736b257dc0 Uncommon trap: trap_request=0xffffffbe fr.pc=0x0000027354955cec relative=0x0000000000000c6c
Event: 18.121 Thread 0x000002736b257dc0 Uncommon trap: reason=profile_predicate action=maybe_recompile pc=0x0000027354955cec method=org.gradle.tooling.internal.provider.runner.ClientBuildEventGenerator.started(Lorg/gradle/internal/operations/BuildOperationDescriptor;Lorg/gradle/internal/operati
Event: 18.121 Thread 0x000002736b257dc0 DEOPT PACKING pc=0x0000027354955cec sp=0x000000e995afe120
Event: 18.121 Thread 0x000002736b257dc0 DEOPT UNPACKING pc=0x0000027354098582 sp=0x000000e995afe0b8 mode 2
Event: 18.121 Thread 0x000002736b257dc0 Uncommon trap: trap_request=0xffffffbe fr.pc=0x0000027354955cec relative=0x0000000000000c6c
Event: 18.121 Thread 0x000002736b257dc0 Uncommon trap: reason=profile_predicate action=maybe_recompile pc=0x0000027354955cec method=org.gradle.tooling.internal.provider.runner.ClientBuildEventGenerator.started(Lorg/gradle/internal/operations/BuildOperationDescriptor;Lorg/gradle/internal/operati
Event: 18.121 Thread 0x000002736b257dc0 DEOPT PACKING pc=0x0000027354955cec sp=0x000000e995afe120
Event: 18.121 Thread 0x000002736b257dc0 DEOPT UNPACKING pc=0x0000027354098582 sp=0x000000e995afe0b8 mode 2
Event: 18.122 Thread 0x000002736b257dc0 Uncommon trap: trap_request=0xffffffbe fr.pc=0x0000027354955cec relative=0x0000000000000c6c
Event: 18.122 Thread 0x000002736b257dc0 Uncommon trap: reason=profile_predicate action=maybe_recompile pc=0x0000027354955cec method=org.gradle.tooling.internal.provider.runner.ClientBuildEventGenerator.started(Lorg/gradle/internal/operations/BuildOperationDescriptor;Lorg/gradle/internal/operati
Event: 18.122 Thread 0x000002736b257dc0 DEOPT PACKING pc=0x0000027354955cec sp=0x000000e995afe120
Event: 18.122 Thread 0x000002736b257dc0 DEOPT UNPACKING pc=0x0000027354098582 sp=0x000000e995afe0b8 mode 2
Event: 18.304 Thread 0x0000027369783530 Uncommon trap: trap_request=0xfffffff4 fr.pc=0x000002735490c9a4 relative=0x0000000000000d24
Event: 18.304 Thread 0x0000027369783530 Uncommon trap: reason=null_check action=make_not_entrant pc=0x000002735490c9a4 method=org.gradle.tooling.internal.provider.runner.ClientBuildEventGenerator$Enabled.accept(Lorg/gradle/internal/operations/BuildOperationDescriptor;)Lorg/gradle/tooling/intern
Event: 18.304 Thread 0x0000027369783530 DEOPT PACKING pc=0x000002735490c9a4 sp=0x000000e9958fe3b0
Event: 18.304 Thread 0x0000027369783530 DEOPT UNPACKING pc=0x0000027354098582 sp=0x000000e9958fe2c8 mode 2

Classes loaded (20 events):
Event: 18.005 Loading class java/util/concurrent/ConcurrentLinkedDeque$Node
Event: 18.005 Loading class java/util/concurrent/ConcurrentLinkedDeque$Node done
Event: 18.036 Loading class java/util/function/BooleanSupplier
Event: 18.036 Loading class java/util/function/BooleanSupplier done
Event: 18.082 Loading class com/sun/org/apache/xerces/internal/dom/DOMImplementationImpl
Event: 18.084 Loading class org/w3c/dom/DOMImplementation
Event: 18.084 Loading class org/w3c/dom/DOMImplementation done
Event: 18.084 Loading class com/sun/org/apache/xerces/internal/dom/CoreDOMImplementationImpl
Event: 18.084 Loading class org/w3c/dom/ls/DOMImplementationLS
Event: 18.085 Loading class org/w3c/dom/ls/DOMImplementationLS done
Event: 18.085 Loading class com/sun/org/apache/xerces/internal/dom/CoreDOMImplementationImpl done
Event: 18.085 Loading class com/sun/org/apache/xerces/internal/dom/DOMImplementationImpl done
Event: 18.085 Loading class com/sun/org/apache/xerces/internal/dom/DeferredDOMImplementationImpl
Event: 18.086 Loading class com/sun/org/apache/xerces/internal/dom/DeferredDOMImplementationImpl done
Event: 18.089 Loading class org/w3c/dom/Comment
Event: 18.089 Loading class org/w3c/dom/Comment done
Event: 18.097 Loading class java/nio/file/StandardCopyOption
Event: 18.097 Loading class java/nio/file/StandardCopyOption done
Event: 18.097 Loading class sun/nio/fs/WindowsFileCopy
Event: 18.098 Loading class sun/nio/fs/WindowsFileCopy done

Classes unloaded (6 events):
Event: 17.328 Thread 0x00000273618bdf90 Unloading class 0x0000000018b10c00 'java/lang/invoke/LambdaForm$DMH+0x0000000018b10c00'
Event: 17.328 Thread 0x00000273618bdf90 Unloading class 0x0000000018b10400 'java/lang/invoke/LambdaForm$DMH+0x0000000018b10400'
Event: 17.328 Thread 0x00000273618bdf90 Unloading class 0x0000000018b10800 'java/lang/invoke/LambdaForm$DMH+0x0000000018b10800'
Event: 17.328 Thread 0x00000273618bdf90 Unloading class 0x0000000018adc400 'java/lang/invoke/LambdaForm$DMH+0x0000000018adc400'
Event: 17.328 Thread 0x00000273618bdf90 Unloading class 0x0000000018a8dc00 'java/lang/invoke/LambdaForm$MH+0x0000000018a8dc00'
Event: 17.328 Thread 0x00000273618bdf90 Unloading class 0x0000000018a8d400 'java/lang/invoke/LambdaForm$DMH+0x0000000018a8d400'

Classes redefined (0 events):
No events

Internal exceptions (20 events):
Event: 18.462 Thread 0x000002736b88cf50 Exception <a 'sun/nio/fs/WindowsException'{0x00000000877b1590}> (0x00000000877b1590) 
thrown [s\src\hotspot\share\prims\jni.cpp, line 535]
Event: 18.463 Thread 0x000002736b88e6c0 Exception <a 'sun/nio/fs/WindowsException'{0x000000008761c430}> (0x000000008761c430) 
thrown [s\src\hotspot\share\prims\jni.cpp, line 535]
Event: 18.466 Thread 0x000002736b88e6c0 Exception <a 'sun/nio/fs/WindowsException'{0x00000000876d6138}> (0x00000000876d6138) 
thrown [s\src\hotspot\share\prims\jni.cpp, line 535]
Event: 18.466 Thread 0x000002736acc15d0 Exception <a 'sun/nio/fs/WindowsException'{0x0000000087519dd8}> (0x0000000087519dd8) 
thrown [s\src\hotspot\share\prims\jni.cpp, line 535]
Event: 18.466 Thread 0x000002736b890600 Exception <a 'sun/nio/fs/WindowsException'{0x0000000087523560}> (0x0000000087523560) 
thrown [s\src\hotspot\share\prims\jni.cpp, line 535]
Event: 18.466 Thread 0x000002736b25c410 Exception <a 'sun/nio/fs/WindowsException'{0x00000000875b80e0}> (0x00000000875b80e0) 
thrown [s\src\hotspot\share\prims\jni.cpp, line 535]
Event: 18.467 Thread 0x000002736acbeec0 Exception <a 'sun/nio/fs/WindowsException'{0x0000000087883288}> (0x0000000087883288) 
thrown [s\src\hotspot\share\prims\jni.cpp, line 535]
Event: 18.470 Thread 0x000002736b88e6c0 Exception <a 'java/lang/NoSuchMethodError'{0x000000008740ffb0}: 'java.lang.Object java.lang.invoke.DirectMethodHandle$Holder.invokeStaticInit(java.lang.Object, java.lang.Object, java.lang.Object, java.lang.Object, java.lang.Object, java.lang.Object, java.lang.Object, java.lang.Object, java.lang.Object, java.lang.Object, java.lang.Object, java.lang.Object, java.lang.Object, java.lang.Object, java.lang.Object, java.lang.Object, java.lang.Object, java.lang.Object, java.lang.Object, java.lang.Object, int, java
Event: 18.473 Thread 0x000002736b88e6c0 Exception <a 'java/lang/IncompatibleClassChangeError'{0x000000008748b7d8}: Found class java.lang.Object, but interface was expected> (0x000000008748b7d8) 
thrown [s\src\hotspot\share\interpreter\linkResolver.cpp, line 882]
Event: 18.474 Thread 0x000002736acc0630 Exception <a 'sun/nio/fs/WindowsException'{0x00000000874db4d8}> (0x00000000874db4d8) 
thrown [s\src\hotspot\share\prims\jni.cpp, line 535]
Event: 18.474 Thread 0x000002736b88e6c0 Exception <a 'java/lang/IncompatibleClassChangeError'{0x00000000874d1b58}: Found class java.lang.Object, but interface was expected> (0x00000000874d1b58) 
thrown [s\src\hotspot\share\interpreter\linkResolver.cpp, line 882]
Event: 18.475 Thread 0x000002736b259530 Exception <a 'sun/nio/fs/WindowsException'{0x0000000087365fd0}> (0x0000000087365fd0) 
thrown [s\src\hotspot\share\prims\jni.cpp, line 535]
Event: 18.476 Thread 0x000002736b88e6c0 Exception <a 'sun/nio/fs/WindowsException'{0x000000008734a350}> (0x000000008734a350) 
thrown [s\src\hotspot\share\prims\jni.cpp, line 535]
Event: 18.476 Thread 0x000002736b88cf50 Exception <a 'sun/nio/fs/WindowsException'{0x00000000873803e8}> (0x00000000873803e8) 
thrown [s\src\hotspot\share\prims\jni.cpp, line 535]
Event: 18.477 Thread 0x000002736b890600 Exception <a 'sun/nio/fs/WindowsException'{0x00000000874e8a88}> (0x00000000874e8a88) 
thrown [s\src\hotspot\share\prims\jni.cpp, line 535]
Event: 18.477 Thread 0x0000027369783530 Exception <a 'sun/nio/fs/WindowsException'{0x00000000874717b0}> (0x00000000874717b0) 
thrown [s\src\hotspot\share\prims\jni.cpp, line 535]
Event: 18.479 Thread 0x000002736b257dc0 Exception <a 'sun/nio/fs/WindowsException'{0x00000000873d2c40}> (0x00000000873d2c40) 
thrown [s\src\hotspot\share\prims\jni.cpp, line 535]
Event: 18.482 Thread 0x000002736b88e6c0 Exception <a 'sun/nio/fs/WindowsException'{0x0000000087273618}> (0x0000000087273618) 
thrown [s\src\hotspot\share\prims\jni.cpp, line 535]
Event: 18.483 Thread 0x00000273697844d0 Exception <a 'sun/nio/fs/WindowsException'{0x0000000087298828}> (0x0000000087298828) 
thrown [s\src\hotspot\share\prims\jni.cpp, line 535]
Event: 18.486 Thread 0x000002736b25c410 Exception <a 'sun/nio/fs/WindowsException'{0x00000000872fdaf0}> (0x00000000872fdaf0) 
thrown [s\src\hotspot\share\prims\jni.cpp, line 535]

VM Operations (20 events):
Event: 17.377 Executing safepoint VM operation: G1PauseCleanup
Event: 17.377 Executing safepoint VM operation: G1PauseCleanup done
Event: 17.456 Executing non-safepoint VM operation: HandshakeAllThreads (Deoptimize)
Event: 17.457 Executing non-safepoint VM operation: HandshakeAllThreads (Deoptimize) done
Event: 17.533 Executing safepoint VM operation: G1CollectForAllocation (G1 Evacuation Pause)
Event: 17.542 Executing safepoint VM operation: G1CollectForAllocation (G1 Evacuation Pause) done
Event: 17.763 Executing safepoint VM operation: G1CollectForAllocation (G1 Evacuation Pause)
Event: 17.774 Executing safepoint VM operation: G1CollectForAllocation (G1 Evacuation Pause) done
Event: 17.858 Executing non-safepoint VM operation: HandshakeAllThreads (Deoptimize)
Event: 17.858 Executing non-safepoint VM operation: HandshakeAllThreads (Deoptimize) done
Event: 17.991 Executing non-safepoint VM operation: HandshakeAllThreads (Deoptimize)
Event: 17.992 Executing non-safepoint VM operation: HandshakeAllThreads (Deoptimize) done
Event: 17.996 Executing non-safepoint VM operation: HandshakeAllThreads (Deoptimize)
Event: 17.996 Executing non-safepoint VM operation: HandshakeAllThreads (Deoptimize) done
Event: 18.014 Executing safepoint VM operation: G1CollectForAllocation (G1 Evacuation Pause)
Event: 18.020 Executing safepoint VM operation: G1CollectForAllocation (G1 Evacuation Pause) done
Event: 18.105 Executing safepoint VM operation: G1PauseRemark
Event: 18.111 Executing safepoint VM operation: G1PauseRemark done
Event: 18.140 Executing safepoint VM operation: G1PauseCleanup
Event: 18.140 Executing safepoint VM operation: G1PauseCleanup done

Memory protections (0 events):
No events

Nmethod flushes (20 events):
Event: 18.109 Thread 0x00000273618bdf90 flushing  nmethod 0x00000273547e3c08
Event: 18.109 Thread 0x00000273618bdf90 flushing  nmethod 0x0000027354983908
Event: 18.109 Thread 0x00000273618bdf90 flushing  nmethod 0x000002734ccadd88
Event: 18.109 Thread 0x00000273618bdf90 flushing  nmethod 0x000002734cd3ec88
Event: 18.109 Thread 0x00000273618bdf90 flushing  nmethod 0x000002734d05ec88
Event: 18.109 Thread 0x00000273618bdf90 flushing  nmethod 0x000002734d5e1108
Event: 18.109 Thread 0x00000273618bdf90 flushing  nmethod 0x000002734d684108
Event: 18.109 Thread 0x00000273618bdf90 flushing  nmethod 0x000002735490bb88
Event: 18.109 Thread 0x00000273618bdf90 flushing  nmethod 0x000002734cbd6b88
Event: 18.109 Thread 0x00000273618bdf90 flushing  nmethod 0x000002734cc20308
Event: 18.109 Thread 0x00000273618bdf90 flushing  nmethod 0x000002734ced8288
Event: 18.109 Thread 0x00000273618bdf90 flushing  nmethod 0x000002734d228588
Event: 18.109 Thread 0x00000273618bdf90 flushing  nmethod 0x000002734d535988
Event: 18.109 Thread 0x00000273618bdf90 flushing  nmethod 0x0000027354857d08
Event: 18.109 Thread 0x00000273618bdf90 flushing  nmethod 0x000002734cbcdc88
Event: 18.109 Thread 0x00000273618bdf90 flushing  nmethod 0x000002734cf47988
Event: 18.109 Thread 0x00000273618bdf90 flushing  nmethod 0x000002734cf49f88
Event: 18.109 Thread 0x00000273618bdf90 flushing  nmethod 0x000002734d14a608
Event: 18.109 Thread 0x00000273618bdf90 flushing  nmethod 0x000002734d1a9c08
Event: 18.109 Thread 0x00000273618bdf90 flushing  nmethod 0x000002734d1ab908

Events (20 events):
Event: 16.116 Thread 0x000002736b88cf50 Thread added: 0x000002736acc63f0
Event: 16.161 Thread 0x000002736b88e6c0 Thread added: 0x0000027369781dc0
Event: 16.532 Thread 0x000002736acc15d0 Thread added: 0x0000027369782d60
Event: 16.532 Thread 0x000002736acc0630 Thread added: 0x000002736977f6b0
Event: 16.533 Thread 0x000002736b88cf50 Thread added: 0x0000027369783530
Event: 16.534 Thread 0x000002736b890600 Thread added: 0x00000273697844d0
Event: 16.543 Thread 0x000002736b88cf50 Thread added: 0x000002736b257dc0
Event: 16.543 Thread 0x000002736acc15d0 Thread added: 0x000002736b258590
Event: 16.543 Thread 0x000002736acc0630 Thread added: 0x000002736b256650
Event: 16.543 Thread 0x000002736b890600 Thread added: 0x000002736b259530
Event: 16.551 Thread 0x000002736b88cf50 Thread added: 0x000002736b25c410
Event: 16.554 Thread 0x000002736acc0630 Thread added: 0x000002736b25b470
Event: 16.555 Thread 0x000002736acc15d0 Thread added: 0x000002736b25bc40
Event: 16.555 Thread 0x000002736b890600 Thread added: 0x000002736b25d3b0
Event: 16.560 Thread 0x000002736b88cf50 Thread added: 0x000002736c273d90
Event: 16.561 Thread 0x000002736acc0630 Thread added: 0x000002736c272620
Event: 16.561 Thread 0x000002736acc15d0 Thread added: 0x000002736c274d30
Event: 16.963 Thread 0x0000027369c8fd20 Thread added: 0x000002736c2735c0
Event: 17.072 Thread 0x000002736acc0e00 Thread added: 0x000002736c279b50
Event: 17.175 Thread 0x000002736acc5450 Thread added: 0x000002736c27aaf0


Dynamic libraries:
0x00007ff6fcb80000 - 0x00007ff6fcb8a000 	C:\Users\indie\AppData\Local\Programs\Android Studio\jbr\bin\java.exe
0x00007ffeee7e0000 - 0x00007ffeeea47000 	C:\Windows\SYSTEM32\ntdll.dll
0x00007ffeecd90000 - 0x00007ffeece5b000 	C:\Windows\System32\KERNEL32.DLL
0x00007ffeeba70000 - 0x00007ffeebe72000 	C:\Windows\System32\KERNELBASE.dll
0x00007ffeec1b0000 - 0x00007ffeec2fc000 	C:\Windows\System32\ucrtbase.dll
0x00007ffeddca0000 - 0x00007ffeddcb6000 	C:\Users\indie\AppData\Local\Programs\Android Studio\jbr\bin\jli.dll
0x00007ffee1660000 - 0x00007ffee167b000 	C:\Users\indie\AppData\Local\Programs\Android Studio\jbr\bin\VCRUNTIME140.dll
0x00007ffeec750000 - 0x00007ffeec91f000 	C:\Windows\System32\USER32.dll
0x00007ffeec180000 - 0x00007ffeec1a7000 	C:\Windows\System32\win32u.dll
0x00007ffed8610000 - 0x00007ffed88a0000 	C:\Windows\WinSxS\amd64_microsoft.windows.common-controls_6595b64144ccf1df_6.0.26100.9278_none_3e0d1ba8e3303201\COMCTL32.dll
0x00007ffeede90000 - 0x00007ffeedebb000 	C:\Windows\System32\GDI32.dll
0x00007ffeedde0000 - 0x00007ffeede89000 	C:\Windows\System32\msvcrt.dll
0x00007ffeec3d0000 - 0x00007ffeec4f9000 	C:\Windows\System32\gdi32full.dll
0x00007ffeebf40000 - 0x00007ffeebfe3000 	C:\Windows\System32\msvcp_win.dll
0x00007ffeee630000 - 0x00007ffeee661000 	C:\Windows\System32\IMM32.DLL
0x00007ffee1680000 - 0x00007ffee168c000 	C:\Users\indie\AppData\Local\Programs\Android Studio\jbr\bin\vcruntime140_1.dll
0x00007ffecc2d0000 - 0x00007ffecc35d000 	C:\Users\indie\AppData\Local\Programs\Android Studio\jbr\bin\msvcp140.dll
0x00007ffe4d830000 - 0x00007ffe4e70a000 	C:\Users\indie\AppData\Local\Programs\Android Studio\jbr\bin\server\jvm.dll
0x00007ffeedec0000 - 0x00007ffeedf7c000 	C:\Windows\System32\ADVAPI32.dll
0x00007ffeec620000 - 0x00007ffeec6c9000 	C:\Windows\System32\sechost.dll
0x00007ffeec500000 - 0x00007ffeec618000 	C:\Windows\System32\RPCRT4.dll
0x00007ffeee710000 - 0x00007ffeee790000 	C:\Windows\System32\WS2_32.dll
0x00007ffeeb840000 - 0x00007ffeeb89e000 	C:\Windows\SYSTEM32\POWRPROF.dll
0x00007ffee3f30000 - 0x00007ffee3f66000 	C:\Windows\SYSTEM32\WINMM.dll
0x00007ffee3f70000 - 0x00007ffee3f7b000 	C:\Windows\SYSTEM32\VERSION.dll
0x00007ffeeb820000 - 0x00007ffeeb835000 	C:\Windows\SYSTEM32\UMPDC.dll
0x00007ffeea1c0000 - 0x00007ffeea1db000 	C:\Windows\SYSTEM32\kernel.appcore.dll
0x00007ffedf790000 - 0x00007ffedf79a000 	C:\Users\indie\AppData\Local\Programs\Android Studio\jbr\bin\jimage.dll
0x00007ffee8ac0000 - 0x00007ffee8d0c000 	C:\Windows\SYSTEM32\DBGHELP.DLL
0x00007ffeec930000 - 0x00007ffeeccb5000 	C:\Windows\System32\combase.dll
0x00007ffeedc00000 - 0x00007ffeedcd9000 	C:\Windows\System32\OLEAUT32.dll
0x00007ffecbd30000 - 0x00007ffecbd6b000 	C:\Windows\SYSTEM32\dbgcore.DLL
0x00007ffeebe80000 - 0x00007ffeebf2c000 	C:\Windows\System32\bcryptPrimitives.dll
0x00007ffee16d0000 - 0x00007ffee16de000 	C:\Users\indie\AppData\Local\Programs\Android Studio\jbr\bin\instrument.dll
0x00007ffed3a90000 - 0x00007ffed3aaf000 	C:\Users\indie\AppData\Local\Programs\Android Studio\jbr\bin\java.dll
0x00007ffeee490000 - 0x00007ffeee62a000 	C:\Windows\System32\ole32.dll
0x00007ffeece60000 - 0x00007ffeed5f8000 	C:\Windows\System32\SHELL32.dll
0x00007ffed39f0000 - 0x00007ffed3a07000 	C:\Users\indie\AppData\Local\Programs\Android Studio\jbr\bin\zip.dll
0x00007ffee8f40000 - 0x00007ffee97ee000 	C:\Windows\SYSTEM32\windows.storage.dll
0x00007ffeed730000 - 0x00007ffeed82b000 	C:\Windows\System32\SHCORE.dll
0x00007ffeed650000 - 0x00007ffeed6b6000 	C:\Windows\System32\shlwapi.dll
0x00007ffeeb900000 - 0x00007ffeeb929000 	C:\Windows\SYSTEM32\profapi.dll
0x00007ffedf780000 - 0x00007ffedf790000 	C:\Users\indie\AppData\Local\Programs\Android Studio\jbr\bin\net.dll
0x00007ffeea780000 - 0x00007ffeea7ec000 	C:\Windows\system32\mswsock.dll
0x00007ffed1b60000 - 0x00007ffed1b76000 	C:\Users\indie\AppData\Local\Programs\Android Studio\jbr\bin\nio.dll
0x00007ffeddba0000 - 0x00007ffeddbb0000 	C:\Users\indie\AppData\Local\Programs\Android Studio\jbr\bin\verify.dll
0x00007ffed1790000 - 0x00007ffed17b7000 	C:\Users\indie\.gradle\native\660c5614fbf4a5f2a75b1949f50a0caf5cd603558e7d8a26e50b933a0cfb79d1\windows-amd64\native-platform.dll
0x00007ffea6bc0000 - 0x00007ffea6c37000 	C:\Users\indie\.gradle\native\0.2.8\x86_64-windows-gnu\gradle-fileevents.dll
0x00007ffede9f0000 - 0x00007ffede9f9000 	C:\Users\indie\AppData\Local\Programs\Android Studio\jbr\bin\management.dll
0x00007ffede9d0000 - 0x00007ffede9db000 	C:\Users\indie\AppData\Local\Programs\Android Studio\jbr\bin\management_ext.dll
0x00007ffeedff0000 - 0x00007ffeedff8000 	C:\Windows\System32\PSAPI.DLL
0x00007ffee9bc0000 - 0x00007ffee9bf3000 	C:\Windows\SYSTEM32\IPHLPAPI.DLL
0x00007ffeee700000 - 0x00007ffeee70a000 	C:\Windows\System32\NSI.dll
0x00007ffedf710000 - 0x00007ffedf719000 	C:\Users\indie\AppData\Local\Programs\Android Studio\jbr\bin\extnet.dll
0x00007ffeeaa70000 - 0x00007ffeeaa8b000 	C:\Windows\SYSTEM32\CRYPTSP.dll
0x00007ffeea120000 - 0x00007ffeea159000 	C:\Windows\system32\rsaenh.dll
0x00007ffeea830000 - 0x00007ffeea864000 	C:\Windows\SYSTEM32\USERENV.dll
0x00007ffeeb8d0000 - 0x00007ffeeb8fa000 	C:\Windows\SYSTEM32\bcrypt.dll
0x00007ffeeaa90000 - 0x00007ffeeaa9c000 	C:\Windows\SYSTEM32\CRYPTBASE.dll
0x00007ffeeaf30000 - 0x00007ffeeaf38000 	C:\Windows\system32\wshunix.dll
0x00007ffeea2f0000 - 0x00007ffeea326000 	C:\Windows\SYSTEM32\ntmarta.dll

JVMTI agents:
C:\Users\indie\.gradle\wrapper\dists\gradle-9.5.0-bin\bvnork1r7n8i6kp5cnkibsc9q\gradle-9.5.0\lib\agents\gradle-instrumentation-agent-9.5.0.jar path:C:\Users\indie\AppData\Local\Programs\Android Studio\jbr\bin\instrument.dll, loaded, initialized, instrumentlib options:none

dbghelp: loaded successfully - version: 4.0.5 - missing functions: none
symbol engine: initialized successfully - sym options: 0x614 - pdb path: .;C:\Users\indie\AppData\Local\Programs\Android Studio\jbr\bin;C:\Windows\SYSTEM32;C:\Windows\WinSxS\amd64_microsoft.windows.common-controls_6595b64144ccf1df_6.0.26100.9278_none_3e0d1ba8e3303201;C:\Users\indie\AppData\Local\Programs\Android Studio\jbr\bin\server;C:\Users\indie\.gradle\native\660c5614fbf4a5f2a75b1949f50a0caf5cd603558e7d8a26e50b933a0cfb79d1\windows-amd64;C:\Users\indie\.gradle\native\0.2.8\x86_64-windows-gnu

VM Arguments:
jvm_args: --add-opens=java.base/java.lang=ALL-UNNAMED --add-opens=java.base/java.lang.invoke=ALL-UNNAMED --add-opens=java.base/java.util=ALL-UNNAMED --add-opens=java.prefs/java.util.prefs=ALL-UNNAMED --add-exports=jdk.compiler/com.sun.tools.javac.api=ALL-UNNAMED --add-exports=jdk.compiler/com.sun.tools.javac.util=ALL-UNNAMED --add-opens=java.base/java.nio.charset=ALL-UNNAMED --add-opens=java.base/java.net=ALL-UNNAMED --add-opens=java.base/java.util.concurrent=ALL-UNNAMED --add-opens=java.base/java.util.concurrent.atomic=ALL-UNNAMED --add-opens=java.xml/javax.xml.namespace=ALL-UNNAMED --add-opens=java.base/java.time=ALL-UNNAMED --enable-native-access=ALL-UNNAMED -Xmx2048m -Dfile.encoding=UTF-8 -Duser.country=ZA -Duser.language=en -Duser.variant -javaagent:C:\Users\indie\.gradle\wrapper\dists\gradle-9.5.0-bin\bvnork1r7n8i6kp5cnkibsc9q\gradle-9.5.0\lib\agents\gradle-instrumentation-agent-9.5.0.jar 
java_command: org.gradle.launcher.daemon.bootstrap.GradleDaemon 9.5.0
java_class_path (initial): C:\Users\indie\.gradle\wrapper\dists\gradle-9.5.0-bin\bvnork1r7n8i6kp5cnkibsc9q\gradle-9.5.0\lib\gradle-daemon-main-9.5.0.jar
Launcher Type: SUN_STANDARD

[Global flags]
     intx CICompilerCount                          = 12                                        {product} {ergonomic}
     uint ConcGCThreads                            = 3                                         {product} {ergonomic}
     uint G1ConcRefinementThreads                  = 13                                        {product} {ergonomic}
   size_t G1HeapRegionSize                         = 1048576                                   {product} {ergonomic}
   size_t InitialHeapSize                          = 98566144                                  {product} {ergonomic}
   size_t MarkStackSize                            = 4194304                                   {product} {ergonomic}
   size_t MarkStackSizeMax                         = 536870912                                 {product} {ergonomic}
   size_t MaxHeapSize                              = 2147483648                                {product} {command line}
   size_t MaxNewSize                               = 1287651328                                {product} {ergonomic}
   size_t MinHeapDeltaBytes                        = 1048576                                   {product} {ergonomic}
   size_t MinHeapSize                              = 8388608                                   {product} {ergonomic}
    uintx NonNMethodCodeHeapSize                   = 7602176                                {pd product} {ergonomic}
    uintx NonProfiledCodeHeapSize                  = 122093568                              {pd product} {ergonomic}
    uintx ProfiledCodeHeapSize                     = 121962496                              {pd product} {ergonomic}
    uintx ReservedCodeCacheSize                    = 251658240                              {pd product} {ergonomic}
     bool SegmentedCodeCache                       = true                                      {product} {ergonomic}
   size_t SoftMaxHeapSize                          = 2147483648                             {manageable} {ergonomic}
     bool UseCompressedOops                        = true                           {product lp64_product} {ergonomic}
     bool UseG1GC                                  = true                                      {product} {ergonomic}
     bool UseLargePagesIndividualAllocation        = false                                  {pd product} {ergonomic}

Logging:
Log output configuration:
 #0: stdout all=warning uptime,level,tags foldmultilines=false
 #1: stderr all=off uptime,level,tags foldmultilines=false

Release file:
JAVA_VERSION="25.0.2" 
MODULES="java.base java.compiler java.datatransfer java.xml java.prefs java.desktop java.instrument java.logging java.management java.security.sasl java.naming java.rmi java.management.rmi java.net.http java.scripting java.security.jgss java.transaction.xa java.sql java.sql.rowset java.xml.crypto java.se java.smartcardio jdk.accessibility jdk.internal.jvmstat jdk.attach jdk.charsets jdk.internal.opt jdk.zipfs jdk.compiler jdk.crypto.cryptoki jdk.crypto.ec jdk.dynalink jdk.hotspot.agent jdk.httpserver jdk.internal.ed jdk.internal.le jdk.internal.md jdk.internal.vm.ci jdk.jartool jdk.javadoc jdk.jcmd jdk.jdeps jdk.jdwp.agent jdk.jdi jdk.jfr jdk.jlink jdk.localedata jdk.management jdk.management.agent jdk.management.jfr jdk.naming.dns jdk.naming.rmi jdk.net jdk.sctp jdk.security.auth jdk.security.jgss jdk.unsupported jdk.unsupported.desktop jdk.xml.dom" 
IMPLEMENTOR="JetBrains s.r.o." 
JAVA_RUNTIME_VERSION="25.0.2+-15348964-b329.117" 
LIBC="default" 
OS_ARCH="x86_64" 
OS_NAME="Windows" 
SOURCE=".:git:3cf398e84a39" 

Environment Variables:
JAVA_HOME=C:\Program Files\Microsoft\jdk-17.0.16.8-hotspot\
PATH=C:\Users\indie\AppData\Local\Programs\Python\Python314\Scripts\;C:\Users\indie\AppData\Local\Programs\Python\Python314\;C:\Program Files\Microsoft\jdk-17.0.16.8-hotspot\bin;C:\Python313\Scripts\;C:\Python313\;C:\Windows\system32;C:\Windows;C:\Windows\System32\Wbem;C:\Windows\System32\WindowsPowerShell\v1.0\;C:\Windows\System32\OpenSSH\;C:\ProgramData\chocolatey\bin;C:\Program Files\Git\cmd;C:\Program Files\Amazon\AWSCLIV2\;C:\Program Files\nodejs\;C:\Users\indie\AppData\Local\Programs\Python\Launcher\;C:\Users\indie\AppData\Local\Microsoft\WindowsApps;C:\Users\indie\AppData\Local\Programs\Microsoft VS Code\bin;C:\Program Files\JetBrains\WebStorm 2025.1.3\bin;C:\Users\indie\AppData\Local\Android\Sdk\platform-tools;C:\Users\indie\.bun\bin;C:\Users\indie\Documents\sqlite3;C:\Users\indie\AppData\Local\JetBrains\Toolbox\scripts;C:\Users\indie\AppData\Roaming\npm
USERNAME=indie
OS=Windows_NT
PROCESSOR_IDENTIFIER=AMD64 Family 25 Model 80 Stepping 0, AuthenticAMD
TMP=C:\Users\indie\AppData\Local\Temp
TEMP=C:\Users\indie\AppData\Local\Temp




Compilation memory statistics disabled.

Periodic native trim disabled

JNI global refs:
JNI global refs: 32, weak refs: 39

JNI global refs memory usage: 835, weak refs: 833

Process memory usage:
Resident Set Size: 381192K (6% of 6124928K total physical memory with 37172K free physical memory)

OOME stack traces (most recent first):
Classloader memory used:
Loader org.gradle.internal.classloader.VisitableURLClassLoader                         : 32847 K
Loader bootstrap                                                                       : 26805 K
Loader org.gradle.internal.classloader.VisitableURLClassLoader$InstrumentingVisitableURLClassLoader: 16201 K
Loader org.gradle.initialization.MixInLegacyTypesClassLoader                           : 9127 K
Loader jdk.internal.loader.ClassLoaders$AppClassLoader                                 : 186 K
Loader jdk.internal.loader.ClassLoaders$PlatformClassLoader                            : 148 K
Loader sun.reflect.misc.MethodUtil                                                     : 2968 B

Classes loaded by more than one classloader:
Class com.google.common.collect.RegularImmutableMap$KeySet                            : loaded 2 times (x 154B)
Class com.google.common.base.PairwiseEquivalence                                      : loaded 2 times (x 85B)
Class com.google.common.base.Equivalence$Identity                                     : loaded 2 times (x 84B)
Class org.gradle.internal.classloader.FilteringClassLoader                            : loaded 2 times (x 106B)
Class com.google.common.io.FileWriteMode                                              : loaded 2 times (x 81B)
Class [Lcom.google.common.base.AbstractIterator$State;                                : loaded 2 times (x 71B)
Class com.google.common.base.CharMatcher$IsEither                                     : loaded 2 times (x 113B)
Class org.gradle.internal.classloader.ClassLoaderHierarchy                            : loaded 2 times (x 72B)
Class com.google.common.collect.ImmutableList$1                                       : loaded 2 times (x 99B)
Class com.google.common.collect.ImmutableEnumSet                                      : loaded 2 times (x 148B)
Class com.google.common.util.concurrent.ExecutionError                                : loaded 2 times (x 84B)
Class com.google.common.collect.AbstractMapBasedMultimap$WrappedCollection            : loaded 2 times (x 126B)
Class com.google.common.collect.RegularImmutableMap                                   : loaded 2 times (x 122B)
Class com.google.common.collect.ImmutableMap$MapViewOfValuesAsSingletonSets           : loaded 2 times (x 128B)
Class com.google.common.collect.TransformedListIterator                               : loaded 2 times (x 95B)
Class com.google.common.collect.UnmodifiableListIterator                              : loaded 2 times (x 97B)
Class com.google.common.reflect.TypeCapture                                           : loaded 2 times (x 73B)
Class org.objectweb.asm.ClassVisitor                                                  : loaded 2 times (x 90B)
Class [Lcom.google.common.cache.CacheBuilder$OneWeigher;                              : loaded 2 times (x 71B)
Class com.google.common.base.Suppliers                                                : loaded 2 times (x 73B)
Class org.gradle.internal.classloader.DefaultClassLoaderFactory                       : loaded 2 times (x 84B)
Class com.google.common.base.CharMatcher$None                                         : loaded 2 times (x 114B)
Class [Lcom.google.common.collect.ImmutableMapEntry;                                  : loaded 2 times (x 71B)
Class com.google.common.collect.ImmutableEnumMap                                      : loaded 2 times (x 128B)
Class com.google.common.collect.ListMultimap                                          : loaded 2 times (x 72B)
Class com.google.common.collect.Sets$1                                                : loaded 2 times (x 143B)
Class com.google.common.base.Splitter                                                 : loaded 2 times (x 74B)
Class org.gradle.api.internal.DefaultClassPathProvider                                : loaded 2 times (x 78B)
Class com.google.common.collect.Sets$2                                                : loaded 2 times (x 143B)
Class com.google.common.collect.Maps$ViewCachingAbstractMap                           : loaded 2 times (x 127B)
Class [Lorg.gradle.api.internal.ClassPathProvider;                                    : loaded 2 times (x 71B)
Class org.gradle.api.internal.ClassPathProvider                                       : loaded 2 times (x 72B)
Class com.google.common.reflect.Types$ClassOwnership$1                                : loaded 2 times (x 82B)
Class com.google.common.collect.Sets$3                                                : loaded 2 times (x 143B)
Class com.google.common.base.AbstractIterator$State                                   : loaded 2 times (x 81B)
Class com.google.common.cache.LocalCache$LocalLoadingCache                            : loaded 2 times (x 136B)
Class org.gradle.internal.service.UnknownServiceException                             : loaded 2 times (x 85B)
Class com.google.common.reflect.Types$ClassOwnership$2                                : loaded 2 times (x 82B)
Class com.google.common.reflect.TypeResolver                                          : loaded 2 times (x 74B)
Class com.google.common.collect.Sets$4                                                : loaded 2 times (x 143B)
Class com.google.common.cache.LocalCache$Strength$1                                   : loaded 2 times (x 83B)
Class com.google.common.reflect.Types$ClassOwnership$3                                : loaded 2 times (x 73B)
Class com.google.common.util.concurrent.SettableFuture                                : loaded 2 times (x 116B)
Class com.google.common.cache.LocalCache$Strength$2                                   : loaded 2 times (x 83B)
Class com.google.common.collect.TransformedIterator                                   : loaded 2 times (x 82B)
Class com.google.common.base.Splitter$1                                               : loaded 2 times (x 79B)
Class com.google.common.cache.LocalCache$Strength$3                                   : loaded 2 times (x 83B)
Class com.google.common.collect.MapDifference                                         : loaded 2 times (x 72B)
Class com.google.common.reflect.Invokable                                             : loaded 2 times (x 105B)
Class com.google.common.cache.CacheBuilder$NullListener                               : loaded 2 times (x 84B)
Class org.gradle.internal.classpath.TransformedClassPath                              : loaded 2 times (x 98B)
Class org.gradle.internal.classloader.InstrumentingClassLoader                        : loaded 2 times (x 72B)
Class com.google.common.reflect.Types$ParameterizedTypeImpl                           : loaded 2 times (x 83B)
Class com.google.common.collect.Iterators$ArrayItr                                    : loaded 2 times (x 99B)
Class com.google.common.cache.CacheLoader$FunctionToCacheLoader                       : loaded 2 times (x 77B)
Class com.google.common.collect.ImmutableCollection$Builder                           : loaded 2 times (x 78B)
Class com.google.common.reflect.TypeResolver$TypeVariableKey                          : loaded 2 times (x 74B)
Class com.google.common.base.Joiner                                                   : loaded 2 times (x 82B)
Class com.google.common.base.MoreObjects                                              : loaded 2 times (x 73B)
Class com.google.common.collect.Platform                                              : loaded 2 times (x 73B)
Class com.google.common.collect.UnmodifiableIterator                                  : loaded 2 times (x 82B)
Class org.gradle.internal.service.ServiceLocator                                      : loaded 2 times (x 72B)
Class com.google.common.collect.SingletonImmutableBiMap                               : loaded 2 times (x 145B)
Class org.apache.commons.io.FileExistsException                                       : loaded 2 times (x 84B)
Class com.google.common.collect.Iterators$SingletonIterator                           : loaded 2 times (x 83B)
Class com.google.common.cache.LocalCache$1                                            : loaded 2 times (x 91B)
Class com.google.common.collect.AbstractMapEntry                                      : loaded 2 times (x 83B)
Class com.google.common.collect.ImmutableList$Builder                                 : loaded 2 times (x 79B)
Class com.google.common.collect.Sets$ImprovedAbstractSet                              : loaded 2 times (x 137B)
Class com.google.common.reflect.TypeToken$SimpleTypeToken                             : loaded 2 times (x 75B)
Class com.google.common.cache.LocalCache$2                                            : loaded 2 times (x 144B)
Class com.google.common.collect.AbstractMultimap                                      : loaded 2 times (x 125B)
Class com.google.common.collect.RegularImmutableAsList                                : loaded 2 times (x 219B)
Class com.google.common.collect.Iterators                                             : loaded 2 times (x 73B)
Class com.google.common.util.concurrent.AbstractFuture$Trusted                        : loaded 2 times (x 72B)
Class com.google.common.collect.Lists$StringAsImmutableList                           : loaded 2 times (x 209B)
Class com.google.common.io.ByteSink$AsCharSink                                        : loaded 2 times (x 82B)
Class com.google.common.util.concurrent.UncheckedExecutionException                   : loaded 2 times (x 84B)
Class com.google.common.collect.AbstractMapBasedMultimap$KeySet$1                     : loaded 2 times (x 84B)
Class com.google.common.base.CharMatcher$And                                          : loaded 2 times (x 114B)
Class com.google.common.cache.CacheLoader$UnsupportedLoadingOperationException        : loaded 2 times (x 84B)
Class com.google.common.collect.IndexedImmutableSet                                   : loaded 2 times (x 154B)
Class com.google.common.collect.ImmutableMap$1                                        : loaded 2 times (x 83B)
Class com.google.common.collect.BiMap                                                 : loaded 2 times (x 72B)
Class org.gradle.api.internal.classpath.DefaultModuleRegistry$DefaultModule           : loaded 2 times (x 84B)
Class com.google.common.reflect.Reflection                                            : loaded 2 times (x 73B)
Class com.google.common.collect.AbstractIterator                                      : loaded 2 times (x 84B)
Class com.google.common.math.MathPreconditions                                        : loaded 2 times (x 73B)
Class com.google.common.collect.ObjectArrays                                          : loaded 2 times (x 73B)
Class com.google.common.collect.AbstractIndexedListIterator                           : loaded 2 times (x 98B)
Class com.google.common.collect.ArrayListMultimapGwtSerializationDependencies         : loaded 2 times (x 173B)
Class com.google.common.collect.Multiset                                              : loaded 2 times (x 72B)
Class com.google.common.collect.ImmutableMapEntrySet                                  : loaded 2 times (x 154B)
Class org.gradle.api.internal.classpath.Module                                        : loaded 2 times (x 72B)
Class com.google.common.cache.Weigher                                                 : loaded 2 times (x 72B)
Class org.gradle.api.internal.classpath.UnknownModuleException                        : loaded 2 times (x 84B)
Class com.google.common.base.Stopwatch                                                : loaded 2 times (x 74B)
Class com.google.common.cache.LocalCache$Strength                                     : loaded 2 times (x 83B)
Class com.google.common.cache.Cache                                                   : loaded 2 times (x 72B)
Class com.google.common.collect.ImmutableMap$Builder                                  : loaded 2 times (x 84B)
Class org.apache.commons.io.filefilter.IOFileFilter                                   : loaded 2 times (x 72B)
Class com.google.common.base.NullnessCasts                                            : loaded 2 times (x 73B)
Class com.google.common.util.concurrent.AbstractFuture$Cancellation                   : loaded 2 times (x 74B)
Class com.google.common.collect.AbstractMapBasedMultimap$WrappedCollection$WrappedIterator: loaded 2 times (x 86B)
Class com.google.common.cache.RemovalListener                                         : loaded 2 times (x 72B)
Class org.gradle.api.internal.DefaultClassPathRegistry                                : loaded 2 times (x 78B)
Class com.google.common.reflect.Invokable$ConstructorInvokable                        : loaded 2 times (x 109B)
Class com.google.common.collect.Multimap                                              : loaded 2 times (x 72B)
Class org.gradle.internal.classpath.DefaultClassPath$ImmutableUniqueList              : loaded 2 times (x 201B)
Class org.gradle.api.internal.ClassPathRegistry                                       : loaded 2 times (x 72B)
Class com.google.common.reflect.TypeToken                                             : loaded 2 times (x 75B)
Class com.google.common.collect.SingletonImmutableList                                : loaded 2 times (x 209B)
Class com.google.common.io.ByteSink                                                   : loaded 2 times (x 78B)
Class com.google.common.cache.CacheBuilder                                            : loaded 2 times (x 74B)
Class org.gradle.internal.classpath.ClassPath                                         : loaded 2 times (x 72B)
Class [Lcom.google.common.reflect.Types$JavaVersion;                                  : loaded 2 times (x 71B)
Class com.google.common.collect.ImmutableList$ReverseImmutableList                    : loaded 2 times (x 211B)
Class com.google.common.base.JdkPattern                                               : loaded 2 times (x 77B)
Class com.google.common.io.Files$FileByteSource                                       : loaded 2 times (x 87B)
Class org.gradle.api.internal.classpath.DefaultModuleRegistry$DefaultModuleAlias      : loaded 2 times (x 82B)
Class com.google.common.collect.Iterators$1                                           : loaded 2 times (x 83B)
Class com.google.common.base.Suppliers$SupplierOfInstance                             : loaded 2 times (x 81B)
Class com.google.common.reflect.TypeToken$1                                           : loaded 2 times (x 112B)
Class com.google.common.cache.LocalCache$ComputingValueReference                      : loaded 2 times (x 98B)
Class com.google.common.collect.ImmutableMap$IteratorBasedImmutableMap                : loaded 2 times (x 128B)
Class com.google.common.collect.SingletonImmutableSet                                 : loaded 2 times (x 148B)
Class com.google.common.reflect.TypeToken$2                                           : loaded 2 times (x 112B)
Class com.google.common.cache.LocalCache$Segment                                      : loaded 2 times (x 155B)
Class com.google.common.collect.ImmutableBiMap                                        : loaded 2 times (x 145B)
Class com.google.common.collect.Iterators$4                                           : loaded 2 times (x 84B)
Class com.google.common.cache.CacheLoader                                             : loaded 2 times (x 76B)
Class com.google.common.collect.AbstractListMultimap                                  : loaded 2 times (x 173B)
Class org.gradle.api.internal.classpath.ModuleRegistry                                : loaded 2 times (x 72B)
Class org.gradle.internal.installation.GradleInstallation$1                           : loaded 2 times (x 77B)
Class com.google.common.collect.ImmutableSet$JdkBackedSetBuilderImpl                  : loaded 2 times (x 78B)
Class com.google.common.collect.Iterators$5                                           : loaded 2 times (x 84B)
Class com.google.common.base.Splitter$SplittingIterator                               : loaded 2 times (x 85B)
Class com.google.common.util.concurrent.internal.InternalFutureFailureAccess          : loaded 2 times (x 74B)
Class com.google.common.base.CharMatcher$ForPredicate                                 : loaded 2 times (x 114B)
Class com.google.common.cache.LocalCache$LocalManualCache$1                           : loaded 2 times (x 77B)
Class com.google.common.base.CharMatcher$AnyOf                                        : loaded 2 times (x 114B)
Class com.google.common.collect.ImmutableCollection                                   : loaded 2 times (x 127B)
Class org.gradle.api.internal.classpath.DefaultModuleRegistry                         : loaded 2 times (x 86B)
Class com.google.common.collect.Lists                                                 : loaded 2 times (x 73B)
Class com.google.common.util.concurrent.ListenableFuture                              : loaded 2 times (x 72B)
Class com.google.common.cache.ReferenceEntry                                          : loaded 2 times (x 72B)
Class com.google.common.base.Converter                                                : loaded 2 times (x 92B)
Class com.google.common.collect.ImmutableSet$CachingAsList                            : loaded 2 times (x 150B)
Class com.google.common.collect.Iterators$9                                           : loaded 2 times (x 83B)
Class com.google.common.util.concurrent.AbstractFuture                                : loaded 2 times (x 108B)
Class com.google.common.base.FunctionalEquivalence                                    : loaded 2 times (x 85B)
Class com.google.common.collect.AbstractMapBasedMultimap                              : loaded 2 times (x 140B)
Class com.google.common.collect.ImmutableAsList                                       : loaded 2 times (x 211B)
Class com.google.common.reflect.TypeResolver$TypeTable                                : loaded 2 times (x 75B)
Class com.google.common.cache.CacheLoader$SupplierToCacheLoader                       : loaded 2 times (x 77B)
Class com.google.common.reflect.TypeResolver$TypeTable$1                              : loaded 2 times (x 75B)
Class com.google.common.collect.Maps$EntryTransformer                                 : loaded 2 times (x 72B)
Class org.gradle.internal.service.ServiceLookupException                              : loaded 2 times (x 84B)
Class [Lcom.google.common.cache.LocalCache$EntryFactory;                              : loaded 2 times (x 71B)
Class org.gradle.internal.classloader.ClassLoaderFactory                              : loaded 2 times (x 72B)
Class com.google.common.base.CharMatcher$IsNot                                        : loaded 2 times (x 113B)
Class com.google.common.base.CommonPattern                                            : loaded 2 times (x 76B)
Class com.google.common.cache.LocalCache$LocalManualCache                             : loaded 2 times (x 101B)
Class org.gradle.internal.service.CachingServiceLocator                               : loaded 2 times (x 84B)
Class com.google.common.collect.AbstractMapBasedMultimap$KeySet                       : loaded 2 times (x 139B)
Class com.google.common.math.IntMath                                                  : loaded 2 times (x 73B)
Class com.google.common.reflect.Types$TypeVariableInvocationHandler                   : loaded 2 times (x 77B)
Class com.google.common.collect.ImmutableMapEntry                                     : loaded 2 times (x 87B)
Class com.google.common.collect.ImmutableMapEntry$NonTerminalImmutableMapEntry        : loaded 2 times (x 87B)
Class com.google.common.base.Equivalence                                              : loaded 2 times (x 84B)
Class com.google.common.base.Function                                                 : loaded 2 times (x 72B)
Class com.google.common.collect.RegularImmutableList                                  : loaded 2 times (x 215B)
Class com.google.common.cache.CacheBuilder$OneWeigher                                 : loaded 2 times (x 84B)
Class com.google.common.reflect.Types$ClassOwnership$1LocalClass                      : loaded 2 times (x 73B)
Class org.gradle.internal.classloader.ClasspathUtil                                   : loaded 2 times (x 73B)
Class com.google.common.util.concurrent.Uninterruptibles                              : loaded 2 times (x 73B)
Class com.google.common.util.concurrent.LazyLogger                                    : loaded 2 times (x 74B)
Class com.google.common.collect.Maps                                                  : loaded 2 times (x 73B)
Class org.gradle.api.specs.Spec                                                       : loaded 2 times (x 72B)
Class com.google.common.reflect.Types$JavaVersion                                     : loaded 2 times (x 85B)
Class [Lcom.google.common.collect.ImmutableEntry;                                     : loaded 2 times (x 71B)
Class org.apache.commons.io.file.PathFilter                                           : loaded 2 times (x 72B)
Class com.google.common.cache.LocalCache$LoadingValueReference                        : loaded 2 times (x 98B)
Class com.google.common.reflect.Invokable$MethodInvokable                             : loaded 2 times (x 109B)
Class com.google.common.collect.AbstractMapBasedMultimap$WrappedList                  : loaded 2 times (x 207B)
Class com.google.common.collect.Maps$8                                                : loaded 2 times (x 84B)
Class com.google.common.collect.Sets$SetView                                          : loaded 2 times (x 141B)
Class com.google.common.cache.LocalCache$StrongValueReference                         : loaded 2 times (x 92B)
Class com.google.common.graph.SuccessorsFunction                                      : loaded 2 times (x 72B)
Class org.gradle.internal.classloader.VisitableURLClassLoader$InstrumentingVisitableURLClassLoader: loaded 2 times (x 124B)
Class com.google.common.math.IntMath$1                                                : loaded 2 times (x 73B)
Class org.apache.commons.io.FileUtils                                                 : loaded 2 times (x 73B)
Class com.google.common.io.Files$FileByteSink                                         : loaded 2 times (x 79B)
Class [Lcom.google.common.cache.CacheBuilder$NullListener;                            : loaded 2 times (x 71B)
Class org.gradle.internal.classloader.VisitableURLClassLoader$Spec                    : loaded 2 times (x 76B)
Class org.gradle.internal.classpath.DefaultClassPath                                  : loaded 2 times (x 92B)
Class com.google.common.reflect.Types$ClassOwnership                                  : loaded 2 times (x 82B)
Class com.google.common.base.AbstractIterator                                         : loaded 2 times (x 82B)
Class com.google.common.collect.RegularImmutableMap$Values                            : loaded 2 times (x 209B)
Class com.google.common.base.CharMatcher$BitSetMatcher                                : loaded 2 times (x 114B)
Class com.google.common.collect.ImmutableSet                                          : loaded 2 times (x 147B)
Class org.gradle.internal.classloader.ClassLoaderSpec                                 : loaded 2 times (x 73B)
Class com.google.common.cache.CacheStats                                              : loaded 2 times (x 73B)
Class com.google.common.base.CharMatcher$Or                                           : loaded 2 times (x 114B)
Class com.google.common.io.LineProcessor                                              : loaded 2 times (x 72B)
Class com.google.common.util.concurrent.AbstractFuture$Listener                       : loaded 2 times (x 74B)
Class org.gradle.api.internal.classpath.Module$ModuleAlias                            : loaded 2 times (x 72B)
Class com.google.common.base.Supplier                                                 : loaded 2 times (x 72B)
Class org.gradle.internal.classloader.VisitableURLClassLoader                         : loaded 2 times (x 118B)
Class org.gradle.internal.Cast                                                        : loaded 2 times (x 73B)
Class org.gradle.api.Action                                                           : loaded 2 times (x 72B)
Class com.google.common.collect.Sets                                                  : loaded 2 times (x 73B)
Class com.google.common.base.CharMatcher$FastMatcher                                  : loaded 2 times (x 113B)
Class com.google.common.base.Ticker                                                   : loaded 2 times (x 74B)
Class [Lcom.google.common.cache.LocalCache$Segment;                                   : loaded 2 times (x 71B)
Class com.google.common.base.Predicate                                                : loaded 2 times (x 72B)
Class [Lcom.google.common.cache.LocalCache$Strength;                                  : loaded 2 times (x 71B)
Class com.google.common.cache.CacheBuilder$1                                          : loaded 2 times (x 87B)
Class com.google.common.collect.ImmutableMap                                          : loaded 2 times (x 122B)
Class org.gradle.internal.classpath.DefaultClassPath$ImmutableUniqueList$Builder      : loaded 2 times (x 77B)
Class com.google.common.base.CharMatcher$NegatedFastMatcher                           : loaded 2 times (x 115B)
Class com.google.common.cache.LocalCache                                              : loaded 2 times (x 188B)
Class com.google.common.cache.CacheBuilder$2                                          : loaded 2 times (x 81B)
Class [Lcom.google.common.collect.AbstractMapEntry;                                   : loaded 2 times (x 71B)
Class com.google.common.collect.ImmutableEntry                                        : loaded 2 times (x 84B)
Class com.google.common.cache.CacheBuilder$3                                          : loaded 2 times (x 74B)
Class com.google.common.collect.ArrayListMultimap                                     : loaded 2 times (x 173B)
Class org.gradle.api.GradleException                                                  : loaded 2 times (x 84B)
Class com.google.common.collect.CollectPreconditions                                  : loaded 2 times (x 73B)
Class [Lcom.google.common.io.FileWriteMode;                                           : loaded 2 times (x 71B)
Class com.google.common.collect.SortedMapDifference                                   : loaded 2 times (x 72B)
Class com.google.common.io.Files                                                      : loaded 2 times (x 73B)
Class com.google.common.cache.LocalCache$EntryFactory                                 : loaded 2 times (x 85B)
Class com.google.common.reflect.Types$NativeTypeVariableEquals                        : loaded 2 times (x 73B)
Class com.google.common.reflect.TypeParameter                                         : loaded 2 times (x 74B)
Class com.google.common.cache.LocalCache$AbstractReferenceEntry                       : loaded 2 times (x 109B)
Class org.gradle.internal.IoActions                                                   : loaded 2 times (x 73B)
Class com.google.common.cache.CacheLoader$InvalidCacheLoadException                   : loaded 2 times (x 84B)
Class com.google.common.collect.ImmutableSet$RegularSetBuilderImpl                    : loaded 2 times (x 78B)
Class com.google.common.cache.LocalCache$StrongEntry                                  : loaded 2 times (x 110B)
Class com.google.common.util.concurrent.AbstractFuture$TrustedFuture                  : loaded 2 times (x 116B)
Class com.google.common.cache.LoadingCache                                            : loaded 2 times (x 72B)
Class com.google.common.collect.RegularImmutableMap$BucketOverflowException           : loaded 2 times (x 84B)
Class [Lcom.google.common.cache.Weigher;                                              : loaded 2 times (x 71B)
Class com.google.common.collect.AbstractMapBasedMultimap$RandomAccessWrappedList      : loaded 2 times (x 207B)
Class com.google.common.reflect.Types$JavaVersion$1                                   : loaded 2 times (x 85B)
Class com.google.common.collect.RegularImmutableBiMap                                 : loaded 2 times (x 150B)
Class com.google.common.base.CharMatcher$Negated                                      : loaded 2 times (x 115B)
Class com.google.common.base.CharMatcher$Is                                           : loaded 2 times (x 113B)
Class com.google.common.cache.LocalCache$ValueReference                               : loaded 2 times (x 72B)
Class com.google.common.reflect.Types$JavaVersion$2                                   : loaded 2 times (x 85B)
Class com.google.common.reflect.Types                                                 : loaded 2 times (x 73B)
Class com.google.common.collect.Hashing                                               : loaded 2 times (x 73B)
Class com.google.common.util.concurrent.AbstractFuture$Failure                        : loaded 2 times (x 74B)
Class com.google.common.base.Equivalence$Equals                                       : loaded 2 times (x 84B)
Class com.google.common.base.Preconditions                                            : loaded 2 times (x 73B)
Class com.google.common.reflect.Types$JavaVersion$3                                   : loaded 2 times (x 85B)
Class com.google.common.collect.PeekingIterator                                       : loaded 2 times (x 72B)
Class com.google.common.io.CharSink                                                   : loaded 2 times (x 81B)
Class com.google.common.base.CharMatcher                                              : loaded 2 times (x 113B)
Class com.google.common.base.Joiner$1                                                 : loaded 2 times (x 83B)
Class com.google.common.collect.Maps$IteratorBasedAbstractMap                         : loaded 2 times (x 127B)
Class com.google.common.reflect.Types$JavaVersion$4                                   : loaded 2 times (x 85B)
Class com.google.common.collect.Table                                                 : loaded 2 times (x 72B)
Class com.google.common.base.CharMatcher$1                                            : loaded 2 times (x 115B)
Class com.google.common.base.CharMatcher$NamedFastMatcher                             : loaded 2 times (x 114B)
Class com.google.common.base.Joiner$2                                                 : loaded 2 times (x 82B)
Class com.google.common.cache.LocalCache$EntryFactory$1                               : loaded 2 times (x 85B)
Class [Lcom.google.common.cache.RemovalListener;                                      : loaded 2 times (x 71B)
Class com.google.common.reflect.Types$JavaVersion$5                                   : loaded 2 times (x 73B)
Class [Lcom.google.common.reflect.Types$ClassOwnership;                               : loaded 2 times (x 71B)
Class com.google.common.cache.LocalCache$EntryFactory$2                               : loaded 2 times (x 85B)
Class com.google.common.collect.ImmutableMapEntrySet$RegularEntrySet                  : loaded 2 times (x 154B)
Class com.google.common.cache.LocalCache$EntryFactory$3                               : loaded 2 times (x 85B)
Class com.google.common.base.Ticker$1                                                 : loaded 2 times (x 74B)
Class com.google.common.collect.Maps$BiMapConverter                                   : loaded 2 times (x 92B)
Class com.google.common.base.CharMatcher$InRange                                      : loaded 2 times (x 113B)
Class com.google.common.cache.LocalCache$EntryFactory$4                               : loaded 2 times (x 85B)
Class com.google.common.collect.ImmutableSet$Builder                                  : loaded 2 times (x 87B)
Class com.google.common.cache.LocalCache$EntryFactory$5                               : loaded 2 times (x 85B)
Class com.google.common.cache.LocalCache$EntryFactory$6                               : loaded 2 times (x 85B)
Class org.gradle.internal.installation.CurrentGradleInstallationLocator               : loaded 2 times (x 73B)
Class com.google.common.collect.Maps$KeySet                                           : loaded 2 times (x 139B)
Class com.google.common.collect.ImmutableSet$EmptySetBuilderImpl                      : loaded 2 times (x 78B)
Class com.google.common.cache.LocalCache$EntryFactory$7                               : loaded 2 times (x 85B)
Class com.google.common.collect.ImmutableList                                         : loaded 2 times (x 208B)
Class org.gradle.internal.service.DefaultServiceLocator                               : loaded 2 times (x 85B)
Class com.google.common.collect.Maps$EntrySet                                         : loaded 2 times (x 138B)
Class com.google.common.cache.LocalCache$EntryFactory$8                               : loaded 2 times (x 85B)
Class com.google.common.collect.ImmutableSet$SetBuilderImpl                           : loaded 2 times (x 78B)
Class org.gradle.internal.installation.CurrentGradleInstallation                      : loaded 2 times (x 75B)
Class com.google.common.collect.ImmutableList$SubList                                 : loaded 2 times (x 211B)
Class com.google.common.cache.CacheLoader$1                                           : loaded 2 times (x 77B)
Class org.gradle.util.internal.GUtil                                                  : loaded 2 times (x 73B)
Class com.google.common.io.ByteSource                                                 : loaded 2 times (x 86B)
Class com.google.common.cache.AbstractCache$StatsCounter                              : loaded 2 times (x 72B)
Class com.google.common.reflect.Types$TypeVariableImpl                                : loaded 2 times (x 74B)
Class com.google.common.collect.Iterators$MergingIterator                             : loaded 2 times (x 83B)
Class com.google.common.collect.RegularImmutableSet                                   : loaded 2 times (x 150B)
Class org.gradle.internal.installation.GradleInstallation                             : loaded 2 times (x 77B)
Class com.google.common.base.Splitter$Strategy                                        : loaded 2 times (x 72B)

---------------  S Y S T E M  ---------------

OS:
 Windows 11 , 64 bit Build 26100 (10.0.26100.9444)
OS uptime: 3 days 12:27 hours
Hyper-V role detected

CPU: total 16 (initial active 16) (16 cores per cpu, 2 threads per core) family 25 model 80 stepping 0 microcode 0xa500014, cx8, cmov, fxsr, ht, mmx, 3dnowpref, sse, sse2, sse3, ssse3, sse4a, sse4.1, sse4.2, popcnt, lzcnt, tsc, tscinvbit, avx, avx2, aes, erms, clmul, bmi1, bmi2, adx, sha, fma, vzeroupper, clflush, clflushopt, clwb, hv, rdtscp, rdpid, fsrm, f16c, cet_ss
Processor Information for processor 0
  Max Mhz: 2000, Current Mhz: 1890, Mhz Limit: 2000
Processor Information for processor 1
  Max Mhz: 2000, Current Mhz: 1890, Mhz Limit: 2000
Processor Information for processor 2
  Max Mhz: 2000, Current Mhz: 1890, Mhz Limit: 2000
Processor Information for processor 3
  Max Mhz: 2000, Current Mhz: 1890, Mhz Limit: 2000
Processor Information for processor 4
  Max Mhz: 2000, Current Mhz: 1890, Mhz Limit: 2000
Processor Information for processor 5
  Max Mhz: 2000, Current Mhz: 1890, Mhz Limit: 2000
Processor Information for processor 6
  Max Mhz: 2000, Current Mhz: 1808, Mhz Limit: 2000
Processor Information for processor 7
  Max Mhz: 2000, Current Mhz: 1890, Mhz Limit: 2000
Processor Information for processor 8
  Max Mhz: 2000, Current Mhz: 1890, Mhz Limit: 2000
Processor Information for processor 9
  Max Mhz: 2000, Current Mhz: 1890, Mhz Limit: 2000
Processor Information for processor 10
  Max Mhz: 2000, Current Mhz: 1890, Mhz Limit: 2000
Processor Information for processor 11
  Max Mhz: 2000, Current Mhz: 1890, Mhz Limit: 2000
Processor Information for processor 12
  Max Mhz: 2000, Current Mhz: 1890, Mhz Limit: 2000
Processor Information for processor 13
  Max Mhz: 2000, Current Mhz: 1890, Mhz Limit: 2000
Processor Information for processor 14
  Max Mhz: 2000, Current Mhz: 1808, Mhz Limit: 2000
Processor Information for processor 15
  Max Mhz: 2000, Current Mhz: 1890, Mhz Limit: 2000

Memory: 4k page, system-wide physical 5981M (45M free)
TotalPageFile size 24413M (AvailPageFile size 4M)
current process WorkingSet (physical memory assigned to process): 372M, peak: 372M
current process commit charge ("private bytes"): 460M, peak: 460M

vm_info: OpenJDK 64-Bit Server VM (25.0.2+-15348964-b329.117) for windows-amd64 JRE (25.0.2+-15348964-b329.117), built on 2026-05-05T18:25:19Z with MS VC++ 16.10 / 16.11 (VS2019)

END.
