#
# There is insufficient memory for the Java Runtime Environment to continue.
# Native memory allocation (malloc) failed to allocate 1427736 bytes. Error detail: Chunk::new
# Possible reasons:
#   The system is out of physical RAM or swap space
#   This process is running with CompressedOops enabled, and the Java Heap may be blocking the growth of the native heap
# Possible solutions:
#   Reduce memory load on the system
#   Increase physical memory or swap space
#   Check if swap backing store is full
#   Decrease Java heap size (-Xmx/-Xms)
#   Decrease number of Java threads
#   Decrease Java thread stack sizes (-Xss)
#   Set larger code cache with -XX:ReservedCodeCacheSize=
#   JVM is running with Unscaled Compressed Oops mode in which the Java heap is
#     placed in the first 4GB address space. The Java Heap base address is the
#     maximum limit for the native heap growth. Please use -XX:HeapBaseMinAddress
#     to set the Java Heap base and to place the Java Heap above 4GB virtual address.
# This output file may be truncated or incomplete.
#
#  Out of Memory Error (arena.cpp:186), pid=9580, tid=656
#
# JRE version: OpenJDK Runtime Environment (25.0.2) (build 25.0.2+-15348964-b329.117)
# Java VM: OpenJDK 64-Bit Server VM (25.0.2+-15348964-b329.117, mixed mode, tiered, compressed oops, compressed class ptrs, g1 gc, windows-amd64)
# No core dump will be written. Minidumps are not enabled by default on client versions of Windows
#

---------------  S U M M A R Y ------------

Command Line: --add-opens=java.base/java.lang=ALL-UNNAMED --add-opens=java.base/java.lang.invoke=ALL-UNNAMED --add-opens=java.base/java.util=ALL-UNNAMED --add-opens=java.prefs/java.util.prefs=ALL-UNNAMED --add-exports=jdk.compiler/com.sun.tools.javac.api=ALL-UNNAMED --add-exports=jdk.compiler/com.sun.tools.javac.util=ALL-UNNAMED --add-opens=java.base/java.nio.charset=ALL-UNNAMED --add-opens=java.base/java.net=ALL-UNNAMED --add-opens=java.base/java.util.concurrent=ALL-UNNAMED --add-opens=java.base/java.util.concurrent.atomic=ALL-UNNAMED --add-opens=java.xml/javax.xml.namespace=ALL-UNNAMED --add-opens=java.base/java.time=ALL-UNNAMED --enable-native-access=ALL-UNNAMED -Xmx2048m -Dfile.encoding=UTF-8 -Duser.country=ZA -Duser.language=en -Duser.variant -javaagent:C:\Users\indie\.gradle\wrapper\dists\gradle-9.5.0-bin\bvnork1r7n8i6kp5cnkibsc9q\gradle-9.5.0\lib\agents\gradle-instrumentation-agent-9.5.0.jar org.gradle.launcher.daemon.bootstrap.GradleDaemon 9.5.0

Host: AMD Ryzen 7 7730U with Radeon Graphics         , 16 cores, 5G,  Windows 11 , 64 bit Build 26100 (10.0.26100.9444)
Time: Sun Sep 20 23:26:11 2026 South Africa Standard Time elapsed time: 4089.292013 seconds (0d 1h 8m 9s)

---------------  T H R E A D  ---------------

Current thread (0x0000027d7f346c10):  JavaThread "C2 CompilerThread0" daemon [_thread_in_native, id=656, stack(0x000000f2bbb00000,0x000000f2bbc00000) (1024K)]


Current CompileTask:
C2:4089292 38888       4       java.math.BigInteger::add (215 bytes)

Stack: [0x000000f2bbb00000,0x000000f2bbc00000]
Native frames: (J=compiled Java code, j=interpreted, Vv=VM code, C=native code)
V  [jvm.dll+0x7bd439]  (no source info available)
V  [jvm.dll+0x78763d]  (no source info available)
V  [jvm.dll+0xa0c885]  (no source info available)
V  [jvm.dll+0xa0ef04]  (no source info available)
V  [jvm.dll+0xa0f603]  (no source info available)
V  [jvm.dll+0x309bf6]  (no source info available)
V  [jvm.dll+0x10ea69]  (no source info available)
V  [jvm.dll+0x10ed92]  (no source info available)
V  [jvm.dll+0x1a9837]  (no source info available)
V  [jvm.dll+0x3bec92]  (no source info available)
V  [jvm.dll+0x7c2cb7]  (no source info available)
V  [jvm.dll+0x2ce046]  (no source info available)
V  [jvm.dll+0x2cd221]  (no source info available)
V  [jvm.dll+0x242ffa]  (no source info available)
V  [jvm.dll+0x2dcc05]  (no source info available)
V  [jvm.dll+0x2dae06]  (no source info available)
V  [jvm.dll+0x49b59e]  (no source info available)
V  [jvm.dll+0x9ab9c8]  (no source info available)
V  [jvm.dll+0x7bb985]  (no source info available)
C  [ucrtbase.dll+0x2cd30]  (no source info available)
C  [KERNEL32.DLL+0x2cd87]  (no source info available)
C  [ntdll.dll+0xacaec]  (no source info available)

Lock stack of current Java thread (top to bottom):


---------------  P R O C E S S  ---------------

Threads class SMR info:
_java_thread_list=0x0000027d1112bc60, length=98, elements={
0x0000027d66e4d280, 0x0000027d7f315970, 0x0000027d7f3177e0, 0x0000027d7f335e90,
0x0000027d7f6d0090, 0x0000027d7f6d0c50, 0x0000027d7f6d1810, 0x0000027d7f344640,
0x0000027d7f346c10, 0x0000027d7f34d430, 0x0000027d7f6d56d0, 0x0000027d7f6d85b0,
0x0000027d04164c90, 0x0000027d04165c30, 0x0000027d05ecbd50, 0x0000027d05ec9e10,
0x0000027d04413a20, 0x0000027d07e40200, 0x0000027d07e411a0, 0x0000027d07e3e2c0,
0x0000027d07e42910, 0x0000027d07e41970, 0x0000027d07e44850, 0x0000027d07e438b0,
0x0000027d07e45020, 0x0000027d7f6d2020, 0x0000027d07c07390, 0x0000027d07c07b60,
0x0000027d07c08330, 0x0000027d07c0b9e0, 0x0000027d07c0e0f0, 0x0000027d07c0d920,
0x0000027d07c0c980, 0x0000027d058ac940, 0x0000027d058ac170, 0x0000027d058ae0b0,
0x0000027d074f86b0, 0x0000027d0677b380, 0x0000027d06db4d50, 0x0000027d1268b860,
0x0000027d1268b090, 0x0000027d0f800560, 0x0000027d10cd83c0, 0x0000027d2c676d50,
0x0000027d110d3770, 0x0000027d110d56b0, 0x0000027d13be08b0, 0x0000027d099f2780,
0x0000027d099f1010, 0x0000027d12e6de50, 0x0000027d12e6edf0, 0x0000027d12e6e620,
0x0000027d12e6f5c0, 0x0000027d1246afb0, 0x0000027d12469840, 0x0000027d1246b780,
0x0000027d099f17e0, 0x0000027d099f1fb0, 0x0000027d102d9f20, 0x0000027d102dbe60,
0x0000027d102dc630, 0x0000027d102da6f0, 0x0000027d0420ccd0, 0x0000027d2d160ad0,
0x0000027d2d15e3c0, 0x0000027d2d15eb90, 0x0000027d2d15f360, 0x0000027d2d15fb30,
0x0000027d11ba5d70, 0x0000027d115e3fc0, 0x0000027d115e5730, 0x0000027d115e4790,
0x0000027d07c6d350, 0x0000027d120f1bf0, 0x0000027d120f0c50, 0x0000027d13c5c630,
0x0000027d13c5ce00, 0x0000027d13c59f20, 0x0000027d13c5a6f0, 0x0000027d12f8f900,
0x0000027d12f900d0, 0x0000027d12f8e960, 0x0000027d12f8d9c0, 0x0000027d12f908a0,
0x0000027d12f8d1f0, 0x0000027d12f8e190, 0x0000027d12f8f130, 0x0000027d12f919d0,
0x0000027d12f921a0, 0x0000027d12f92970, 0x0000027d05e2eaf0, 0x0000027d13c56730,
0x0000027d0576b030, 0x0000027d0576b800, 0x0000027d06d078a0, 0x0000027d07c6bbe0,
0x0000027d095dcdf0, 0x0000027d095dc620
}

Java Threads: ( => current thread )
  0x0000027d66e4d280 JavaThread "main"                              [_thread_blocked, id=25040, stack(0x000000f2bac00000,0x000000f2bad00000) (1024K)]
  0x0000027d7f315970 JavaThread "Common-Cleaner"             daemon [_thread_blocked, id=30120, stack(0x000000f2bb400000,0x000000f2bb500000) (1024K)]
  0x0000027d7f3177e0 JavaThread "Reference Handler"          daemon [_thread_blocked, id=30196, stack(0x000000f2bb500000,0x000000f2bb600000) (1024K)]
  0x0000027d7f335e90 JavaThread "Finalizer"                  daemon [_thread_blocked, id=27436, stack(0x000000f2bb600000,0x000000f2bb700000) (1024K)]
  0x0000027d7f6d0090 JavaThread "Signal Dispatcher"          daemon [_thread_blocked, id=24636, stack(0x000000f2bb700000,0x000000f2bb800000) (1024K)]
  0x0000027d7f6d0c50 JavaThread "Attach Listener"            daemon [_thread_blocked, id=25348, stack(0x000000f2bb800000,0x000000f2bb900000) (1024K)]
  0x0000027d7f6d1810 JavaThread "Service Thread"             daemon [_thread_blocked, id=2992, stack(0x000000f2bb900000,0x000000f2bba00000) (1024K)]
  0x0000027d7f344640 JavaThread "Monitor Deflation Thread"   daemon [_thread_blocked, id=28948, stack(0x000000f2bba00000,0x000000f2bbb00000) (1024K)]
=>0x0000027d7f346c10 JavaThread "C2 CompilerThread0"         daemon [_thread_in_native, id=656, stack(0x000000f2bbb00000,0x000000f2bbc00000) (1024K)]
  0x0000027d7f34d430 JavaThread "C1 CompilerThread0"         daemon [_thread_blocked, id=8848, stack(0x000000f2bbc00000,0x000000f2bbd00000) (1024K)]
  0x0000027d7f6d56d0 JavaThread "Notification Thread"        daemon [_thread_blocked, id=12368, stack(0x000000f2bbd00000,0x000000f2bbe00000) (1024K)]
  0x0000027d7f6d85b0 JavaThread "Daemon health stats"               [_thread_blocked, id=28520, stack(0x000000f2bc400000,0x000000f2bc500000) (1024K)]
  0x0000027d04164c90 JavaThread "Incoming local TCP Connector on port 62818"        [_thread_in_native, id=29228, stack(0x000000f2bc500000,0x000000f2bc600000) (1024K)]
  0x0000027d04165c30 JavaThread "Daemon periodic checks"            [_thread_blocked, id=22116, stack(0x000000f2bc600000,0x000000f2bc700000) (1024K)]
  0x0000027d05ecbd50 JavaThread "Cache worker for journal cache (C:\Users\indie\.gradle\caches\journal-1)"        [_thread_blocked, id=29636, stack(0x000000f2bd700000,0x000000f2bd800000) (1024K)]
  0x0000027d05ec9e10 JavaThread "File lock request listener"        [_thread_in_native, id=27456, stack(0x000000f2bd800000,0x000000f2bd900000) (1024K)]
  0x0000027d04413a20 JavaThread "Cache worker for file hash cache (C:\Users\indie\.gradle\caches\9.5.0\fileHashes)"        [_thread_blocked, id=25836, stack(0x000000f2bd900000,0x000000f2bda00000) (1024K)]
  0x0000027d07e40200 JavaThread "File watcher server"        daemon [_thread_in_native, id=9064, stack(0x000000f2bdf00000,0x000000f2be000000) (1024K)]
  0x0000027d07e411a0 JavaThread "File watcher consumer"      daemon [_thread_blocked, id=29124, stack(0x000000f2be000000,0x000000f2be100000) (1024K)]
  0x0000027d07e3e2c0 JavaThread "jar transforms"                    [_thread_blocked, id=28228, stack(0x000000f2be100000,0x000000f2be200000) (1024K)]
  0x0000027d07e42910 JavaThread "jar transforms Thread 2"           [_thread_blocked, id=24752, stack(0x000000f2be200000,0x000000f2be300000) (1024K)]
  0x0000027d07e41970 JavaThread "jar transforms Thread 3"           [_thread_blocked, id=13304, stack(0x000000f2be300000,0x000000f2be400000) (1024K)]
  0x0000027d07e44850 JavaThread "jar transforms Thread 4"           [_thread_blocked, id=28444, stack(0x000000f2be400000,0x000000f2be500000) (1024K)]
  0x0000027d07e438b0 JavaThread "jar transforms Thread 5"           [_thread_blocked, id=28508, stack(0x000000f2be500000,0x000000f2be600000) (1024K)]
  0x0000027d07e45020 JavaThread "jar transforms Thread 6"           [_thread_blocked, id=29148, stack(0x000000f2be600000,0x000000f2be700000) (1024K)]
  0x0000027d7f6d2020 JavaThread "jar transforms Thread 7"           [_thread_blocked, id=2572, stack(0x000000f2be700000,0x000000f2be800000) (1024K)]
  0x0000027d07c07390 JavaThread "jar transforms Thread 8"           [_thread_blocked, id=20920, stack(0x000000f2be800000,0x000000f2be900000) (1024K)]
  0x0000027d07c07b60 JavaThread "jar transforms Thread 9"           [_thread_blocked, id=2356, stack(0x000000f2be900000,0x000000f2bea00000) (1024K)]
  0x0000027d07c08330 JavaThread "jar transforms Thread 10"          [_thread_blocked, id=17040, stack(0x000000f2bea00000,0x000000f2beb00000) (1024K)]
  0x0000027d07c0b9e0 JavaThread "jar transforms Thread 11"          [_thread_blocked, id=18224, stack(0x000000f2beb00000,0x000000f2bec00000) (1024K)]
  0x0000027d07c0e0f0 JavaThread "jar transforms Thread 12"          [_thread_blocked, id=29856, stack(0x000000f2bec00000,0x000000f2bed00000) (1024K)]
  0x0000027d07c0d920 JavaThread "jar transforms Thread 13"          [_thread_blocked, id=12564, stack(0x000000f2bed00000,0x000000f2bee00000) (1024K)]
  0x0000027d07c0c980 JavaThread "jar transforms Thread 14"          [_thread_blocked, id=5296, stack(0x000000f2bee00000,0x000000f2bef00000) (1024K)]
  0x0000027d058ac940 JavaThread "jar transforms Thread 15"          [_thread_blocked, id=2288, stack(0x000000f2bef00000,0x000000f2bf000000) (1024K)]
  0x0000027d058ac170 JavaThread "jar transforms Thread 16"          [_thread_blocked, id=26932, stack(0x000000f2bf000000,0x000000f2bf100000) (1024K)]
  0x0000027d058ae0b0 JavaThread "Cache worker for file content cache (C:\Users\indie\.gradle\caches\9.5.0\fileContent)"        [_thread_blocked, id=26452, stack(0x000000f2bda00000,0x000000f2bdb00000) (1024K)]
  0x0000027d074f86b0 JavaThread "Memory manager"                    [_thread_blocked, id=9388, stack(0x000000f2bf400000,0x000000f2bf500000) (1024K)]
  0x0000027d0677b380 JavaThread "pool-3-thread-1"                   [_thread_blocked, id=29932, stack(0x000000f2c0500000,0x000000f2c0600000) (1024K)]
  0x0000027d06db4d50 JavaThread "Cache worker for Kotlin DSL Plugin Entries (C:\Users\indie\Documents\Projects\Kotlin Learning\Identity\.gradle\9.5.0\kotlin-dsl-plugin-entries)"        [_thread_blocked, id=10668, stack(0x000000f2c0200000,0x000000f2c0300000) (1024K)]
  0x0000027d1268b860 JavaThread "DefaultDispatcher-worker-1" daemon [_thread_blocked, id=14060, stack(0x000000f2c0400000,0x000000f2c0500000) (1024K)]
  0x0000027d1268b090 JavaThread "DefaultDispatcher-worker-2" daemon [_thread_blocked, id=29844, stack(0x000000f2c0700000,0x000000f2c0800000) (1024K)]
  0x0000027d0f800560 JavaThread "DefaultDispatcher-worker-3" daemon [_thread_blocked, id=31160, stack(0x000000f2c0800000,0x000000f2c0900000) (1024K)]
  0x0000027d10cd83c0 JavaThread "DefaultDispatcher-worker-4" daemon [_thread_blocked, id=31380, stack(0x000000f2bde00000,0x000000f2bdf00000) (1024K)]
  0x0000027d2c676d50 JavaThread "pool-8-thread-1"                   [_thread_blocked, id=29208, stack(0x000000f2bab00000,0x000000f2bac00000) (1024K)]
  0x0000027d110d3770 JavaThread "Daemon Thread 5"                   [_thread_blocked, id=29908, stack(0x000000f2ba900000,0x000000f2baa00000) (1024K)]
  0x0000027d110d56b0 JavaThread "Daemon Thread 6"                   [_thread_blocked, id=17100, stack(0x000000f2baa00000,0x000000f2bab00000) (1024K)]
  0x0000027d13be08b0 JavaThread "Handler for socket connection from /127.0.0.1:62818 to /127.0.0.1:64083"        [_thread_in_native, id=13564, stack(0x000000f2bc700000,0x000000f2bc800000) (1024K)]
  0x0000027d099f2780 JavaThread "Cancel handler"                    [_thread_blocked, id=26748, stack(0x000000f2bc800000,0x000000f2bc900000) (1024K)]
  0x0000027d099f1010 JavaThread "Daemon worker Thread 3"            [_thread_blocked, id=1884, stack(0x000000f2bbe00000,0x000000f2bbf00000) (1024K)]
  0x0000027d12e6de50 JavaThread "Asynchronous log dispatcher for DefaultDaemonConnection: socket connection from /127.0.0.1:62818 to /127.0.0.1:64083"        [_thread_blocked, id=25756, stack(0x000000f2bd200000,0x000000f2bd300000) (1024K)]
  0x0000027d12e6edf0 JavaThread "Stdin handler"                     [_thread_blocked, id=22692, stack(0x000000f2bd300000,0x000000f2bd400000) (1024K)]
  0x0000027d12e6e620 JavaThread "Daemon client event forwarder"        [_thread_blocked, id=29296, stack(0x000000f2bd400000,0x000000f2bd500000) (1024K)]
  0x0000027d12e6f5c0 JavaThread "Cache worker for file hash cache (C:\Users\indie\Documents\Projects\Kotlin Learning\Identity\.gradle\9.5.0\fileHashes)"        [_thread_blocked, id=16608, stack(0x000000f2bd600000,0x000000f2bd700000) (1024K)]
  0x0000027d1246afb0 JavaThread "Cache worker for Build Output Cleanup Cache (C:\Users\indie\Documents\Projects\Kotlin Learning\Identity\.gradle\buildOutputCleanup)"        [_thread_blocked, id=31240, stack(0x000000f2bdb00000,0x000000f2bdc00000) (1024K)]
  0x0000027d12469840 JavaThread "Cache worker for checksums cache (C:\Users\indie\Documents\Projects\Kotlin Learning\Identity\.gradle\9.5.0\checksums)"        [_thread_blocked, id=23984, stack(0x000000f2bd500000,0x000000f2bd600000) (1024K)]
  0x0000027d1246b780 JavaThread "Cache worker for cache directory md-supplier (C:\Users\indie\.gradle\caches\9.5.0\md-supplier)"        [_thread_blocked, id=30520, stack(0x000000f2bdc00000,0x000000f2bdd00000) (1024K)]
  0x0000027d099f17e0 JavaThread "Cache worker for cache directory md-rule (C:\Users\indie\.gradle\caches\9.5.0\md-rule)"        [_thread_blocked, id=26324, stack(0x000000f2bdd00000,0x000000f2bde00000) (1024K)]
  0x0000027d099f1fb0 JavaThread "Build operations"                  [_thread_blocked, id=7260, stack(0x000000f2bf100000,0x000000f2bf200000) (1024K)]
  0x0000027d102d9f20 JavaThread "Build operations Thread 2"         [_thread_blocked, id=23952, stack(0x000000f2bf200000,0x000000f2bf300000) (1024K)]
  0x0000027d102dbe60 JavaThread "Build operations Thread 3"         [_thread_blocked, id=14376, stack(0x000000f2bf300000,0x000000f2bf400000) (1024K)]
  0x0000027d102dc630 JavaThread "Build operations Thread 4"         [_thread_blocked, id=31164, stack(0x000000f2bf500000,0x000000f2bf600000) (1024K)]
  0x0000027d102da6f0 JavaThread "Build operations Thread 5"         [_thread_blocked, id=28840, stack(0x000000f2bf600000,0x000000f2bf700000) (1024K)]
  0x0000027d0420ccd0 JavaThread "Build operations Thread 6"         [_thread_blocked, id=27972, stack(0x000000f2bf700000,0x000000f2bf800000) (1024K)]
  0x0000027d2d160ad0 JavaThread "Build operations Thread 7"         [_thread_blocked, id=11236, stack(0x000000f2bf800000,0x000000f2bf900000) (1024K)]
  0x0000027d2d15e3c0 JavaThread "Build operations Thread 8"         [_thread_blocked, id=31468, stack(0x000000f2bf900000,0x000000f2bfa00000) (1024K)]
  0x0000027d2d15eb90 JavaThread "Build operations Thread 9"         [_thread_blocked, id=2084, stack(0x000000f2bfa00000,0x000000f2bfb00000) (1024K)]
  0x0000027d2d15f360 JavaThread "Build operations Thread 10"        [_thread_blocked, id=24536, stack(0x000000f2bfb00000,0x000000f2bfc00000) (1024K)]
  0x0000027d2d15fb30 JavaThread "Build operations Thread 11"        [_thread_blocked, id=31680, stack(0x000000f2bfc00000,0x000000f2bfd00000) (1024K)]
  0x0000027d11ba5d70 JavaThread "Build operations Thread 12"        [_thread_blocked, id=24984, stack(0x000000f2bfd00000,0x000000f2bfe00000) (1024K)]
  0x0000027d115e3fc0 JavaThread "Build operations Thread 13"        [_thread_blocked, id=15328, stack(0x000000f2bfe00000,0x000000f2bff00000) (1024K)]
  0x0000027d115e5730 JavaThread "Build operations Thread 14"        [_thread_blocked, id=10332, stack(0x000000f2bff00000,0x000000f2c0000000) (1024K)]
  0x0000027d115e4790 JavaThread "Build operations Thread 15"        [_thread_blocked, id=19404, stack(0x000000f2c0100000,0x000000f2c0200000) (1024K)]
  0x0000027d07c6d350 JavaThread "Build operations Thread 16"        [_thread_blocked, id=6900, stack(0x000000f2c0300000,0x000000f2c0400000) (1024K)]
  0x0000027d120f1bf0 JavaThread "pool-12-thread-1"                  [_thread_blocked, id=31324, stack(0x000000f2c0600000,0x000000f2c0700000) (1024K)]
  0x0000027d120f0c50 JavaThread "included builds"                   [_thread_blocked, id=27464, stack(0x000000f2c0900000,0x000000f2c0a00000) (1024K)]
  0x0000027d13c5c630 JavaThread "Execution worker"                  [_thread_blocked, id=2472, stack(0x000000f2c0a00000,0x000000f2c0b00000) (1024K)]
  0x0000027d13c5ce00 JavaThread "Execution worker Thread 2"         [_thread_blocked, id=19584, stack(0x000000f2c0b00000,0x000000f2c0c00000) (1024K)]
  0x0000027d13c59f20 JavaThread "Execution worker Thread 3"         [_thread_blocked, id=31292, stack(0x000000f2c0c00000,0x000000f2c0d00000) (1024K)]
  0x0000027d13c5a6f0 JavaThread "Execution worker Thread 4"         [_thread_blocked, id=14120, stack(0x000000f2c0d00000,0x000000f2c0e00000) (1024K)]
  0x0000027d12f8f900 JavaThread "Execution worker Thread 5"         [_thread_blocked, id=31092, stack(0x000000f2c0e00000,0x000000f2c0f00000) (1024K)]
  0x0000027d12f900d0 JavaThread "Execution worker Thread 6"         [_thread_blocked, id=19588, stack(0x000000f2c0f00000,0x000000f2c1000000) (1024K)]
  0x0000027d12f8e960 JavaThread "Execution worker Thread 7"         [_thread_blocked, id=17980, stack(0x000000f2c1000000,0x000000f2c1100000) (1024K)]
  0x0000027d12f8d9c0 JavaThread "Execution worker Thread 8"         [_thread_blocked, id=20704, stack(0x000000f2c1100000,0x000000f2c1200000) (1024K)]
  0x0000027d12f908a0 JavaThread "Execution worker Thread 9"         [_thread_blocked, id=13364, stack(0x000000f2c1200000,0x000000f2c1300000) (1024K)]
  0x0000027d12f8d1f0 JavaThread "Execution worker Thread 10"        [_thread_blocked, id=24280, stack(0x000000f2c1300000,0x000000f2c1400000) (1024K)]
  0x0000027d12f8e190 JavaThread "Execution worker Thread 11"        [_thread_blocked, id=19996, stack(0x000000f2c1400000,0x000000f2c1500000) (1024K)]
  0x0000027d12f8f130 JavaThread "Execution worker Thread 12"        [_thread_blocked, id=25112, stack(0x000000f2c1500000,0x000000f2c1600000) (1024K)]
  0x0000027d12f919d0 JavaThread "Execution worker Thread 13"        [_thread_blocked, id=9612, stack(0x000000f2c1600000,0x000000f2c1700000) (1024K)]
  0x0000027d12f921a0 JavaThread "Execution worker Thread 14"        [_thread_blocked, id=13356, stack(0x000000f2c1700000,0x000000f2c1800000) (1024K)]
  0x0000027d12f92970 JavaThread "Execution worker Thread 15"        [_thread_blocked, id=31288, stack(0x000000f2c1800000,0x000000f2c1900000) (1024K)]
  0x0000027d05e2eaf0 JavaThread "Cache worker for execution history cache (C:\Users\indie\Documents\Projects\Kotlin Learning\Identity\.gradle\9.5.0\executionHistory)"        [_thread_blocked, id=4732, stack(0x000000f2c1900000,0x000000f2c1a00000) (1024K)]
  0x0000027d13c56730 JavaThread "idea-tooling-model-converter"        [_thread_blocked, id=9632, stack(0x000000f2c1a00000,0x000000f2c1b00000) (1024K)]
  0x0000027d0576b030 JavaThread "Unconstrained build operations"        [_thread_blocked, id=8876, stack(0x000000f2c1c00000,0x000000f2c1d00000) (1024K)]
  0x0000027d0576b800 JavaThread "Unconstrained build operations Thread 2"        [_thread_blocked, id=28480, stack(0x000000f2c1d00000,0x000000f2c1e00000) (1024K)]
  0x0000027d06d078a0 JavaThread "C1 CompilerThread1"         daemon [_thread_blocked, id=29412, stack(0x000000f2c1b00000,0x000000f2c1c00000) (1024K)]
  0x0000027d07c6bbe0 JavaThread "Unconstrained build operations Thread 3"        [_thread_in_native, id=20984, stack(0x000000f2c1e00000,0x000000f2c1f00000) (1024K)]
  0x0000027d095dcdf0 JavaThread "Unconstrained build operations Thread 4"        [_thread_in_native, id=19752, stack(0x000000f2c1f00000,0x000000f2c2000000) (1024K)]
  0x0000027d095dc620 JavaThread "Unconstrained build operations Thread 5"        [_thread_in_native, id=21640, stack(0x000000f2c2000000,0x000000f2c2100000) (1024K)]
Total: 98

Other Threads:
  0x0000027d7f2ee090 VMThread "VM Thread"                           [id=25912, stack(0x000000f2bb300000,0x000000f2bb400000) (1024K)]
  0x0000027d7f2aab70 WatcherThread "VM Periodic Task Thread"        [id=17396, stack(0x000000f2bb200000,0x000000f2bb300000) (1024K)]
  0x0000027d66ea8c90 WorkerThread "GC Thread#0"                     [id=23608, stack(0x000000f2bad00000,0x000000f2bae00000) (1024K)]
  0x0000027d04983bb0 WorkerThread "GC Thread#1"                     [id=26580, stack(0x000000f2bbf00000,0x000000f2bc000000) (1024K)]
  0x0000027d04fc25b0 WorkerThread "GC Thread#2"                     [id=5776, stack(0x000000f2bc000000,0x000000f2bc100000) (1024K)]
  0x0000027d04fad3f0 WorkerThread "GC Thread#3"                     [id=13484, stack(0x000000f2bc100000,0x000000f2bc200000) (1024K)]
  0x0000027d04fafc30 WorkerThread "GC Thread#4"                     [id=29484, stack(0x000000f2bc200000,0x000000f2bc300000) (1024K)]
  0x0000027d7f820300 WorkerThread "GC Thread#5"                     [id=28700, stack(0x000000f2bc300000,0x000000f2bc400000) (1024K)]
  0x0000027d05c04c30 WorkerThread "GC Thread#6"                     [id=30240, stack(0x000000f2bc900000,0x000000f2bca00000) (1024K)]
  0x0000027d05c06610 WorkerThread "GC Thread#7"                     [id=6140, stack(0x000000f2bca00000,0x000000f2bcb00000) (1024K)]
  0x0000027d05c02e00 WorkerThread "GC Thread#8"                     [id=17352, stack(0x000000f2bcb00000,0x000000f2bcc00000) (1024K)]
  0x0000027d05c054d0 WorkerThread "GC Thread#9"                     [id=27236, stack(0x000000f2bcc00000,0x000000f2bcd00000) (1024K)]
  0x0000027d05c05080 WorkerThread "GC Thread#10"                    [id=26148, stack(0x000000f2bcd00000,0x000000f2bce00000) (1024K)]
  0x0000027d05c06eb0 WorkerThread "GC Thread#11"                    [id=24632, stack(0x000000f2bce00000,0x000000f2bcf00000) (1024K)]
  0x0000027d05c036a0 WorkerThread "GC Thread#12"                    [id=12388, stack(0x000000f2bcf00000,0x000000f2bd000000) (1024K)]
  0x0000027d66ec2ba0 ConcurrentGCThread "G1 Main Marker"            [id=28604, stack(0x000000f2bae00000,0x000000f2baf00000) (1024K)]
  0x0000027d66ec3ee0 WorkerThread "G1 Conc#0"                       [id=15984, stack(0x000000f2baf00000,0x000000f2bb000000) (1024K)]
  0x0000027d05c05920 WorkerThread "G1 Conc#1"                       [id=18360, stack(0x000000f2bd000000,0x000000f2bd100000) (1024K)]
  0x0000027d05c03af0 WorkerThread "G1 Conc#2"                       [id=10940, stack(0x000000f2bd100000,0x000000f2bd200000) (1024K)]
  0x0000027d7f179aa0 ConcurrentGCThread "G1 Refine#0"               [id=29384, stack(0x000000f2bb000000,0x000000f2bb100000) (1024K)]
  0x0000027d7f17a2b0 ConcurrentGCThread "G1 Service"                [id=28684, stack(0x000000f2bb100000,0x000000f2bb200000) (1024K)]
Total: 21

Threads with active compile tasks:
C2 CompilerThread0  4089574 38888       4       java.math.BigInteger::add (215 bytes)
Total: 1

VM state: not at safepoint (normal execution)

VM Mutex/Monitor currently owned by a thread: None

Heap address: 0x0000000080000000, size: 2048 MB, Compressed Oops mode: 32-bit

CDS archive(s) not mapped
Compressed class space mapped at: 0x0000000007000000-0x0000000047000000, reserved size: 1073741824
UseCompressedClassPointers 1, UseCompactObjectHeaders 0
Narrow klass pointer bits 32, Max shift 3
Narrow klass base: 0x0000000000000000, Narrow klass shift: 0
Encoding Range: [0x0000000000000000 - 0x0000000100000000), (4294967296 bytes)
Klass Range:    [0x0000000007000000 - 0x0000000047000000), (1073741824 bytes)
Klass ID Range:  [117440512 - 1191182329) (1073741817)
No protection zone.

GC Precious Log:
 CardTable entry size: 512
 Card Set container configuration: InlinePtr #cards 5 size 8 Array Of Cards #cards 10 size 36 Howl #buckets 4 coarsen threshold 1843 Howl Bitmap #cards 512 size 80 coarsen threshold 460 Card regions per heap region 1 cards per card region 2048
 CPUs: 16 total, 16 available
 Memory: 5981M
 Large Page Support: Disabled
 NUMA Support: Disabled
 Compressed Oops: Enabled (32-bit)
 Heap Region Size: 1M
 Heap Min Capacity: 8M
 Heap Initial Capacity: 94M
 Heap Max Capacity: 2G
 Pre-touch: Disabled
 Parallel Workers: 13
 Concurrent Workers: 3
 Concurrent Refinement Workers: 13
 Periodic GC: Disabled

Heap:
 garbage-first heap   total reserved 2097152K, committed 592896K, used 403968K [0x0000000080000000, 0x0000000100000000)
  region size 1024K, 40 young (40960K), 18 survivors (18432K)

Heap Regions: E=young(eden), S=young(survivor), O=old, HS=humongous(starts), HC=humongous(continues), CS=collection set, F=free, TAMS=top-at-mark-start, PB=parsable bottom
|   0|0x0000000080000000, 0x0000000080100000, 0x0000000080100000|100%|HS|  |TAMS 0x0000000080000000| PB 0x0000000080000000| Complete |  0
|   1|0x0000000080100000, 0x0000000080200000, 0x0000000080200000|100%|HC|  |TAMS 0x0000000080100000| PB 0x0000000080100000| Complete |  0
|   2|0x0000000080200000, 0x0000000080300000, 0x0000000080300000|100%|HC|  |TAMS 0x0000000080200000| PB 0x0000000080200000| Complete |  0
|   3|0x0000000080300000, 0x0000000080400000, 0x0000000080400000|100%|HC|  |TAMS 0x0000000080300000| PB 0x0000000080300000| Complete |  0
|   4|0x0000000080400000, 0x0000000080500000, 0x0000000080500000|100%| O|  |TAMS 0x0000000080400000| PB 0x0000000080400000| Untracked |  0
|   5|0x0000000080500000, 0x0000000080600000, 0x0000000080600000|100%| O|  |TAMS 0x0000000080500000| PB 0x0000000080500000| Untracked |  0
|   6|0x0000000080600000, 0x0000000080700000, 0x0000000080700000|100%| O|  |TAMS 0x0000000080600000| PB 0x0000000080600000| Untracked |  0
|   7|0x0000000080700000, 0x0000000080800000, 0x0000000080800000|100%|HS|  |TAMS 0x0000000080700000| PB 0x0000000080700000| Complete |  0
|   8|0x0000000080800000, 0x0000000080900000, 0x0000000080900000|100%| O|  |TAMS 0x0000000080800000| PB 0x0000000080800000| Untracked |  0
|   9|0x0000000080900000, 0x0000000080a00000, 0x0000000080a00000|100%| O|  |TAMS 0x0000000080900000| PB 0x0000000080900000| Untracked |  0
|  10|0x0000000080a00000, 0x0000000080b00000, 0x0000000080b00000|100%| O|  |TAMS 0x0000000080a00000| PB 0x0000000080a00000| Untracked |  0
|  11|0x0000000080b00000, 0x0000000080c00000, 0x0000000080c00000|100%| O|  |TAMS 0x0000000080b00000| PB 0x0000000080b00000| Untracked |  0
|  12|0x0000000080c00000, 0x0000000080d00000, 0x0000000080d00000|100%| O|  |TAMS 0x0000000080c00000| PB 0x0000000080c00000| Untracked |  0
|  13|0x0000000080d00000, 0x0000000080e00000, 0x0000000080e00000|100%| O|  |TAMS 0x0000000080d00000| PB 0x0000000080d00000| Untracked |  0
|  14|0x0000000080e00000, 0x0000000080f00000, 0x0000000080f00000|100%| O|  |TAMS 0x0000000080e00000| PB 0x0000000080e00000| Untracked |  0
|  15|0x0000000080f00000, 0x0000000081000000, 0x0000000081000000|100%| O|  |TAMS 0x0000000080f00000| PB 0x0000000080f00000| Untracked |  0
|  16|0x0000000081000000, 0x0000000081100000, 0x0000000081100000|100%| O|  |TAMS 0x0000000081000000| PB 0x0000000081000000| Untracked |  0
|  17|0x0000000081100000, 0x0000000081200000, 0x0000000081200000|100%| O|  |TAMS 0x0000000081100000| PB 0x0000000081100000| Untracked |  0
|  18|0x0000000081200000, 0x0000000081300000, 0x0000000081300000|100%| O|  |TAMS 0x0000000081200000| PB 0x0000000081200000| Untracked |  0
|  19|0x0000000081300000, 0x0000000081400000, 0x0000000081400000|100%| O|  |TAMS 0x0000000081300000| PB 0x0000000081300000| Untracked |  0
|  20|0x0000000081400000, 0x0000000081500000, 0x0000000081500000|100%| O|  |TAMS 0x0000000081400000| PB 0x0000000081400000| Untracked |  0
|  21|0x0000000081500000, 0x0000000081600000, 0x0000000081600000|100%| O|  |TAMS 0x0000000081500000| PB 0x0000000081500000| Untracked |  0
|  22|0x0000000081600000, 0x0000000081700000, 0x0000000081700000|100%| O|  |TAMS 0x0000000081600000| PB 0x0000000081600000| Untracked |  0
|  23|0x0000000081700000, 0x0000000081800000, 0x0000000081800000|100%| O|  |TAMS 0x0000000081700000| PB 0x0000000081700000| Untracked |  0
|  24|0x0000000081800000, 0x0000000081900000, 0x0000000081900000|100%|HS|  |TAMS 0x0000000081800000| PB 0x0000000081800000| Complete |  0
|  25|0x0000000081900000, 0x0000000081a00000, 0x0000000081a00000|100%|HC|  |TAMS 0x0000000081900000| PB 0x0000000081900000| Complete |  0
|  26|0x0000000081a00000, 0x0000000081b00000, 0x0000000081b00000|100%|HC|  |TAMS 0x0000000081a00000| PB 0x0000000081a00000| Complete |  0
|  27|0x0000000081b00000, 0x0000000081c00000, 0x0000000081c00000|100%|HC|  |TAMS 0x0000000081b00000| PB 0x0000000081b00000| Complete |  0
|  28|0x0000000081c00000, 0x0000000081d00000, 0x0000000081d00000|100%|HC|  |TAMS 0x0000000081c00000| PB 0x0000000081c00000| Complete |  0
|  29|0x0000000081d00000, 0x0000000081e00000, 0x0000000081e00000|100%|HC|  |TAMS 0x0000000081d00000| PB 0x0000000081d00000| Complete |  0
|  30|0x0000000081e00000, 0x0000000081f00000, 0x0000000081f00000|100%|HS|  |TAMS 0x0000000081e00000| PB 0x0000000081e00000| Complete |  0
|  31|0x0000000081f00000, 0x0000000082000000, 0x0000000082000000|100%|HS|  |TAMS 0x0000000081f00000| PB 0x0000000081f00000| Complete |  0
|  32|0x0000000082000000, 0x0000000082100000, 0x0000000082100000|100%| O|  |TAMS 0x0000000082000000| PB 0x0000000082000000| Untracked |  0
|  33|0x0000000082100000, 0x0000000082200000, 0x0000000082200000|100%| O|  |TAMS 0x0000000082100000| PB 0x0000000082100000| Untracked |  0
|  34|0x0000000082200000, 0x0000000082300000, 0x0000000082300000|100%| O|  |TAMS 0x0000000082200000| PB 0x0000000082200000| Untracked |  0
|  35|0x0000000082300000, 0x0000000082400000, 0x0000000082400000|100%| O|  |TAMS 0x0000000082300000| PB 0x0000000082300000| Untracked |  0
|  36|0x0000000082400000, 0x0000000082500000, 0x0000000082500000|100%| O|  |TAMS 0x0000000082400000| PB 0x0000000082400000| Untracked |  0
|  37|0x0000000082500000, 0x0000000082600000, 0x0000000082600000|100%| O|Cm|TAMS 0x0000000082500000| PB 0x0000000082500000| Complete |  0
|  38|0x0000000082600000, 0x0000000082700000, 0x0000000082700000|100%|HS|  |TAMS 0x0000000082600000| PB 0x0000000082600000| Complete |  0
|  39|0x0000000082700000, 0x0000000082800000, 0x0000000082800000|100%|HC|  |TAMS 0x0000000082700000| PB 0x0000000082700000| Complete |  0
|  40|0x0000000082800000, 0x0000000082900000, 0x0000000082900000|100%|HC|  |TAMS 0x0000000082800000| PB 0x0000000082800000| Complete |  0
|  41|0x0000000082900000, 0x0000000082a00000, 0x0000000082a00000|100%|HC|  |TAMS 0x0000000082900000| PB 0x0000000082900000| Complete |  0
|  42|0x0000000082a00000, 0x0000000082b00000, 0x0000000082b00000|100%|HC|  |TAMS 0x0000000082a00000| PB 0x0000000082a00000| Complete |  0
|  43|0x0000000082b00000, 0x0000000082c00000, 0x0000000082c00000|100%|HC|  |TAMS 0x0000000082b00000| PB 0x0000000082b00000| Complete |  0
|  44|0x0000000082c00000, 0x0000000082d00000, 0x0000000082d00000|100%|HS|  |TAMS 0x0000000082c00000| PB 0x0000000082c00000| Complete |  0
|  45|0x0000000082d00000, 0x0000000082e00000, 0x0000000082e00000|100%|HS|  |TAMS 0x0000000082d00000| PB 0x0000000082d00000| Complete |  0
|  46|0x0000000082e00000, 0x0000000082f00000, 0x0000000082f00000|100%| O|Cm|TAMS 0x0000000082e00000| PB 0x0000000082e00000| Complete |  0
|  47|0x0000000082f00000, 0x0000000083000000, 0x0000000083000000|100%| O|  |TAMS 0x0000000082f00000| PB 0x0000000082f00000| Untracked |  0
|  48|0x0000000083000000, 0x0000000083100000, 0x0000000083100000|100%| O|  |TAMS 0x0000000083000000| PB 0x0000000083000000| Untracked |  0
|  49|0x0000000083100000, 0x0000000083200000, 0x0000000083200000|100%| O|  |TAMS 0x0000000083100000| PB 0x0000000083100000| Untracked |  0
|  50|0x0000000083200000, 0x0000000083300000, 0x0000000083300000|100%| O|  |TAMS 0x0000000083200000| PB 0x0000000083200000| Untracked |  0
|  51|0x0000000083300000, 0x0000000083400000, 0x0000000083400000|100%| O|  |TAMS 0x0000000083300000| PB 0x0000000083300000| Untracked |  0
|  52|0x0000000083400000, 0x0000000083500000, 0x0000000083500000|100%| O|  |TAMS 0x0000000083400000| PB 0x0000000083400000| Untracked |  0
|  53|0x0000000083500000, 0x0000000083600000, 0x0000000083600000|100%| O|  |TAMS 0x0000000083500000| PB 0x0000000083500000| Untracked |  0
|  54|0x0000000083600000, 0x0000000083700000, 0x0000000083700000|100%| O|  |TAMS 0x0000000083600000| PB 0x0000000083600000| Untracked |  0
|  55|0x0000000083700000, 0x0000000083800000, 0x0000000083800000|100%| O|  |TAMS 0x0000000083700000| PB 0x0000000083700000| Untracked |  0
|  56|0x0000000083800000, 0x0000000083900000, 0x0000000083900000|100%| O|  |TAMS 0x0000000083800000| PB 0x0000000083800000| Untracked |  0
|  57|0x0000000083900000, 0x0000000083a00000, 0x0000000083a00000|100%| O|  |TAMS 0x0000000083900000| PB 0x0000000083900000| Untracked |  0
|  58|0x0000000083a00000, 0x0000000083b00000, 0x0000000083b00000|100%| O|  |TAMS 0x0000000083a00000| PB 0x0000000083a00000| Untracked |  0
|  59|0x0000000083b00000, 0x0000000083c00000, 0x0000000083c00000|100%| O|  |TAMS 0x0000000083b00000| PB 0x0000000083b00000| Untracked |  0
|  60|0x0000000083c00000, 0x0000000083d00000, 0x0000000083d00000|100%| O|  |TAMS 0x0000000083c00000| PB 0x0000000083c00000| Untracked |  0
|  61|0x0000000083d00000, 0x0000000083e00000, 0x0000000083e00000|100%| O|  |TAMS 0x0000000083d00000| PB 0x0000000083d00000| Untracked |  0
|  62|0x0000000083e00000, 0x0000000083f00000, 0x0000000083f00000|100%| O|  |TAMS 0x0000000083e00000| PB 0x0000000083e00000| Untracked |  0
|  63|0x0000000083f00000, 0x0000000084000000, 0x0000000084000000|100%| O|  |TAMS 0x0000000083f00000| PB 0x0000000083f00000| Untracked |  0
|  64|0x0000000084000000, 0x0000000084100000, 0x0000000084100000|100%| O|  |TAMS 0x0000000084000000| PB 0x0000000084000000| Untracked |  0
|  65|0x0000000084100000, 0x0000000084200000, 0x0000000084200000|100%| O|Cm|TAMS 0x0000000084100000| PB 0x0000000084100000| Complete |  0
|  66|0x0000000084200000, 0x0000000084300000, 0x0000000084300000|100%| O|  |TAMS 0x0000000084200000| PB 0x0000000084200000| Untracked |  0
|  67|0x0000000084300000, 0x0000000084400000, 0x0000000084400000|100%| O|Cm|TAMS 0x0000000084300000| PB 0x0000000084300000| Complete |  0
|  68|0x0000000084400000, 0x0000000084500000, 0x0000000084500000|100%| O|  |TAMS 0x0000000084400000| PB 0x0000000084400000| Untracked |  0
|  69|0x0000000084500000, 0x0000000084600000, 0x0000000084600000|100%| O|  |TAMS 0x0000000084500000| PB 0x0000000084500000| Untracked |  0
|  70|0x0000000084600000, 0x0000000084700000, 0x0000000084700000|100%| O|Cm|TAMS 0x0000000084600000| PB 0x0000000084600000| Complete |  0
|  71|0x0000000084700000, 0x0000000084800000, 0x0000000084800000|100%| O|  |TAMS 0x0000000084700000| PB 0x0000000084700000| Untracked |  0
|  72|0x0000000084800000, 0x0000000084900000, 0x0000000084900000|100%| O|  |TAMS 0x0000000084800000| PB 0x0000000084800000| Untracked |  0
|  73|0x0000000084900000, 0x0000000084a00000, 0x0000000084a00000|100%| O|  |TAMS 0x0000000084900000| PB 0x0000000084900000| Untracked |  0
|  74|0x0000000084a00000, 0x0000000084b00000, 0x0000000084b00000|100%| O|  |TAMS 0x0000000084a00000| PB 0x0000000084a00000| Untracked |  0
|  75|0x0000000084b00000, 0x0000000084c00000, 0x0000000084c00000|100%|HS|  |TAMS 0x0000000084b00000| PB 0x0000000084b00000| Complete |  0
|  76|0x0000000084c00000, 0x0000000084d00000, 0x0000000084d00000|100%|HS|  |TAMS 0x0000000084c00000| PB 0x0000000084c00000| Complete |  0
|  77|0x0000000084d00000, 0x0000000084e00000, 0x0000000084e00000|100%|HS|  |TAMS 0x0000000084d00000| PB 0x0000000084d00000| Complete |  0
|  78|0x0000000084e00000, 0x0000000084f00000, 0x0000000084f00000|100%|HS|  |TAMS 0x0000000084e00000| PB 0x0000000084e00000| Complete |  0
|  79|0x0000000084f00000, 0x0000000085000000, 0x0000000085000000|100%|HC|  |TAMS 0x0000000084f00000| PB 0x0000000084f00000| Complete |  0
|  80|0x0000000085000000, 0x0000000085100000, 0x0000000085100000|100%|HS|  |TAMS 0x0000000085000000| PB 0x0000000085000000| Complete |  0
|  81|0x0000000085100000, 0x0000000085200000, 0x0000000085200000|100%|HS|  |TAMS 0x0000000085100000| PB 0x0000000085100000| Complete |  0
|  82|0x0000000085200000, 0x0000000085300000, 0x0000000085300000|100%|HS|  |TAMS 0x0000000085200000| PB 0x0000000085200000| Complete |  0
|  83|0x0000000085300000, 0x0000000085400000, 0x0000000085400000|100%| O|  |TAMS 0x0000000085300000| PB 0x0000000085300000| Untracked |  0
|  84|0x0000000085400000, 0x0000000085500000, 0x0000000085500000|100%|HS|  |TAMS 0x0000000085400000| PB 0x0000000085400000| Complete |  0
|  85|0x0000000085500000, 0x0000000085600000, 0x0000000085600000|100%|HS|  |TAMS 0x0000000085500000| PB 0x0000000085500000| Complete |  0
|  86|0x0000000085600000, 0x0000000085700000, 0x0000000085700000|100%| O|  |TAMS 0x0000000085600000| PB 0x0000000085600000| Untracked |  0
|  87|0x0000000085700000, 0x0000000085800000, 0x0000000085800000|100%|HS|  |TAMS 0x0000000085700000| PB 0x0000000085700000| Complete |  0
|  88|0x0000000085800000, 0x0000000085900000, 0x0000000085900000|100%|HC|  |TAMS 0x0000000085800000| PB 0x0000000085800000| Complete |  0
|  89|0x0000000085900000, 0x0000000085a00000, 0x0000000085a00000|100%| O|  |TAMS 0x0000000085900000| PB 0x0000000085900000| Untracked |  0
|  90|0x0000000085a00000, 0x0000000085b00000, 0x0000000085b00000|100%| O|  |TAMS 0x0000000085a00000| PB 0x0000000085a00000| Untracked |  0
|  91|0x0000000085b00000, 0x0000000085c00000, 0x0000000085c00000|100%| O|  |TAMS 0x0000000085b00000| PB 0x0000000085b00000| Untracked |  0
|  92|0x0000000085c00000, 0x0000000085d00000, 0x0000000085d00000|100%| O|  |TAMS 0x0000000085c00000| PB 0x0000000085c00000| Untracked |  0
|  93|0x0000000085d00000, 0x0000000085e00000, 0x0000000085e00000|100%| O|  |TAMS 0x0000000085d00000| PB 0x0000000085d00000| Untracked |  0
|  94|0x0000000085e00000, 0x0000000085f00000, 0x0000000085f00000|100%| O|  |TAMS 0x0000000085e00000| PB 0x0000000085e00000| Untracked |  0
|  95|0x0000000085f00000, 0x0000000086000000, 0x0000000086000000|100%| O|  |TAMS 0x0000000085f00000| PB 0x0000000085f00000| Untracked |  0
|  96|0x0000000086000000, 0x0000000086100000, 0x0000000086100000|100%|HS|  |TAMS 0x0000000086000000| PB 0x0000000086000000| Complete |  0
|  97|0x0000000086100000, 0x0000000086200000, 0x0000000086200000|100%| O|  |TAMS 0x0000000086100000| PB 0x0000000086100000| Untracked |  0
|  98|0x0000000086200000, 0x0000000086300000, 0x0000000086300000|100%| O|  |TAMS 0x0000000086200000| PB 0x0000000086200000| Untracked |  0
|  99|0x0000000086300000, 0x0000000086400000, 0x0000000086400000|100%| O|  |TAMS 0x0000000086300000| PB 0x0000000086300000| Untracked |  0
| 100|0x0000000086400000, 0x0000000086500000, 0x0000000086500000|100%| O|  |TAMS 0x0000000086400000| PB 0x0000000086400000| Untracked |  0
| 101|0x0000000086500000, 0x0000000086600000, 0x0000000086600000|100%| O|  |TAMS 0x0000000086500000| PB 0x0000000086500000| Untracked |  0
| 102|0x0000000086600000, 0x0000000086700000, 0x0000000086700000|100%| O|  |TAMS 0x0000000086600000| PB 0x0000000086600000| Untracked |  0
| 103|0x0000000086700000, 0x0000000086800000, 0x0000000086800000|100%| O|Cm|TAMS 0x0000000086700000| PB 0x0000000086700000| Complete |  0
| 104|0x0000000086800000, 0x0000000086900000, 0x0000000086900000|100%| O|  |TAMS 0x0000000086800000| PB 0x0000000086800000| Untracked |  0
| 105|0x0000000086900000, 0x0000000086a00000, 0x0000000086a00000|100%| O|  |TAMS 0x0000000086900000| PB 0x0000000086900000| Untracked |  0
| 106|0x0000000086a00000, 0x0000000086b00000, 0x0000000086b00000|100%| O|  |TAMS 0x0000000086a00000| PB 0x0000000086a00000| Untracked |  0
| 107|0x0000000086b00000, 0x0000000086c00000, 0x0000000086c00000|100%| O|  |TAMS 0x0000000086b00000| PB 0x0000000086b00000| Untracked |  0
| 108|0x0000000086c00000, 0x0000000086d00000, 0x0000000086d00000|100%| O|  |TAMS 0x0000000086c00000| PB 0x0000000086c00000| Untracked |  0
| 109|0x0000000086d00000, 0x0000000086e00000, 0x0000000086e00000|100%| O|  |TAMS 0x0000000086d00000| PB 0x0000000086d00000| Untracked |  0
| 110|0x0000000086e00000, 0x0000000086f00000, 0x0000000086f00000|100%| O|  |TAMS 0x0000000086e00000| PB 0x0000000086e00000| Untracked |  0
| 111|0x0000000086f00000, 0x0000000087000000, 0x0000000087000000|100%| O|  |TAMS 0x0000000086f00000| PB 0x0000000086f00000| Untracked |  0
| 112|0x0000000087000000, 0x0000000087100000, 0x0000000087100000|100%| O|  |TAMS 0x0000000087000000| PB 0x0000000087000000| Untracked |  0
| 113|0x0000000087100000, 0x0000000087200000, 0x0000000087200000|100%| O|  |TAMS 0x0000000087100000| PB 0x0000000087100000| Untracked |  0
| 114|0x0000000087200000, 0x0000000087300000, 0x0000000087300000|100%| O|  |TAMS 0x0000000087200000| PB 0x0000000087200000| Untracked |  0
| 115|0x0000000087300000, 0x0000000087400000, 0x0000000087400000|100%| O|Cm|TAMS 0x0000000087300000| PB 0x0000000087300000| Complete |  0
| 116|0x0000000087400000, 0x0000000087500000, 0x0000000087500000|100%| O|  |TAMS 0x0000000087400000| PB 0x0000000087400000| Untracked |  0
| 117|0x0000000087500000, 0x0000000087600000, 0x0000000087600000|100%| O|  |TAMS 0x0000000087500000| PB 0x0000000087500000| Untracked |  0
| 118|0x0000000087600000, 0x0000000087700000, 0x0000000087700000|100%| O|  |TAMS 0x0000000087600000| PB 0x0000000087600000| Untracked |  0
| 119|0x0000000087700000, 0x0000000087800000, 0x0000000087800000|100%| O|  |TAMS 0x0000000087700000| PB 0x0000000087700000| Untracked |  0
| 120|0x0000000087800000, 0x0000000087900000, 0x0000000087900000|100%| O|  |TAMS 0x0000000087800000| PB 0x0000000087800000| Untracked |  0
| 121|0x0000000087900000, 0x0000000087a00000, 0x0000000087a00000|100%| O|  |TAMS 0x0000000087900000| PB 0x0000000087900000| Untracked |  0
| 122|0x0000000087a00000, 0x0000000087b00000, 0x0000000087b00000|100%| O|  |TAMS 0x0000000087a00000| PB 0x0000000087a00000| Untracked |  0
| 123|0x0000000087b00000, 0x0000000087c00000, 0x0000000087c00000|100%| O|  |TAMS 0x0000000087b00000| PB 0x0000000087b00000| Untracked |  0
| 124|0x0000000087c00000, 0x0000000087d00000, 0x0000000087d00000|100%| O|  |TAMS 0x0000000087c00000| PB 0x0000000087c00000| Untracked |  0
| 125|0x0000000087d00000, 0x0000000087e00000, 0x0000000087e00000|100%| O|  |TAMS 0x0000000087d00000| PB 0x0000000087d00000| Untracked |  0
| 126|0x0000000087e00000, 0x0000000087f00000, 0x0000000087f00000|100%| O|  |TAMS 0x0000000087e00000| PB 0x0000000087e00000| Untracked |  0
| 127|0x0000000087f00000, 0x0000000088000000, 0x0000000088000000|100%| O|  |TAMS 0x0000000087f00000| PB 0x0000000087f00000| Untracked |  0
| 128|0x0000000088000000, 0x0000000088100000, 0x0000000088100000|100%| O|  |TAMS 0x0000000088000000| PB 0x0000000088000000| Untracked |  0
| 129|0x0000000088100000, 0x0000000088200000, 0x0000000088200000|100%| O|  |TAMS 0x0000000088100000| PB 0x0000000088100000| Untracked |  0
| 130|0x0000000088200000, 0x0000000088300000, 0x0000000088300000|100%| O|  |TAMS 0x0000000088200000| PB 0x0000000088200000| Untracked |  0
| 131|0x0000000088300000, 0x0000000088400000, 0x0000000088400000|100%| O|  |TAMS 0x0000000088300000| PB 0x0000000088300000| Untracked |  0
| 132|0x0000000088400000, 0x0000000088500000, 0x0000000088500000|100%| O|  |TAMS 0x0000000088400000| PB 0x0000000088400000| Untracked |  0
| 133|0x0000000088500000, 0x0000000088600000, 0x0000000088600000|100%| O|  |TAMS 0x0000000088500000| PB 0x0000000088500000| Untracked |  0
| 134|0x0000000088600000, 0x0000000088700000, 0x0000000088700000|100%| O|  |TAMS 0x0000000088600000| PB 0x0000000088600000| Untracked |  0
| 135|0x0000000088700000, 0x0000000088800000, 0x0000000088800000|100%| O|  |TAMS 0x0000000088700000| PB 0x0000000088700000| Untracked |  0
| 136|0x0000000088800000, 0x0000000088900000, 0x0000000088900000|100%| O|  |TAMS 0x0000000088800000| PB 0x0000000088800000| Untracked |  0
| 137|0x0000000088900000, 0x0000000088a00000, 0x0000000088a00000|100%| O|  |TAMS 0x0000000088900000| PB 0x0000000088900000| Untracked |  0
| 138|0x0000000088a00000, 0x0000000088b00000, 0x0000000088b00000|100%| O|  |TAMS 0x0000000088a00000| PB 0x0000000088a00000| Untracked |  0
| 139|0x0000000088b00000, 0x0000000088c00000, 0x0000000088c00000|100%| O|  |TAMS 0x0000000088b00000| PB 0x0000000088b00000| Untracked |  0
| 140|0x0000000088c00000, 0x0000000088d00000, 0x0000000088d00000|100%| O|  |TAMS 0x0000000088c00000| PB 0x0000000088c00000| Untracked |  0
| 141|0x0000000088d00000, 0x0000000088e00000, 0x0000000088e00000|100%| O|  |TAMS 0x0000000088d00000| PB 0x0000000088d00000| Untracked |  0
| 142|0x0000000088e00000, 0x0000000088f00000, 0x0000000088f00000|100%| O|  |TAMS 0x0000000088e00000| PB 0x0000000088e00000| Untracked |  0
| 143|0x0000000088f00000, 0x0000000089000000, 0x0000000089000000|100%| O|  |TAMS 0x0000000088f00000| PB 0x0000000088f00000| Untracked |  0
| 144|0x0000000089000000, 0x0000000089100000, 0x0000000089100000|100%| O|  |TAMS 0x0000000089000000| PB 0x0000000089000000| Untracked |  0
| 145|0x0000000089100000, 0x0000000089200000, 0x0000000089200000|100%| O|  |TAMS 0x0000000089100000| PB 0x0000000089100000| Untracked |  0
| 146|0x0000000089200000, 0x0000000089300000, 0x0000000089300000|100%| O|  |TAMS 0x0000000089200000| PB 0x0000000089200000| Untracked |  0
| 147|0x0000000089300000, 0x0000000089400000, 0x0000000089400000|100%| O|Cm|TAMS 0x0000000089300000| PB 0x0000000089300000| Complete |  0
| 148|0x0000000089400000, 0x0000000089500000, 0x0000000089500000|100%| O|  |TAMS 0x0000000089400000| PB 0x0000000089400000| Untracked |  0
| 149|0x0000000089500000, 0x0000000089600000, 0x0000000089600000|100%| O|  |TAMS 0x0000000089500000| PB 0x0000000089500000| Untracked |  0
| 150|0x0000000089600000, 0x0000000089700000, 0x0000000089700000|100%| O|  |TAMS 0x0000000089600000| PB 0x0000000089600000| Untracked |  0
| 151|0x0000000089700000, 0x0000000089800000, 0x0000000089800000|100%| O|  |TAMS 0x0000000089700000| PB 0x0000000089700000| Untracked |  0
| 152|0x0000000089800000, 0x0000000089900000, 0x0000000089900000|100%| O|Cm|TAMS 0x0000000089800000| PB 0x0000000089800000| Complete |  0
| 153|0x0000000089900000, 0x0000000089a00000, 0x0000000089a00000|100%| O|  |TAMS 0x0000000089900000| PB 0x0000000089900000| Untracked |  0
| 154|0x0000000089a00000, 0x0000000089b00000, 0x0000000089b00000|100%| O|  |TAMS 0x0000000089a00000| PB 0x0000000089a00000| Untracked |  0
| 155|0x0000000089b00000, 0x0000000089c00000, 0x0000000089c00000|100%| O|  |TAMS 0x0000000089b00000| PB 0x0000000089b00000| Untracked |  0
| 156|0x0000000089c00000, 0x0000000089d00000, 0x0000000089d00000|100%| O|  |TAMS 0x0000000089c00000| PB 0x0000000089c00000| Untracked |  0
| 157|0x0000000089d00000, 0x0000000089e00000, 0x0000000089e00000|100%| O|  |TAMS 0x0000000089d00000| PB 0x0000000089d00000| Untracked |  0
| 158|0x0000000089e00000, 0x0000000089f00000, 0x0000000089f00000|100%| O|  |TAMS 0x0000000089e00000| PB 0x0000000089e00000| Untracked |  0
| 159|0x0000000089f00000, 0x000000008a000000, 0x000000008a000000|100%| O|  |TAMS 0x0000000089f00000| PB 0x0000000089f00000| Untracked |  0
| 160|0x000000008a000000, 0x000000008a100000, 0x000000008a100000|100%| O|  |TAMS 0x000000008a000000| PB 0x000000008a000000| Untracked |  0
| 161|0x000000008a100000, 0x000000008a200000, 0x000000008a200000|100%| O|  |TAMS 0x000000008a100000| PB 0x000000008a100000| Untracked |  0
| 162|0x000000008a200000, 0x000000008a300000, 0x000000008a300000|100%| O|  |TAMS 0x000000008a200000| PB 0x000000008a200000| Untracked |  0
| 163|0x000000008a300000, 0x000000008a400000, 0x000000008a400000|100%| O|Cm|TAMS 0x000000008a300000| PB 0x000000008a300000| Complete |  0
| 164|0x000000008a400000, 0x000000008a500000, 0x000000008a500000|100%| O|  |TAMS 0x000000008a400000| PB 0x000000008a400000| Untracked |  0
| 165|0x000000008a500000, 0x000000008a600000, 0x000000008a600000|100%| O|  |TAMS 0x000000008a500000| PB 0x000000008a500000| Untracked |  0
| 166|0x000000008a600000, 0x000000008a700000, 0x000000008a700000|100%| O|  |TAMS 0x000000008a600000| PB 0x000000008a600000| Untracked |  0
| 167|0x000000008a700000, 0x000000008a800000, 0x000000008a800000|100%| O|  |TAMS 0x000000008a700000| PB 0x000000008a700000| Untracked |  0
| 168|0x000000008a800000, 0x000000008a900000, 0x000000008a900000|100%| O|Cm|TAMS 0x000000008a800000| PB 0x000000008a800000| Complete |  0
| 169|0x000000008a900000, 0x000000008aa00000, 0x000000008aa00000|100%| O|  |TAMS 0x000000008a900000| PB 0x000000008a900000| Untracked |  0
| 170|0x000000008aa00000, 0x000000008ab00000, 0x000000008ab00000|100%| O|  |TAMS 0x000000008aa00000| PB 0x000000008aa00000| Untracked |  0
| 171|0x000000008ab00000, 0x000000008ac00000, 0x000000008ac00000|100%| O|  |TAMS 0x000000008ab00000| PB 0x000000008ab00000| Untracked |  0
| 172|0x000000008ac00000, 0x000000008ad00000, 0x000000008ad00000|100%| O|  |TAMS 0x000000008ac00000| PB 0x000000008ac00000| Untracked |  0
| 173|0x000000008ad00000, 0x000000008ae00000, 0x000000008ae00000|100%| O|  |TAMS 0x000000008ad00000| PB 0x000000008ad00000| Untracked |  0
| 174|0x000000008ae00000, 0x000000008af00000, 0x000000008af00000|100%| O|  |TAMS 0x000000008ae00000| PB 0x000000008ae00000| Untracked |  0
| 175|0x000000008af00000, 0x000000008b000000, 0x000000008b000000|100%| O|  |TAMS 0x000000008af00000| PB 0x000000008af00000| Untracked |  0
| 176|0x000000008b000000, 0x000000008b100000, 0x000000008b100000|100%| O|Cm|TAMS 0x000000008b000000| PB 0x000000008b000000| Complete |  0
| 177|0x000000008b100000, 0x000000008b200000, 0x000000008b200000|100%| O|  |TAMS 0x000000008b100000| PB 0x000000008b100000| Untracked |  0
| 178|0x000000008b200000, 0x000000008b300000, 0x000000008b300000|100%| O|  |TAMS 0x000000008b200000| PB 0x000000008b200000| Untracked |  0
| 179|0x000000008b300000, 0x000000008b400000, 0x000000008b400000|100%| O|Cm|TAMS 0x000000008b300000| PB 0x000000008b300000| Complete |  0
| 180|0x000000008b400000, 0x000000008b500000, 0x000000008b500000|100%| O|Cm|TAMS 0x000000008b400000| PB 0x000000008b400000| Complete |  0
| 181|0x000000008b500000, 0x000000008b600000, 0x000000008b600000|100%| O|Cm|TAMS 0x000000008b500000| PB 0x000000008b500000| Complete |  0
| 182|0x000000008b600000, 0x000000008b700000, 0x000000008b700000|100%| O|Cm|TAMS 0x000000008b600000| PB 0x000000008b600000| Complete |  0
| 183|0x000000008b700000, 0x000000008b800000, 0x000000008b800000|100%| O|  |TAMS 0x000000008b700000| PB 0x000000008b700000| Untracked |  0
| 184|0x000000008b800000, 0x000000008b900000, 0x000000008b900000|100%|HS|  |TAMS 0x000000008b800000| PB 0x000000008b800000| Complete |  0
| 185|0x000000008b900000, 0x000000008ba00000, 0x000000008ba00000|100%| O|  |TAMS 0x000000008b900000| PB 0x000000008b900000| Untracked |  0
| 186|0x000000008ba00000, 0x000000008bb00000, 0x000000008bb00000|100%|HS|  |TAMS 0x000000008ba00000| PB 0x000000008ba00000| Complete |  0
| 187|0x000000008bb00000, 0x000000008bc00000, 0x000000008bc00000|100%| O|  |TAMS 0x000000008bb00000| PB 0x000000008bb00000| Untracked |  0
| 188|0x000000008bc00000, 0x000000008bd00000, 0x000000008bd00000|100%| O|Cm|TAMS 0x000000008bc00000| PB 0x000000008bc00000| Complete |  0
| 189|0x000000008bd00000, 0x000000008be00000, 0x000000008be00000|100%| O|Cm|TAMS 0x000000008bd00000| PB 0x000000008bd00000| Complete |  0
| 190|0x000000008be00000, 0x000000008bf00000, 0x000000008bf00000|100%| O|  |TAMS 0x000000008be00000| PB 0x000000008be00000| Untracked |  0
| 191|0x000000008bf00000, 0x000000008c000000, 0x000000008c000000|100%| O|  |TAMS 0x000000008bf00000| PB 0x000000008bf00000| Untracked |  0
| 192|0x000000008c000000, 0x000000008c100000, 0x000000008c100000|100%| O|Cm|TAMS 0x000000008c000000| PB 0x000000008c000000| Complete |  0
| 193|0x000000008c100000, 0x000000008c200000, 0x000000008c200000|100%| O|Cm|TAMS 0x000000008c100000| PB 0x000000008c100000| Complete |  0
| 194|0x000000008c200000, 0x000000008c300000, 0x000000008c300000|100%| O|Cm|TAMS 0x000000008c200000| PB 0x000000008c200000| Complete |  0
| 195|0x000000008c300000, 0x000000008c400000, 0x000000008c400000|100%| O|Cm|TAMS 0x000000008c300000| PB 0x000000008c300000| Complete |  0
| 196|0x000000008c400000, 0x000000008c500000, 0x000000008c500000|100%| O|  |TAMS 0x000000008c400000| PB 0x000000008c400000| Untracked |  0
| 197|0x000000008c500000, 0x000000008c600000, 0x000000008c600000|100%| O|  |TAMS 0x000000008c500000| PB 0x000000008c500000| Untracked |  0
| 198|0x000000008c600000, 0x000000008c700000, 0x000000008c700000|100%| O|  |TAMS 0x000000008c600000| PB 0x000000008c600000| Untracked |  0
| 199|0x000000008c700000, 0x000000008c800000, 0x000000008c800000|100%| O|  |TAMS 0x000000008c700000| PB 0x000000008c700000| Untracked |  0
| 200|0x000000008c800000, 0x000000008c900000, 0x000000008c900000|100%| O|  |TAMS 0x000000008c800000| PB 0x000000008c800000| Untracked |  0
| 201|0x000000008c900000, 0x000000008ca00000, 0x000000008ca00000|100%| O|  |TAMS 0x000000008c900000| PB 0x000000008c900000| Untracked |  0
| 202|0x000000008ca00000, 0x000000008cb00000, 0x000000008cb00000|100%| O|  |TAMS 0x000000008ca00000| PB 0x000000008ca00000| Untracked |  0
| 203|0x000000008cb00000, 0x000000008cc00000, 0x000000008cc00000|100%| O|  |TAMS 0x000000008cb00000| PB 0x000000008cb00000| Untracked |  0
| 204|0x000000008cc00000, 0x000000008cd00000, 0x000000008cd00000|100%| O|  |TAMS 0x000000008cc00000| PB 0x000000008cc00000| Untracked |  0
| 205|0x000000008cd00000, 0x000000008ce00000, 0x000000008ce00000|100%| O|  |TAMS 0x000000008cd00000| PB 0x000000008cd00000| Untracked |  0
| 206|0x000000008ce00000, 0x000000008cf00000, 0x000000008cf00000|100%| O|  |TAMS 0x000000008ce00000| PB 0x000000008ce00000| Untracked |  0
| 207|0x000000008cf00000, 0x000000008d000000, 0x000000008d000000|100%| O|  |TAMS 0x000000008cf00000| PB 0x000000008cf00000| Untracked |  0
| 208|0x000000008d000000, 0x000000008d100000, 0x000000008d100000|100%| O|  |TAMS 0x000000008d000000| PB 0x000000008d000000| Untracked |  0
| 209|0x000000008d100000, 0x000000008d200000, 0x000000008d200000|100%| O|  |TAMS 0x000000008d100000| PB 0x000000008d100000| Untracked |  0
| 210|0x000000008d200000, 0x000000008d300000, 0x000000008d300000|100%| O|  |TAMS 0x000000008d200000| PB 0x000000008d200000| Untracked |  0
| 211|0x000000008d300000, 0x000000008d400000, 0x000000008d400000|100%| O|  |TAMS 0x000000008d300000| PB 0x000000008d300000| Untracked |  0
| 212|0x000000008d400000, 0x000000008d500000, 0x000000008d500000|100%| O|  |TAMS 0x000000008d400000| PB 0x000000008d400000| Untracked |  0
| 213|0x000000008d500000, 0x000000008d600000, 0x000000008d600000|100%| O|  |TAMS 0x000000008d500000| PB 0x000000008d500000| Untracked |  0
| 214|0x000000008d600000, 0x000000008d700000, 0x000000008d700000|100%| O|  |TAMS 0x000000008d600000| PB 0x000000008d600000| Untracked |  0
| 215|0x000000008d700000, 0x000000008d800000, 0x000000008d800000|100%| O|  |TAMS 0x000000008d700000| PB 0x000000008d700000| Untracked |  0
| 216|0x000000008d800000, 0x000000008d900000, 0x000000008d900000|100%| O|  |TAMS 0x000000008d800000| PB 0x000000008d800000| Untracked |  0
| 217|0x000000008d900000, 0x000000008da00000, 0x000000008da00000|100%| O|  |TAMS 0x000000008d900000| PB 0x000000008d900000| Untracked |  0
| 218|0x000000008da00000, 0x000000008db00000, 0x000000008db00000|100%| O|  |TAMS 0x000000008da00000| PB 0x000000008da00000| Untracked |  0
| 219|0x000000008db00000, 0x000000008dc00000, 0x000000008dc00000|100%| O|  |TAMS 0x000000008db00000| PB 0x000000008db00000| Untracked |  0
| 220|0x000000008dc00000, 0x000000008dd00000, 0x000000008dd00000|100%| O|  |TAMS 0x000000008dc00000| PB 0x000000008dc00000| Untracked |  0
| 221|0x000000008dd00000, 0x000000008de00000, 0x000000008de00000|100%| O|  |TAMS 0x000000008dd00000| PB 0x000000008dd00000| Untracked |  0
| 222|0x000000008de00000, 0x000000008df00000, 0x000000008df00000|100%| O|  |TAMS 0x000000008de00000| PB 0x000000008de00000| Untracked |  0
| 223|0x000000008df00000, 0x000000008e000000, 0x000000008e000000|100%| O|  |TAMS 0x000000008df00000| PB 0x000000008df00000| Untracked |  0
| 224|0x000000008e000000, 0x000000008e100000, 0x000000008e100000|100%| O|  |TAMS 0x000000008e000000| PB 0x000000008e000000| Untracked |  0
| 225|0x000000008e100000, 0x000000008e200000, 0x000000008e200000|100%| O|  |TAMS 0x000000008e100000| PB 0x000000008e100000| Untracked |  0
| 226|0x000000008e200000, 0x000000008e300000, 0x000000008e300000|100%| O|  |TAMS 0x000000008e200000| PB 0x000000008e200000| Untracked |  0
| 227|0x000000008e300000, 0x000000008e400000, 0x000000008e400000|100%|HS|  |TAMS 0x000000008e300000| PB 0x000000008e300000| Complete |  0
| 228|0x000000008e400000, 0x000000008e500000, 0x000000008e500000|100%| O|  |TAMS 0x000000008e400000| PB 0x000000008e400000| Untracked |  0
| 229|0x000000008e500000, 0x000000008e600000, 0x000000008e600000|100%| O|  |TAMS 0x000000008e500000| PB 0x000000008e500000| Untracked |  0
| 230|0x000000008e600000, 0x000000008e700000, 0x000000008e700000|100%| O|  |TAMS 0x000000008e600000| PB 0x000000008e600000| Untracked |  0
| 231|0x000000008e700000, 0x000000008e800000, 0x000000008e800000|100%| O|  |TAMS 0x000000008e700000| PB 0x000000008e700000| Untracked |  0
| 232|0x000000008e800000, 0x000000008e900000, 0x000000008e900000|100%| O|  |TAMS 0x000000008e800000| PB 0x000000008e800000| Untracked |  0
| 233|0x000000008e900000, 0x000000008ea00000, 0x000000008ea00000|100%| O|  |TAMS 0x000000008e900000| PB 0x000000008e900000| Untracked |  0
| 234|0x000000008ea00000, 0x000000008eb00000, 0x000000008eb00000|100%| O|  |TAMS 0x000000008ea00000| PB 0x000000008ea00000| Untracked |  0
| 235|0x000000008eb00000, 0x000000008ec00000, 0x000000008ec00000|100%| O|  |TAMS 0x000000008eb00000| PB 0x000000008eb00000| Untracked |  0
| 236|0x000000008ec00000, 0x000000008ed00000, 0x000000008ed00000|100%| O|  |TAMS 0x000000008ec00000| PB 0x000000008ec00000| Untracked |  0
| 237|0x000000008ed00000, 0x000000008ee00000, 0x000000008ee00000|100%| O|  |TAMS 0x000000008ed00000| PB 0x000000008ed00000| Untracked |  0
| 238|0x000000008ee00000, 0x000000008ef00000, 0x000000008ef00000|100%| O|  |TAMS 0x000000008ee00000| PB 0x000000008ee00000| Untracked |  0
| 239|0x000000008ef00000, 0x000000008f000000, 0x000000008f000000|100%| O|  |TAMS 0x000000008ef00000| PB 0x000000008ef00000| Untracked |  0
| 240|0x000000008f000000, 0x000000008f100000, 0x000000008f100000|100%| O|  |TAMS 0x000000008f000000| PB 0x000000008f000000| Untracked |  0
| 241|0x000000008f100000, 0x000000008f200000, 0x000000008f200000|100%|HS|  |TAMS 0x000000008f100000| PB 0x000000008f100000| Complete |  0
| 242|0x000000008f200000, 0x000000008f300000, 0x000000008f300000|100%| O|  |TAMS 0x000000008f200000| PB 0x000000008f200000| Untracked |  0
| 243|0x000000008f300000, 0x000000008f400000, 0x000000008f400000|100%| O|  |TAMS 0x000000008f300000| PB 0x000000008f300000| Untracked |  0
| 244|0x000000008f400000, 0x000000008f500000, 0x000000008f500000|100%| O|  |TAMS 0x000000008f400000| PB 0x000000008f400000| Untracked |  0
| 245|0x000000008f500000, 0x000000008f600000, 0x000000008f600000|100%| O|  |TAMS 0x000000008f500000| PB 0x000000008f500000| Untracked |  0
| 246|0x000000008f600000, 0x000000008f700000, 0x000000008f700000|100%| O|  |TAMS 0x000000008f600000| PB 0x000000008f600000| Untracked |  0
| 247|0x000000008f700000, 0x000000008f800000, 0x000000008f800000|100%| O|  |TAMS 0x000000008f700000| PB 0x000000008f700000| Untracked |  0
| 248|0x000000008f800000, 0x000000008f900000, 0x000000008f900000|100%| O|  |TAMS 0x000000008f800000| PB 0x000000008f800000| Untracked |  0
| 249|0x000000008f900000, 0x000000008fa00000, 0x000000008fa00000|100%| O|  |TAMS 0x000000008f900000| PB 0x000000008f900000| Untracked |  0
| 250|0x000000008fa00000, 0x000000008fb00000, 0x000000008fb00000|100%| O|  |TAMS 0x000000008fa00000| PB 0x000000008fa00000| Untracked |  0
| 251|0x000000008fb00000, 0x000000008fc00000, 0x000000008fc00000|100%| O|  |TAMS 0x000000008fb00000| PB 0x000000008fb00000| Untracked |  0
| 252|0x000000008fc00000, 0x000000008fd00000, 0x000000008fd00000|100%| O|  |TAMS 0x000000008fc00000| PB 0x000000008fc00000| Untracked |  0
| 253|0x000000008fd00000, 0x000000008fe00000, 0x000000008fe00000|100%| O|  |TAMS 0x000000008fd00000| PB 0x000000008fd00000| Untracked |  0
| 254|0x000000008fe00000, 0x000000008ff00000, 0x000000008ff00000|100%| O|  |TAMS 0x000000008fe00000| PB 0x000000008fe00000| Untracked |  0
| 255|0x000000008ff00000, 0x0000000090000000, 0x0000000090000000|100%| O|  |TAMS 0x000000008ff00000| PB 0x000000008ff00000| Untracked |  0
| 256|0x0000000090000000, 0x0000000090100000, 0x0000000090100000|100%| O|  |TAMS 0x0000000090000000| PB 0x0000000090000000| Untracked |  0
| 257|0x0000000090100000, 0x0000000090200000, 0x0000000090200000|100%| O|  |TAMS 0x0000000090100000| PB 0x0000000090100000| Untracked |  0
| 258|0x0000000090200000, 0x0000000090300000, 0x0000000090300000|100%| O|  |TAMS 0x0000000090200000| PB 0x0000000090200000| Untracked |  0
| 259|0x0000000090300000, 0x0000000090400000, 0x0000000090400000|100%| O|  |TAMS 0x0000000090300000| PB 0x0000000090300000| Untracked |  0
| 260|0x0000000090400000, 0x0000000090500000, 0x0000000090500000|100%| O|  |TAMS 0x0000000090400000| PB 0x0000000090400000| Untracked |  0
| 261|0x0000000090500000, 0x0000000090600000, 0x0000000090600000|100%| O|  |TAMS 0x0000000090500000| PB 0x0000000090500000| Untracked |  0
| 262|0x0000000090600000, 0x0000000090700000, 0x0000000090700000|100%| O|  |TAMS 0x0000000090600000| PB 0x0000000090600000| Untracked |  0
| 263|0x0000000090700000, 0x0000000090800000, 0x0000000090800000|100%| O|  |TAMS 0x0000000090700000| PB 0x0000000090700000| Untracked |  0
| 264|0x0000000090800000, 0x0000000090900000, 0x0000000090900000|100%| O|  |TAMS 0x0000000090800000| PB 0x0000000090800000| Untracked |  0
| 265|0x0000000090900000, 0x0000000090a00000, 0x0000000090a00000|100%| O|  |TAMS 0x0000000090900000| PB 0x0000000090900000| Untracked |  0
| 266|0x0000000090a00000, 0x0000000090b00000, 0x0000000090b00000|100%| O|  |TAMS 0x0000000090a00000| PB 0x0000000090a00000| Untracked |  0
| 267|0x0000000090b00000, 0x0000000090c00000, 0x0000000090c00000|100%| O|  |TAMS 0x0000000090b00000| PB 0x0000000090b00000| Untracked |  0
| 268|0x0000000090c00000, 0x0000000090d00000, 0x0000000090d00000|100%| O|  |TAMS 0x0000000090c00000| PB 0x0000000090c00000| Untracked |  0
| 269|0x0000000090d00000, 0x0000000090e00000, 0x0000000090e00000|100%| O|  |TAMS 0x0000000090d00000| PB 0x0000000090d00000| Untracked |  0
| 270|0x0000000090e00000, 0x0000000090f00000, 0x0000000090f00000|100%| O|  |TAMS 0x0000000090e00000| PB 0x0000000090e00000| Untracked |  0
| 271|0x0000000090f00000, 0x0000000091000000, 0x0000000091000000|100%| O|  |TAMS 0x0000000090f00000| PB 0x0000000090f00000| Untracked |  0
| 272|0x0000000091000000, 0x0000000091100000, 0x0000000091100000|100%| O|  |TAMS 0x0000000091000000| PB 0x0000000091000000| Untracked |  0
| 273|0x0000000091100000, 0x0000000091200000, 0x0000000091200000|100%| O|  |TAMS 0x0000000091100000| PB 0x0000000091100000| Untracked |  0
| 274|0x0000000091200000, 0x0000000091300000, 0x0000000091300000|100%| O|  |TAMS 0x0000000091200000| PB 0x0000000091200000| Untracked |  0
| 275|0x0000000091300000, 0x0000000091400000, 0x0000000091400000|100%| O|  |TAMS 0x0000000091300000| PB 0x0000000091300000| Untracked |  0
| 276|0x0000000091400000, 0x0000000091500000, 0x0000000091500000|100%| O|  |TAMS 0x0000000091400000| PB 0x0000000091400000| Untracked |  0
| 277|0x0000000091500000, 0x0000000091600000, 0x0000000091600000|100%| O|  |TAMS 0x0000000091500000| PB 0x0000000091500000| Untracked |  0
| 278|0x0000000091600000, 0x0000000091700000, 0x0000000091700000|100%| O|  |TAMS 0x0000000091600000| PB 0x0000000091600000| Untracked |  0
| 279|0x0000000091700000, 0x0000000091800000, 0x0000000091800000|100%| O|  |TAMS 0x0000000091700000| PB 0x0000000091700000| Untracked |  0
| 280|0x0000000091800000, 0x0000000091900000, 0x0000000091900000|100%| O|Cm|TAMS 0x0000000091800000| PB 0x0000000091800000| Complete |  0
| 281|0x0000000091900000, 0x0000000091a00000, 0x0000000091a00000|100%| O|  |TAMS 0x0000000091900000| PB 0x0000000091900000| Untracked |  0
| 282|0x0000000091a00000, 0x0000000091b00000, 0x0000000091b00000|100%| O|  |TAMS 0x0000000091a00000| PB 0x0000000091a00000| Untracked |  0
| 283|0x0000000091b00000, 0x0000000091c00000, 0x0000000091c00000|100%| O|  |TAMS 0x0000000091b00000| PB 0x0000000091b00000| Untracked |  0
| 284|0x0000000091c00000, 0x0000000091d00000, 0x0000000091d00000|100%| O|  |TAMS 0x0000000091c00000| PB 0x0000000091c00000| Untracked |  0
| 285|0x0000000091d00000, 0x0000000091e00000, 0x0000000091e00000|100%| O|Cm|TAMS 0x0000000091d00000| PB 0x0000000091d00000| Complete |  0
| 286|0x0000000091e00000, 0x0000000091f00000, 0x0000000091f00000|100%| O|  |TAMS 0x0000000091e00000| PB 0x0000000091e00000| Untracked |  0
| 287|0x0000000091f00000, 0x0000000092000000, 0x0000000092000000|100%| O|  |TAMS 0x0000000091f00000| PB 0x0000000091f00000| Untracked |  0
| 288|0x0000000092000000, 0x0000000092100000, 0x0000000092100000|100%| O|  |TAMS 0x0000000092000000| PB 0x0000000092000000| Untracked |  0
| 289|0x0000000092100000, 0x0000000092180000, 0x0000000092200000| 50%| O|  |TAMS 0x0000000092100000| PB 0x0000000092100000| Untracked |  0
| 290|0x0000000092200000, 0x0000000092200000, 0x0000000092300000|  0%| F|  |TAMS 0x0000000092200000| PB 0x0000000092200000| Untracked |  0
| 291|0x0000000092300000, 0x0000000092300000, 0x0000000092400000|  0%| F|  |TAMS 0x0000000092300000| PB 0x0000000092300000| Untracked |  0
| 292|0x0000000092400000, 0x0000000092400000, 0x0000000092500000|  0%| F|  |TAMS 0x0000000092400000| PB 0x0000000092400000| Untracked |  0
| 293|0x0000000092500000, 0x0000000092500000, 0x0000000092600000|  0%| F|  |TAMS 0x0000000092500000| PB 0x0000000092500000| Untracked |  0
| 294|0x0000000092600000, 0x0000000092600000, 0x0000000092700000|  0%| F|  |TAMS 0x0000000092600000| PB 0x0000000092600000| Untracked |  0
| 295|0x0000000092700000, 0x0000000092700000, 0x0000000092800000|  0%| F|  |TAMS 0x0000000092700000| PB 0x0000000092700000| Untracked |  0
| 296|0x0000000092800000, 0x0000000092800000, 0x0000000092900000|  0%| F|  |TAMS 0x0000000092800000| PB 0x0000000092800000| Untracked |  0
| 297|0x0000000092900000, 0x0000000092900000, 0x0000000092a00000|  0%| F|  |TAMS 0x0000000092900000| PB 0x0000000092900000| Untracked |  0
| 298|0x0000000092a00000, 0x0000000092a00000, 0x0000000092b00000|  0%| F|  |TAMS 0x0000000092a00000| PB 0x0000000092a00000| Untracked |  0
| 299|0x0000000092b00000, 0x0000000092b00000, 0x0000000092c00000|  0%| F|  |TAMS 0x0000000092b00000| PB 0x0000000092b00000| Untracked |  0
| 300|0x0000000092c00000, 0x0000000092c00000, 0x0000000092d00000|  0%| F|  |TAMS 0x0000000092c00000| PB 0x0000000092c00000| Untracked |  0
| 301|0x0000000092d00000, 0x0000000092d00000, 0x0000000092e00000|  0%| F|  |TAMS 0x0000000092d00000| PB 0x0000000092d00000| Untracked |  0
| 302|0x0000000092e00000, 0x0000000092e00000, 0x0000000092f00000|  0%| F|  |TAMS 0x0000000092e00000| PB 0x0000000092e00000| Untracked |  0
| 303|0x0000000092f00000, 0x0000000092f00000, 0x0000000093000000|  0%| F|  |TAMS 0x0000000092f00000| PB 0x0000000092f00000| Untracked |  0
| 304|0x0000000093000000, 0x0000000093000000, 0x0000000093100000|  0%| F|  |TAMS 0x0000000093000000| PB 0x0000000093000000| Untracked |  0
| 305|0x0000000093100000, 0x0000000093100000, 0x0000000093200000|  0%| F|  |TAMS 0x0000000093100000| PB 0x0000000093100000| Untracked |  0
| 306|0x0000000093200000, 0x0000000093200000, 0x0000000093300000|  0%| F|  |TAMS 0x0000000093200000| PB 0x0000000093200000| Untracked |  0
| 307|0x0000000093300000, 0x0000000093300000, 0x0000000093400000|  0%| F|  |TAMS 0x0000000093300000| PB 0x0000000093300000| Untracked |  0
| 308|0x0000000093400000, 0x0000000093400000, 0x0000000093500000|  0%| F|  |TAMS 0x0000000093400000| PB 0x0000000093400000| Untracked |  0
| 309|0x0000000093500000, 0x0000000093500000, 0x0000000093600000|  0%| F|  |TAMS 0x0000000093500000| PB 0x0000000093500000| Untracked |  0
| 310|0x0000000093600000, 0x0000000093600000, 0x0000000093700000|  0%| F|  |TAMS 0x0000000093600000| PB 0x0000000093600000| Untracked |  0
| 311|0x0000000093700000, 0x0000000093700000, 0x0000000093800000|  0%| F|  |TAMS 0x0000000093700000| PB 0x0000000093700000| Untracked |  0
| 312|0x0000000093800000, 0x0000000093800000, 0x0000000093900000|  0%| F|  |TAMS 0x0000000093800000| PB 0x0000000093800000| Untracked |  0
| 313|0x0000000093900000, 0x0000000093900000, 0x0000000093a00000|  0%| F|  |TAMS 0x0000000093900000| PB 0x0000000093900000| Untracked |  0
| 314|0x0000000093a00000, 0x0000000093a00000, 0x0000000093b00000|  0%| F|  |TAMS 0x0000000093a00000| PB 0x0000000093a00000| Untracked |  0
| 315|0x0000000093b00000, 0x0000000093b00000, 0x0000000093c00000|  0%| F|  |TAMS 0x0000000093b00000| PB 0x0000000093b00000| Untracked |  0
| 316|0x0000000093c00000, 0x0000000093c00000, 0x0000000093d00000|  0%| F|  |TAMS 0x0000000093c00000| PB 0x0000000093c00000| Untracked |  0
| 317|0x0000000093d00000, 0x0000000093d00000, 0x0000000093e00000|  0%| F|  |TAMS 0x0000000093d00000| PB 0x0000000093d00000| Untracked |  0
| 318|0x0000000093e00000, 0x0000000093e00000, 0x0000000093f00000|  0%| F|  |TAMS 0x0000000093e00000| PB 0x0000000093e00000| Untracked |  0
| 319|0x0000000093f00000, 0x0000000093f00000, 0x0000000094000000|  0%| F|  |TAMS 0x0000000093f00000| PB 0x0000000093f00000| Untracked |  0
| 320|0x0000000094000000, 0x0000000094000000, 0x0000000094100000|  0%| F|  |TAMS 0x0000000094000000| PB 0x0000000094000000| Untracked |  0
| 321|0x0000000094100000, 0x0000000094100000, 0x0000000094200000|  0%| F|  |TAMS 0x0000000094100000| PB 0x0000000094100000| Untracked |  0
| 322|0x0000000094200000, 0x0000000094200000, 0x0000000094300000|  0%| F|  |TAMS 0x0000000094200000| PB 0x0000000094200000| Untracked |  0
| 323|0x0000000094300000, 0x0000000094300000, 0x0000000094400000|  0%| F|  |TAMS 0x0000000094300000| PB 0x0000000094300000| Untracked |  0
| 324|0x0000000094400000, 0x0000000094400000, 0x0000000094500000|  0%| F|  |TAMS 0x0000000094400000| PB 0x0000000094400000| Untracked |  0
| 325|0x0000000094500000, 0x0000000094500000, 0x0000000094600000|  0%| F|  |TAMS 0x0000000094500000| PB 0x0000000094500000| Untracked |  0
| 326|0x0000000094600000, 0x0000000094600000, 0x0000000094700000|  0%| F|  |TAMS 0x0000000094600000| PB 0x0000000094600000| Untracked |  0
| 327|0x0000000094700000, 0x0000000094700000, 0x0000000094800000|  0%| F|  |TAMS 0x0000000094700000| PB 0x0000000094700000| Untracked |  0
| 328|0x0000000094800000, 0x0000000094800000, 0x0000000094900000|  0%| F|  |TAMS 0x0000000094800000| PB 0x0000000094800000| Untracked |  0
| 329|0x0000000094900000, 0x0000000094900000, 0x0000000094a00000|  0%| F|  |TAMS 0x0000000094900000| PB 0x0000000094900000| Untracked |  0
| 330|0x0000000094a00000, 0x0000000094a00000, 0x0000000094b00000|  0%| F|  |TAMS 0x0000000094a00000| PB 0x0000000094a00000| Untracked |  0
| 331|0x0000000094b00000, 0x0000000094b00000, 0x0000000094c00000|  0%| F|  |TAMS 0x0000000094b00000| PB 0x0000000094b00000| Untracked |  0
| 332|0x0000000094c00000, 0x0000000094c00000, 0x0000000094d00000|  0%| F|  |TAMS 0x0000000094c00000| PB 0x0000000094c00000| Untracked |  0
| 333|0x0000000094d00000, 0x0000000094d00000, 0x0000000094e00000|  0%| F|  |TAMS 0x0000000094d00000| PB 0x0000000094d00000| Untracked |  0
| 334|0x0000000094e00000, 0x0000000094e00000, 0x0000000094f00000|  0%| F|  |TAMS 0x0000000094e00000| PB 0x0000000094e00000| Untracked |  0
| 335|0x0000000094f00000, 0x0000000094f00000, 0x0000000095000000|  0%| F|  |TAMS 0x0000000094f00000| PB 0x0000000094f00000| Untracked |  0
| 336|0x0000000095000000, 0x0000000095000000, 0x0000000095100000|  0%| F|  |TAMS 0x0000000095000000| PB 0x0000000095000000| Untracked |  0
| 337|0x0000000095100000, 0x0000000095100000, 0x0000000095200000|  0%| F|  |TAMS 0x0000000095100000| PB 0x0000000095100000| Untracked |  0
| 338|0x0000000095200000, 0x0000000095200000, 0x0000000095300000|  0%| F|  |TAMS 0x0000000095200000| PB 0x0000000095200000| Untracked |  0
| 339|0x0000000095300000, 0x0000000095300000, 0x0000000095400000|  0%| F|  |TAMS 0x0000000095300000| PB 0x0000000095300000| Untracked |  0
| 340|0x0000000095400000, 0x0000000095400000, 0x0000000095500000|  0%| F|  |TAMS 0x0000000095400000| PB 0x0000000095400000| Untracked |  0
| 341|0x0000000095500000, 0x0000000095500000, 0x0000000095600000|  0%| F|  |TAMS 0x0000000095500000| PB 0x0000000095500000| Untracked |  0
| 342|0x0000000095600000, 0x0000000095600000, 0x0000000095700000|  0%| F|  |TAMS 0x0000000095600000| PB 0x0000000095600000| Untracked |  0
| 343|0x0000000095700000, 0x0000000095700000, 0x0000000095800000|  0%| F|  |TAMS 0x0000000095700000| PB 0x0000000095700000| Untracked |  0
| 344|0x0000000095800000, 0x0000000095800000, 0x0000000095900000|  0%| F|  |TAMS 0x0000000095800000| PB 0x0000000095800000| Untracked |  0
| 345|0x0000000095900000, 0x0000000095900000, 0x0000000095a00000|  0%| F|  |TAMS 0x0000000095900000| PB 0x0000000095900000| Untracked |  0
| 346|0x0000000095a00000, 0x0000000095a00000, 0x0000000095b00000|  0%| F|  |TAMS 0x0000000095a00000| PB 0x0000000095a00000| Untracked |  0
| 347|0x0000000095b00000, 0x0000000095b00000, 0x0000000095c00000|  0%| F|  |TAMS 0x0000000095b00000| PB 0x0000000095b00000| Untracked |  0
| 348|0x0000000095c00000, 0x0000000095c00000, 0x0000000095d00000|  0%| F|  |TAMS 0x0000000095c00000| PB 0x0000000095c00000| Untracked |  0
| 349|0x0000000095d00000, 0x0000000095d00000, 0x0000000095e00000|  0%| F|  |TAMS 0x0000000095d00000| PB 0x0000000095d00000| Untracked |  0
| 350|0x0000000095e00000, 0x0000000095e00000, 0x0000000095f00000|  0%| F|  |TAMS 0x0000000095e00000| PB 0x0000000095e00000| Untracked |  0
| 351|0x0000000095f00000, 0x0000000095f00000, 0x0000000096000000|  0%| F|  |TAMS 0x0000000095f00000| PB 0x0000000095f00000| Untracked |  0
| 352|0x0000000096000000, 0x0000000096000000, 0x0000000096100000|  0%| F|  |TAMS 0x0000000096000000| PB 0x0000000096000000| Untracked |  0
| 353|0x0000000096100000, 0x0000000096100000, 0x0000000096200000|  0%| F|  |TAMS 0x0000000096100000| PB 0x0000000096100000| Untracked |  0
| 354|0x0000000096200000, 0x0000000096200000, 0x0000000096300000|  0%| F|  |TAMS 0x0000000096200000| PB 0x0000000096200000| Untracked |  0
| 355|0x0000000096300000, 0x0000000096300000, 0x0000000096400000|  0%| F|  |TAMS 0x0000000096300000| PB 0x0000000096300000| Untracked |  0
| 356|0x0000000096400000, 0x0000000096500000, 0x0000000096500000|100%| S|CS|TAMS 0x0000000096400000| PB 0x0000000096400000| Complete |  0
| 357|0x0000000096500000, 0x0000000096600000, 0x0000000096600000|100%| S|CS|TAMS 0x0000000096500000| PB 0x0000000096500000| Complete |  0
| 358|0x0000000096600000, 0x0000000096700000, 0x0000000096700000|100%| S|CS|TAMS 0x0000000096600000| PB 0x0000000096600000| Complete |  0
| 359|0x0000000096700000, 0x0000000096800000, 0x0000000096800000|100%| S|CS|TAMS 0x0000000096700000| PB 0x0000000096700000| Complete |  0
| 360|0x0000000096800000, 0x0000000096900000, 0x0000000096900000|100%| S|CS|TAMS 0x0000000096800000| PB 0x0000000096800000| Complete |  0
| 361|0x0000000096900000, 0x0000000096a00000, 0x0000000096a00000|100%| S|CS|TAMS 0x0000000096900000| PB 0x0000000096900000| Complete |  0
| 362|0x0000000096a00000, 0x0000000096b00000, 0x0000000096b00000|100%| S|CS|TAMS 0x0000000096a00000| PB 0x0000000096a00000| Complete |  0
| 363|0x0000000096b00000, 0x0000000096c00000, 0x0000000096c00000|100%| S|CS|TAMS 0x0000000096b00000| PB 0x0000000096b00000| Complete |  0
| 364|0x0000000096c00000, 0x0000000096d00000, 0x0000000096d00000|100%| S|CS|TAMS 0x0000000096c00000| PB 0x0000000096c00000| Complete |  0
| 365|0x0000000096d00000, 0x0000000096e00000, 0x0000000096e00000|100%| S|CS|TAMS 0x0000000096d00000| PB 0x0000000096d00000| Complete |  0
| 366|0x0000000096e00000, 0x0000000096f00000, 0x0000000096f00000|100%| S|CS|TAMS 0x0000000096e00000| PB 0x0000000096e00000| Complete |  0
| 367|0x0000000096f00000, 0x0000000097000000, 0x0000000097000000|100%| S|CS|TAMS 0x0000000096f00000| PB 0x0000000096f00000| Complete |  0
| 368|0x0000000097000000, 0x0000000097100000, 0x0000000097100000|100%| S|CS|TAMS 0x0000000097000000| PB 0x0000000097000000| Complete |  0
| 369|0x0000000097100000, 0x0000000097200000, 0x0000000097200000|100%| S|CS|TAMS 0x0000000097100000| PB 0x0000000097100000| Complete |  0
| 370|0x0000000097200000, 0x0000000097300000, 0x0000000097300000|100%| S|CS|TAMS 0x0000000097200000| PB 0x0000000097200000| Complete |  0
| 371|0x0000000097300000, 0x0000000097400000, 0x0000000097400000|100%| S|CS|TAMS 0x0000000097300000| PB 0x0000000097300000| Complete |  0
| 372|0x0000000097400000, 0x0000000097500000, 0x0000000097500000|100%| S|CS|TAMS 0x0000000097400000| PB 0x0000000097400000| Complete |  0
| 373|0x0000000097500000, 0x0000000097600000, 0x0000000097600000|100%| S|CS|TAMS 0x0000000097500000| PB 0x0000000097500000| Complete |  0
| 374|0x0000000097600000, 0x0000000097600000, 0x0000000097700000|  0%| F|  |TAMS 0x0000000097600000| PB 0x0000000097600000| Untracked |  0
| 375|0x0000000097700000, 0x0000000097700000, 0x0000000097800000|  0%| F|  |TAMS 0x0000000097700000| PB 0x0000000097700000| Untracked |  0
| 376|0x0000000097800000, 0x0000000097800000, 0x0000000097900000|  0%| F|  |TAMS 0x0000000097800000| PB 0x0000000097800000| Untracked |  0
| 377|0x0000000097900000, 0x0000000097900000, 0x0000000097a00000|  0%| F|  |TAMS 0x0000000097900000| PB 0x0000000097900000| Untracked |  0
| 378|0x0000000097a00000, 0x0000000097a00000, 0x0000000097b00000|  0%| F|  |TAMS 0x0000000097a00000| PB 0x0000000097a00000| Untracked |  0
| 379|0x0000000097b00000, 0x0000000097b00000, 0x0000000097c00000|  0%| F|  |TAMS 0x0000000097b00000| PB 0x0000000097b00000| Untracked |  0
| 380|0x0000000097c00000, 0x0000000097c00000, 0x0000000097d00000|  0%| F|  |TAMS 0x0000000097c00000| PB 0x0000000097c00000| Untracked |  0
| 381|0x0000000097d00000, 0x0000000097d00000, 0x0000000097e00000|  0%| F|  |TAMS 0x0000000097d00000| PB 0x0000000097d00000| Untracked |  0
| 382|0x0000000097e00000, 0x0000000097e00000, 0x0000000097f00000|  0%| F|  |TAMS 0x0000000097e00000| PB 0x0000000097e00000| Untracked |  0
| 383|0x0000000097f00000, 0x0000000097f00000, 0x0000000098000000|  0%| F|  |TAMS 0x0000000097f00000| PB 0x0000000097f00000| Untracked |  0
| 384|0x0000000098000000, 0x0000000098000000, 0x0000000098100000|  0%| F|  |TAMS 0x0000000098000000| PB 0x0000000098000000| Untracked |  0
| 385|0x0000000098100000, 0x0000000098100000, 0x0000000098200000|  0%| F|  |TAMS 0x0000000098100000| PB 0x0000000098100000| Untracked |  0
| 386|0x0000000098200000, 0x0000000098200000, 0x0000000098300000|  0%| F|  |TAMS 0x0000000098200000| PB 0x0000000098200000| Untracked |  0
| 387|0x0000000098300000, 0x0000000098300000, 0x0000000098400000|  0%| F|  |TAMS 0x0000000098300000| PB 0x0000000098300000| Untracked |  0
| 388|0x0000000098400000, 0x0000000098400000, 0x0000000098500000|  0%| F|  |TAMS 0x0000000098400000| PB 0x0000000098400000| Untracked |  0
| 389|0x0000000098500000, 0x0000000098500000, 0x0000000098600000|  0%| F|  |TAMS 0x0000000098500000| PB 0x0000000098500000| Untracked |  0
| 390|0x0000000098600000, 0x0000000098600000, 0x0000000098700000|  0%| F|  |TAMS 0x0000000098600000| PB 0x0000000098600000| Untracked |  0
| 391|0x0000000098700000, 0x0000000098700000, 0x0000000098800000|  0%| F|  |TAMS 0x0000000098700000| PB 0x0000000098700000| Untracked |  0
| 392|0x0000000098800000, 0x0000000098800000, 0x0000000098900000|  0%| F|  |TAMS 0x0000000098800000| PB 0x0000000098800000| Untracked |  0
| 393|0x0000000098900000, 0x0000000098900000, 0x0000000098a00000|  0%| F|  |TAMS 0x0000000098900000| PB 0x0000000098900000| Untracked |  0
| 394|0x0000000098a00000, 0x0000000098a00000, 0x0000000098b00000|  0%| F|  |TAMS 0x0000000098a00000| PB 0x0000000098a00000| Untracked |  0
| 395|0x0000000098b00000, 0x0000000098b00000, 0x0000000098c00000|  0%| F|  |TAMS 0x0000000098b00000| PB 0x0000000098b00000| Untracked |  0
| 396|0x0000000098c00000, 0x0000000098c00000, 0x0000000098d00000|  0%| F|  |TAMS 0x0000000098c00000| PB 0x0000000098c00000| Untracked |  0
| 397|0x0000000098d00000, 0x0000000098d00000, 0x0000000098e00000|  0%| F|  |TAMS 0x0000000098d00000| PB 0x0000000098d00000| Untracked |  0
| 398|0x0000000098e00000, 0x0000000098e00000, 0x0000000098f00000|  0%| F|  |TAMS 0x0000000098e00000| PB 0x0000000098e00000| Untracked |  0
| 399|0x0000000098f00000, 0x0000000098f00000, 0x0000000099000000|  0%| F|  |TAMS 0x0000000098f00000| PB 0x0000000098f00000| Untracked |  0
| 400|0x0000000099000000, 0x0000000099000000, 0x0000000099100000|  0%| F|  |TAMS 0x0000000099000000| PB 0x0000000099000000| Untracked |  0
| 401|0x0000000099100000, 0x0000000099100000, 0x0000000099200000|  0%| F|  |TAMS 0x0000000099100000| PB 0x0000000099100000| Untracked |  0
| 402|0x0000000099200000, 0x0000000099200000, 0x0000000099300000|  0%| F|  |TAMS 0x0000000099200000| PB 0x0000000099200000| Untracked |  0
| 403|0x0000000099300000, 0x0000000099300000, 0x0000000099400000|  0%| F|  |TAMS 0x0000000099300000| PB 0x0000000099300000| Untracked |  0
| 404|0x0000000099400000, 0x0000000099400000, 0x0000000099500000|  0%| F|  |TAMS 0x0000000099400000| PB 0x0000000099400000| Untracked |  0
| 405|0x0000000099500000, 0x0000000099500000, 0x0000000099600000|  0%| F|  |TAMS 0x0000000099500000| PB 0x0000000099500000| Untracked |  0
| 406|0x0000000099600000, 0x0000000099600000, 0x0000000099700000|  0%| F|  |TAMS 0x0000000099600000| PB 0x0000000099600000| Untracked |  0
| 407|0x0000000099700000, 0x0000000099700000, 0x0000000099800000|  0%| F|  |TAMS 0x0000000099700000| PB 0x0000000099700000| Untracked |  0
| 408|0x0000000099800000, 0x0000000099800000, 0x0000000099900000|  0%| F|  |TAMS 0x0000000099800000| PB 0x0000000099800000| Untracked |  0
| 409|0x0000000099900000, 0x0000000099900000, 0x0000000099a00000|  0%| F|  |TAMS 0x0000000099900000| PB 0x0000000099900000| Untracked |  0
| 410|0x0000000099a00000, 0x0000000099a00000, 0x0000000099b00000|  0%| F|  |TAMS 0x0000000099a00000| PB 0x0000000099a00000| Untracked |  0
| 411|0x0000000099b00000, 0x0000000099b00000, 0x0000000099c00000|  0%| F|  |TAMS 0x0000000099b00000| PB 0x0000000099b00000| Untracked |  0
| 412|0x0000000099c00000, 0x0000000099c00000, 0x0000000099d00000|  0%| F|  |TAMS 0x0000000099c00000| PB 0x0000000099c00000| Untracked |  0
| 413|0x0000000099d00000, 0x0000000099d00000, 0x0000000099e00000|  0%| F|  |TAMS 0x0000000099d00000| PB 0x0000000099d00000| Untracked |  0
| 414|0x0000000099e00000, 0x0000000099e00000, 0x0000000099f00000|  0%| F|  |TAMS 0x0000000099e00000| PB 0x0000000099e00000| Untracked |  0
| 415|0x0000000099f00000, 0x0000000099f00000, 0x000000009a000000|  0%| F|  |TAMS 0x0000000099f00000| PB 0x0000000099f00000| Untracked |  0
| 416|0x000000009a000000, 0x000000009a000000, 0x000000009a100000|  0%| F|  |TAMS 0x000000009a000000| PB 0x000000009a000000| Untracked |  0
| 417|0x000000009a100000, 0x000000009a100000, 0x000000009a200000|  0%| F|  |TAMS 0x000000009a100000| PB 0x000000009a100000| Untracked |  0
| 418|0x000000009a200000, 0x000000009a200000, 0x000000009a300000|  0%| F|  |TAMS 0x000000009a200000| PB 0x000000009a200000| Untracked |  0
| 419|0x000000009a300000, 0x000000009a300000, 0x000000009a400000|  0%| F|  |TAMS 0x000000009a300000| PB 0x000000009a300000| Untracked |  0
| 420|0x000000009a400000, 0x000000009a400000, 0x000000009a500000|  0%| F|  |TAMS 0x000000009a400000| PB 0x000000009a400000| Untracked |  0
| 421|0x000000009a500000, 0x000000009a500000, 0x000000009a600000|  0%| F|  |TAMS 0x000000009a500000| PB 0x000000009a500000| Untracked |  0
| 422|0x000000009a600000, 0x000000009a600000, 0x000000009a700000|  0%| F|  |TAMS 0x000000009a600000| PB 0x000000009a600000| Untracked |  0
| 423|0x000000009a700000, 0x000000009a700000, 0x000000009a800000|  0%| F|  |TAMS 0x000000009a700000| PB 0x000000009a700000| Untracked |  0
| 424|0x000000009a800000, 0x000000009a800000, 0x000000009a900000|  0%| F|  |TAMS 0x000000009a800000| PB 0x000000009a800000| Untracked |  0
| 425|0x000000009a900000, 0x000000009a900000, 0x000000009aa00000|  0%| F|  |TAMS 0x000000009a900000| PB 0x000000009a900000| Untracked |  0
| 426|0x000000009aa00000, 0x000000009aa00000, 0x000000009ab00000|  0%| F|  |TAMS 0x000000009aa00000| PB 0x000000009aa00000| Untracked |  0
| 427|0x000000009ab00000, 0x000000009ab00000, 0x000000009ac00000|  0%| F|  |TAMS 0x000000009ab00000| PB 0x000000009ab00000| Untracked |  0
| 428|0x000000009ac00000, 0x000000009ac00000, 0x000000009ad00000|  0%| F|  |TAMS 0x000000009ac00000| PB 0x000000009ac00000| Untracked |  0
| 429|0x000000009ad00000, 0x000000009ad00000, 0x000000009ae00000|  0%| F|  |TAMS 0x000000009ad00000| PB 0x000000009ad00000| Untracked |  0
| 430|0x000000009ae00000, 0x000000009ae00000, 0x000000009af00000|  0%| F|  |TAMS 0x000000009ae00000| PB 0x000000009ae00000| Untracked |  0
| 431|0x000000009af00000, 0x000000009af00000, 0x000000009b000000|  0%| F|  |TAMS 0x000000009af00000| PB 0x000000009af00000| Untracked |  0
| 432|0x000000009b000000, 0x000000009b000000, 0x000000009b100000|  0%| F|  |TAMS 0x000000009b000000| PB 0x000000009b000000| Untracked |  0
| 433|0x000000009b100000, 0x000000009b100000, 0x000000009b200000|  0%| F|  |TAMS 0x000000009b100000| PB 0x000000009b100000| Untracked |  0
| 434|0x000000009b200000, 0x000000009b200000, 0x000000009b300000|  0%| F|  |TAMS 0x000000009b200000| PB 0x000000009b200000| Untracked |  0
| 435|0x000000009b300000, 0x000000009b300000, 0x000000009b400000|  0%| F|  |TAMS 0x000000009b300000| PB 0x000000009b300000| Untracked |  0
| 436|0x000000009b400000, 0x000000009b400000, 0x000000009b500000|  0%| F|  |TAMS 0x000000009b400000| PB 0x000000009b400000| Untracked |  0
| 437|0x000000009b500000, 0x000000009b500000, 0x000000009b600000|  0%| F|  |TAMS 0x000000009b500000| PB 0x000000009b500000| Untracked |  0
| 438|0x000000009b600000, 0x000000009b600000, 0x000000009b700000|  0%| F|  |TAMS 0x000000009b600000| PB 0x000000009b600000| Untracked |  0
| 439|0x000000009b700000, 0x000000009b700000, 0x000000009b800000|  0%| F|  |TAMS 0x000000009b700000| PB 0x000000009b700000| Untracked |  0
| 440|0x000000009b800000, 0x000000009b800000, 0x000000009b900000|  0%| F|  |TAMS 0x000000009b800000| PB 0x000000009b800000| Untracked |  0
| 441|0x000000009b900000, 0x000000009b900000, 0x000000009ba00000|  0%| F|  |TAMS 0x000000009b900000| PB 0x000000009b900000| Untracked |  0
| 442|0x000000009ba00000, 0x000000009ba00000, 0x000000009bb00000|  0%| F|  |TAMS 0x000000009ba00000| PB 0x000000009ba00000| Untracked |  0
| 443|0x000000009bb00000, 0x000000009bb00000, 0x000000009bc00000|  0%| F|  |TAMS 0x000000009bb00000| PB 0x000000009bb00000| Untracked |  0
| 444|0x000000009bc00000, 0x000000009bc00000, 0x000000009bd00000|  0%| F|  |TAMS 0x000000009bc00000| PB 0x000000009bc00000| Untracked |  0
| 445|0x000000009bd00000, 0x000000009bd00000, 0x000000009be00000|  0%| F|  |TAMS 0x000000009bd00000| PB 0x000000009bd00000| Untracked |  0
| 446|0x000000009be00000, 0x000000009be00000, 0x000000009bf00000|  0%| F|  |TAMS 0x000000009be00000| PB 0x000000009be00000| Untracked |  0
| 447|0x000000009bf00000, 0x000000009bf00000, 0x000000009c000000|  0%| F|  |TAMS 0x000000009bf00000| PB 0x000000009bf00000| Untracked |  0
| 448|0x000000009c000000, 0x000000009c000000, 0x000000009c100000|  0%| F|  |TAMS 0x000000009c000000| PB 0x000000009c000000| Untracked |  0
| 449|0x000000009c100000, 0x000000009c100000, 0x000000009c200000|  0%| F|  |TAMS 0x000000009c100000| PB 0x000000009c100000| Untracked |  0
| 450|0x000000009c200000, 0x000000009c200000, 0x000000009c300000|  0%| F|  |TAMS 0x000000009c200000| PB 0x000000009c200000| Untracked |  0
| 451|0x000000009c300000, 0x000000009c300000, 0x000000009c400000|  0%| F|  |TAMS 0x000000009c300000| PB 0x000000009c300000| Untracked |  0
| 452|0x000000009c400000, 0x000000009c400000, 0x000000009c500000|  0%| F|  |TAMS 0x000000009c400000| PB 0x000000009c400000| Untracked |  0
| 453|0x000000009c500000, 0x000000009c500000, 0x000000009c600000|  0%| F|  |TAMS 0x000000009c500000| PB 0x000000009c500000| Untracked |  0
| 454|0x000000009c600000, 0x000000009c600000, 0x000000009c700000|  0%| F|  |TAMS 0x000000009c600000| PB 0x000000009c600000| Untracked |  0
| 455|0x000000009c700000, 0x000000009c700000, 0x000000009c800000|  0%| F|  |TAMS 0x000000009c700000| PB 0x000000009c700000| Untracked |  0
| 456|0x000000009c800000, 0x000000009c800000, 0x000000009c900000|  0%| F|  |TAMS 0x000000009c800000| PB 0x000000009c800000| Untracked |  0
| 457|0x000000009c900000, 0x000000009c900000, 0x000000009ca00000|  0%| F|  |TAMS 0x000000009c900000| PB 0x000000009c900000| Untracked |  0
| 458|0x000000009ca00000, 0x000000009ca00000, 0x000000009cb00000|  0%| F|  |TAMS 0x000000009ca00000| PB 0x000000009ca00000| Untracked |  0
| 459|0x000000009cb00000, 0x000000009cb00000, 0x000000009cc00000|  0%| F|  |TAMS 0x000000009cb00000| PB 0x000000009cb00000| Untracked |  0
| 460|0x000000009cc00000, 0x000000009cc00000, 0x000000009cd00000|  0%| F|  |TAMS 0x000000009cc00000| PB 0x000000009cc00000| Untracked |  0
| 461|0x000000009cd00000, 0x000000009cd00000, 0x000000009ce00000|  0%| F|  |TAMS 0x000000009cd00000| PB 0x000000009cd00000| Untracked |  0
|1931|0x00000000f8b00000, 0x00000000f8c00000, 0x00000000f8c00000|100%| O|  |TAMS 0x00000000f8b00000| PB 0x00000000f8b00000| Untracked |  0
|1932|0x00000000f8c00000, 0x00000000f8d00000, 0x00000000f8d00000|100%| O|Cm|TAMS 0x00000000f8c00000| PB 0x00000000f8c00000| Complete |  0
|1933|0x00000000f8d00000, 0x00000000f8e00000, 0x00000000f8e00000|100%| O|Cm|TAMS 0x00000000f8d00000| PB 0x00000000f8d00000| Complete |  0
|1934|0x00000000f8e00000, 0x00000000f8f00000, 0x00000000f8f00000|100%| O|Cm|TAMS 0x00000000f8e00000| PB 0x00000000f8e00000| Complete |  0
|1935|0x00000000f8f00000, 0x00000000f9000000, 0x00000000f9000000|100%| O|Cm|TAMS 0x00000000f8f00000| PB 0x00000000f8f00000| Complete |  0
|1936|0x00000000f9000000, 0x00000000f9100000, 0x00000000f9100000|100%| O|Cm|TAMS 0x00000000f9000000| PB 0x00000000f9000000| Complete |  0
|1937|0x00000000f9100000, 0x00000000f9200000, 0x00000000f9200000|100%| O|  |TAMS 0x00000000f9100000| PB 0x00000000f9100000| Untracked |  0
|1938|0x00000000f9200000, 0x00000000f9300000, 0x00000000f9300000|100%| O|  |TAMS 0x00000000f9200000| PB 0x00000000f9200000| Untracked |  0
|1939|0x00000000f9300000, 0x00000000f9400000, 0x00000000f9400000|100%| O|  |TAMS 0x00000000f9300000| PB 0x00000000f9300000| Untracked |  0
|1940|0x00000000f9400000, 0x00000000f9500000, 0x00000000f9500000|100%| O|  |TAMS 0x00000000f9400000| PB 0x00000000f9400000| Untracked |  0
|1941|0x00000000f9500000, 0x00000000f9600000, 0x00000000f9600000|100%| O|  |TAMS 0x00000000f9500000| PB 0x00000000f9500000| Untracked |  0
|1942|0x00000000f9600000, 0x00000000f9700000, 0x00000000f9700000|100%| O|  |TAMS 0x00000000f9600000| PB 0x00000000f9600000| Untracked |  0
|1943|0x00000000f9700000, 0x00000000f9800000, 0x00000000f9800000|100%| O|  |TAMS 0x00000000f9700000| PB 0x00000000f9700000| Untracked |  0
|1944|0x00000000f9800000, 0x00000000f9900000, 0x00000000f9900000|100%| O|Cm|TAMS 0x00000000f9800000| PB 0x00000000f9800000| Complete |  0
|1945|0x00000000f9900000, 0x00000000f9a00000, 0x00000000f9a00000|100%| O|  |TAMS 0x00000000f9900000| PB 0x00000000f9900000| Untracked |  0
|1946|0x00000000f9a00000, 0x00000000f9b00000, 0x00000000f9b00000|100%| O|  |TAMS 0x00000000f9a00000| PB 0x00000000f9a00000| Untracked |  0
|1947|0x00000000f9b00000, 0x00000000f9c00000, 0x00000000f9c00000|100%| O|  |TAMS 0x00000000f9b00000| PB 0x00000000f9b00000| Untracked |  0
|1948|0x00000000f9c00000, 0x00000000f9d00000, 0x00000000f9d00000|100%| O|  |TAMS 0x00000000f9c00000| PB 0x00000000f9c00000| Untracked |  0
|1949|0x00000000f9d00000, 0x00000000f9e00000, 0x00000000f9e00000|100%| O|Cm|TAMS 0x00000000f9d00000| PB 0x00000000f9d00000| Complete |  0
|1950|0x00000000f9e00000, 0x00000000f9f00000, 0x00000000f9f00000|100%| O|  |TAMS 0x00000000f9e00000| PB 0x00000000f9e00000| Untracked |  0
|1951|0x00000000f9f00000, 0x00000000fa000000, 0x00000000fa000000|100%| O|  |TAMS 0x00000000f9f00000| PB 0x00000000f9f00000| Untracked |  0
|1952|0x00000000fa000000, 0x00000000fa100000, 0x00000000fa100000|100%| O|  |TAMS 0x00000000fa000000| PB 0x00000000fa000000| Untracked |  0
|1953|0x00000000fa100000, 0x00000000fa200000, 0x00000000fa200000|100%| O|  |TAMS 0x00000000fa100000| PB 0x00000000fa100000| Untracked |  0
|1954|0x00000000fa200000, 0x00000000fa300000, 0x00000000fa300000|100%| O|  |TAMS 0x00000000fa200000| PB 0x00000000fa200000| Untracked |  0
|1955|0x00000000fa300000, 0x00000000fa400000, 0x00000000fa400000|100%| O|  |TAMS 0x00000000fa300000| PB 0x00000000fa300000| Untracked |  0
|1956|0x00000000fa400000, 0x00000000fa500000, 0x00000000fa500000|100%| O|  |TAMS 0x00000000fa400000| PB 0x00000000fa400000| Untracked |  0
|1957|0x00000000fa500000, 0x00000000fa600000, 0x00000000fa600000|100%| O|  |TAMS 0x00000000fa500000| PB 0x00000000fa500000| Untracked |  0
|1958|0x00000000fa600000, 0x00000000fa700000, 0x00000000fa700000|100%| O|  |TAMS 0x00000000fa600000| PB 0x00000000fa600000| Untracked |  0
|1959|0x00000000fa700000, 0x00000000fa800000, 0x00000000fa800000|100%| O|  |TAMS 0x00000000fa700000| PB 0x00000000fa700000| Untracked |  0
|1960|0x00000000fa800000, 0x00000000fa900000, 0x00000000fa900000|100%| O|  |TAMS 0x00000000fa800000| PB 0x00000000fa800000| Untracked |  0
|1961|0x00000000fa900000, 0x00000000faa00000, 0x00000000faa00000|100%| O|Cm|TAMS 0x00000000fa900000| PB 0x00000000fa900000| Complete |  0
|1962|0x00000000faa00000, 0x00000000fab00000, 0x00000000fab00000|100%| O|  |TAMS 0x00000000faa00000| PB 0x00000000faa00000| Untracked |  0
|1963|0x00000000fab00000, 0x00000000fac00000, 0x00000000fac00000|100%| O|  |TAMS 0x00000000fab00000| PB 0x00000000fab00000| Untracked |  0
|1964|0x00000000fac00000, 0x00000000fad00000, 0x00000000fad00000|100%| O|  |TAMS 0x00000000fac00000| PB 0x00000000fac00000| Untracked |  0
|1965|0x00000000fad00000, 0x00000000fae00000, 0x00000000fae00000|100%| O|  |TAMS 0x00000000fad00000| PB 0x00000000fad00000| Untracked |  0
|1966|0x00000000fae00000, 0x00000000faf00000, 0x00000000faf00000|100%| O|Cm|TAMS 0x00000000fae00000| PB 0x00000000fae00000| Complete |  0
|1967|0x00000000faf00000, 0x00000000fb000000, 0x00000000fb000000|100%| O|Cm|TAMS 0x00000000faf00000| PB 0x00000000faf00000| Complete |  0
|1968|0x00000000fb000000, 0x00000000fb100000, 0x00000000fb100000|100%| O|Cm|TAMS 0x00000000fb000000| PB 0x00000000fb000000| Complete |  0
|1969|0x00000000fb100000, 0x00000000fb200000, 0x00000000fb200000|100%| O|Cm|TAMS 0x00000000fb100000| PB 0x00000000fb100000| Complete |  0
|1970|0x00000000fb200000, 0x00000000fb300000, 0x00000000fb300000|100%| O|Cm|TAMS 0x00000000fb200000| PB 0x00000000fb200000| Complete |  0
|1971|0x00000000fb300000, 0x00000000fb400000, 0x00000000fb400000|100%| O|  |TAMS 0x00000000fb300000| PB 0x00000000fb300000| Untracked |  0
|1972|0x00000000fb400000, 0x00000000fb500000, 0x00000000fb500000|100%| O|Cm|TAMS 0x00000000fb400000| PB 0x00000000fb400000| Complete |  0
|1973|0x00000000fb500000, 0x00000000fb600000, 0x00000000fb600000|100%| O|Cm|TAMS 0x00000000fb500000| PB 0x00000000fb500000| Complete |  0
|1974|0x00000000fb600000, 0x00000000fb700000, 0x00000000fb700000|100%| O|Cm|TAMS 0x00000000fb600000| PB 0x00000000fb600000| Complete |  0
|1975|0x00000000fb700000, 0x00000000fb800000, 0x00000000fb800000|100%| O|  |TAMS 0x00000000fb700000| PB 0x00000000fb700000| Untracked |  0
|1976|0x00000000fb800000, 0x00000000fb900000, 0x00000000fb900000|100%| O|Cm|TAMS 0x00000000fb800000| PB 0x00000000fb800000| Complete |  0
|1977|0x00000000fb900000, 0x00000000fba00000, 0x00000000fba00000|100%| O|Cm|TAMS 0x00000000fb900000| PB 0x00000000fb900000| Complete |  0
|1978|0x00000000fba00000, 0x00000000fbb00000, 0x00000000fbb00000|100%| O|  |TAMS 0x00000000fba00000| PB 0x00000000fba00000| Untracked |  0
|1979|0x00000000fbb00000, 0x00000000fbc00000, 0x00000000fbc00000|100%| O|  |TAMS 0x00000000fbb00000| PB 0x00000000fbb00000| Untracked |  0
|1980|0x00000000fbc00000, 0x00000000fbd00000, 0x00000000fbd00000|100%| O|Cm|TAMS 0x00000000fbc00000| PB 0x00000000fbc00000| Complete |  0
|1981|0x00000000fbd00000, 0x00000000fbe00000, 0x00000000fbe00000|100%| O|  |TAMS 0x00000000fbd00000| PB 0x00000000fbd00000| Untracked |  0
|1982|0x00000000fbe00000, 0x00000000fbf00000, 0x00000000fbf00000|100%| O|Cm|TAMS 0x00000000fbe00000| PB 0x00000000fbe00000| Complete |  0
|1983|0x00000000fbf00000, 0x00000000fc000000, 0x00000000fc000000|100%| O|  |TAMS 0x00000000fbf00000| PB 0x00000000fbf00000| Untracked |  0
|1984|0x00000000fc000000, 0x00000000fc100000, 0x00000000fc100000|100%| O|Cm|TAMS 0x00000000fc000000| PB 0x00000000fc000000| Complete |  0
|1985|0x00000000fc100000, 0x00000000fc200000, 0x00000000fc200000|100%| O|Cm|TAMS 0x00000000fc100000| PB 0x00000000fc100000| Complete |  0
|1986|0x00000000fc200000, 0x00000000fc300000, 0x00000000fc300000|100%| O|Cm|TAMS 0x00000000fc200000| PB 0x00000000fc200000| Complete |  0
|1987|0x00000000fc300000, 0x00000000fc400000, 0x00000000fc400000|100%| O|Cm|TAMS 0x00000000fc300000| PB 0x00000000fc300000| Complete |  0
|1988|0x00000000fc400000, 0x00000000fc500000, 0x00000000fc500000|100%| O|  |TAMS 0x00000000fc400000| PB 0x00000000fc400000| Untracked |  0
|1989|0x00000000fc500000, 0x00000000fc600000, 0x00000000fc600000|100%| O|Cm|TAMS 0x00000000fc500000| PB 0x00000000fc500000| Complete |  0
|1990|0x00000000fc600000, 0x00000000fc700000, 0x00000000fc700000|100%| O|Cm|TAMS 0x00000000fc600000| PB 0x00000000fc600000| Complete |  0
|1991|0x00000000fc700000, 0x00000000fc700000, 0x00000000fc800000|  0%| F|  |TAMS 0x00000000fc700000| PB 0x00000000fc700000| Untracked |  0
|1992|0x00000000fc800000, 0x00000000fc800000, 0x00000000fc900000|  0%| F|  |TAMS 0x00000000fc800000| PB 0x00000000fc800000| Untracked |  0
|1993|0x00000000fc900000, 0x00000000fc900000, 0x00000000fca00000|  0%| F|  |TAMS 0x00000000fc900000| PB 0x00000000fc900000| Untracked |  0
|1994|0x00000000fca00000, 0x00000000fca00000, 0x00000000fcb00000|  0%| F|  |TAMS 0x00000000fca00000| PB 0x00000000fca00000| Untracked |  0
|1995|0x00000000fcb00000, 0x00000000fcb00000, 0x00000000fcc00000|  0%| F|  |TAMS 0x00000000fcb00000| PB 0x00000000fcb00000| Untracked |  0
|1996|0x00000000fcc00000, 0x00000000fcc00000, 0x00000000fcd00000|  0%| F|  |TAMS 0x00000000fcc00000| PB 0x00000000fcc00000| Untracked |  0
|1997|0x00000000fcd00000, 0x00000000fcd00000, 0x00000000fce00000|  0%| F|  |TAMS 0x00000000fcd00000| PB 0x00000000fcd00000| Untracked |  0
|1998|0x00000000fce00000, 0x00000000fce00000, 0x00000000fcf00000|  0%| F|  |TAMS 0x00000000fce00000| PB 0x00000000fce00000| Untracked |  0
|1999|0x00000000fcf00000, 0x00000000fcf00000, 0x00000000fd000000|  0%| F|  |TAMS 0x00000000fcf00000| PB 0x00000000fcf00000| Untracked |  0
|2000|0x00000000fd000000, 0x00000000fd000000, 0x00000000fd100000|  0%| F|  |TAMS 0x00000000fd000000| PB 0x00000000fd000000| Untracked |  0
|2001|0x00000000fd100000, 0x00000000fd100000, 0x00000000fd200000|  0%| F|  |TAMS 0x00000000fd100000| PB 0x00000000fd100000| Untracked |  0
|2002|0x00000000fd200000, 0x00000000fd200000, 0x00000000fd300000|  0%| F|  |TAMS 0x00000000fd200000| PB 0x00000000fd200000| Untracked |  0
|2003|0x00000000fd300000, 0x00000000fd300000, 0x00000000fd400000|  0%| F|  |TAMS 0x00000000fd300000| PB 0x00000000fd300000| Untracked |  0
|2004|0x00000000fd400000, 0x00000000fd400000, 0x00000000fd500000|  0%| F|  |TAMS 0x00000000fd400000| PB 0x00000000fd400000| Untracked |  0
|2005|0x00000000fd500000, 0x00000000fd500000, 0x00000000fd600000|  0%| F|  |TAMS 0x00000000fd500000| PB 0x00000000fd500000| Untracked |  0
|2006|0x00000000fd600000, 0x00000000fd600000, 0x00000000fd700000|  0%| F|  |TAMS 0x00000000fd600000| PB 0x00000000fd600000| Untracked |  0
|2007|0x00000000fd700000, 0x00000000fd700000, 0x00000000fd800000|  0%| F|  |TAMS 0x00000000fd700000| PB 0x00000000fd700000| Untracked |  0
|2008|0x00000000fd800000, 0x00000000fd800000, 0x00000000fd900000|  0%| F|  |TAMS 0x00000000fd800000| PB 0x00000000fd800000| Untracked |  0
|2009|0x00000000fd900000, 0x00000000fd900000, 0x00000000fda00000|  0%| F|  |TAMS 0x00000000fd900000| PB 0x00000000fd900000| Untracked |  0
|2010|0x00000000fda00000, 0x00000000fda00000, 0x00000000fdb00000|  0%| F|  |TAMS 0x00000000fda00000| PB 0x00000000fda00000| Untracked |  0
|2011|0x00000000fdb00000, 0x00000000fdb00000, 0x00000000fdc00000|  0%| F|  |TAMS 0x00000000fdb00000| PB 0x00000000fdb00000| Untracked |  0
|2012|0x00000000fdc00000, 0x00000000fdc00000, 0x00000000fdd00000|  0%| F|  |TAMS 0x00000000fdc00000| PB 0x00000000fdc00000| Untracked |  0
|2013|0x00000000fdd00000, 0x00000000fdd00000, 0x00000000fde00000|  0%| F|  |TAMS 0x00000000fdd00000| PB 0x00000000fdd00000| Untracked |  0
|2014|0x00000000fde00000, 0x00000000fde00000, 0x00000000fdf00000|  0%| F|  |TAMS 0x00000000fde00000| PB 0x00000000fde00000| Untracked |  0
|2015|0x00000000fdf00000, 0x00000000fdf00000, 0x00000000fe000000|  0%| F|  |TAMS 0x00000000fdf00000| PB 0x00000000fdf00000| Untracked |  0
|2016|0x00000000fe000000, 0x00000000fe000000, 0x00000000fe100000|  0%| F|  |TAMS 0x00000000fe000000| PB 0x00000000fe000000| Untracked |  0
|2017|0x00000000fe100000, 0x00000000fe100000, 0x00000000fe200000|  0%| F|  |TAMS 0x00000000fe100000| PB 0x00000000fe100000| Untracked |  0
|2018|0x00000000fe200000, 0x00000000fe200000, 0x00000000fe300000|  0%| F|  |TAMS 0x00000000fe200000| PB 0x00000000fe200000| Untracked |  0
|2019|0x00000000fe300000, 0x00000000fe300000, 0x00000000fe400000|  0%| F|  |TAMS 0x00000000fe300000| PB 0x00000000fe300000| Untracked |  0
|2020|0x00000000fe400000, 0x00000000fe47b970, 0x00000000fe500000| 48%| E|  |TAMS 0x00000000fe400000| PB 0x00000000fe400000| Complete |  0
|2021|0x00000000fe500000, 0x00000000fe600000, 0x00000000fe600000|100%| E|CS|TAMS 0x00000000fe500000| PB 0x00000000fe500000| Complete |  0
|2022|0x00000000fe600000, 0x00000000fe700000, 0x00000000fe700000|100%| E|CS|TAMS 0x00000000fe600000| PB 0x00000000fe600000| Complete |  0
|2023|0x00000000fe700000, 0x00000000fe800000, 0x00000000fe800000|100%| E|CS|TAMS 0x00000000fe700000| PB 0x00000000fe700000| Complete |  0
|2024|0x00000000fe800000, 0x00000000fe900000, 0x00000000fe900000|100%| E|CS|TAMS 0x00000000fe800000| PB 0x00000000fe800000| Complete |  0
|2025|0x00000000fe900000, 0x00000000fea00000, 0x00000000fea00000|100%| E|CS|TAMS 0x00000000fe900000| PB 0x00000000fe900000| Complete |  0
|2026|0x00000000fea00000, 0x00000000feb00000, 0x00000000feb00000|100%| E|CS|TAMS 0x00000000fea00000| PB 0x00000000fea00000| Complete |  0
|2027|0x00000000feb00000, 0x00000000fec00000, 0x00000000fec00000|100%| E|CS|TAMS 0x00000000feb00000| PB 0x00000000feb00000| Complete |  0
|2028|0x00000000fec00000, 0x00000000fed00000, 0x00000000fed00000|100%| E|CS|TAMS 0x00000000fec00000| PB 0x00000000fec00000| Complete |  0
|2029|0x00000000fed00000, 0x00000000fee00000, 0x00000000fee00000|100%| E|CS|TAMS 0x00000000fed00000| PB 0x00000000fed00000| Complete |  0
|2030|0x00000000fee00000, 0x00000000fef00000, 0x00000000fef00000|100%| E|CS|TAMS 0x00000000fee00000| PB 0x00000000fee00000| Complete |  0
|2031|0x00000000fef00000, 0x00000000ff000000, 0x00000000ff000000|100%| E|CS|TAMS 0x00000000fef00000| PB 0x00000000fef00000| Complete |  0
|2032|0x00000000ff000000, 0x00000000ff100000, 0x00000000ff100000|100%| E|CS|TAMS 0x00000000ff000000| PB 0x00000000ff000000| Complete |  0
|2033|0x00000000ff100000, 0x00000000ff200000, 0x00000000ff200000|100%| E|CS|TAMS 0x00000000ff100000| PB 0x00000000ff100000| Complete |  0
|2034|0x00000000ff200000, 0x00000000ff300000, 0x00000000ff300000|100%| E|CS|TAMS 0x00000000ff200000| PB 0x00000000ff200000| Complete |  0
|2035|0x00000000ff300000, 0x00000000ff400000, 0x00000000ff400000|100%| E|CS|TAMS 0x00000000ff300000| PB 0x00000000ff300000| Complete |  0
|2036|0x00000000ff400000, 0x00000000ff500000, 0x00000000ff500000|100%| E|CS|TAMS 0x00000000ff400000| PB 0x00000000ff400000| Complete |  0
|2037|0x00000000ff500000, 0x00000000ff600000, 0x00000000ff600000|100%| E|CS|TAMS 0x00000000ff500000| PB 0x00000000ff500000| Complete |  0
|2038|0x00000000ff600000, 0x00000000ff700000, 0x00000000ff700000|100%| O|  |TAMS 0x00000000ff600000| PB 0x00000000ff600000| Untracked |  0
|2039|0x00000000ff700000, 0x00000000ff800000, 0x00000000ff800000|100%| E|CS|TAMS 0x00000000ff700000| PB 0x00000000ff700000| Complete |  0
|2040|0x00000000ff800000, 0x00000000ff900000, 0x00000000ff900000|100%| E|CS|TAMS 0x00000000ff800000| PB 0x00000000ff800000| Complete |  0
|2041|0x00000000ff900000, 0x00000000ffa00000, 0x00000000ffa00000|100%| O|  |TAMS 0x00000000ff900000| PB 0x00000000ff900000| Untracked |  0
|2042|0x00000000ffa00000, 0x00000000ffb00000, 0x00000000ffb00000|100%| O|  |TAMS 0x00000000ffa00000| PB 0x00000000ffa00000| Untracked |  0
|2043|0x00000000ffb00000, 0x00000000ffc00000, 0x00000000ffc00000|100%| E|CS|TAMS 0x00000000ffb00000| PB 0x00000000ffb00000| Complete |  0
|2044|0x00000000ffc00000, 0x00000000ffd00000, 0x00000000ffd00000|100%| O|  |TAMS 0x00000000ffc00000| PB 0x00000000ffc00000| Untracked |  0
|2045|0x00000000ffd00000, 0x00000000ffe00000, 0x00000000ffe00000|100%| O|  |TAMS 0x00000000ffd00000| PB 0x00000000ffd00000| Untracked |  0
|2046|0x00000000ffe00000, 0x00000000fff00000, 0x00000000fff00000|100%| O|  |TAMS 0x00000000ffe00000| PB 0x00000000ffe00000| Untracked |  0
|2047|0x00000000fff00000, 0x0000000100000000, 0x0000000100000000|100%| E|CS|TAMS 0x00000000fff00000| PB 0x00000000fff00000| Complete |  0

Card table byte_map: [0x0000027d7a0e0000,0x0000027d7a4e0000] _byte_map_base: 0x0000027d79ce0000

Marking Bits: (CMBitMap*) 0x0000027d66ea9420
 Bits: [0x0000027d7a4e0000, 0x0000027d7c4e0000)

Polling page: 0x0000027d64c50000

Metaspace:
Metaspace        used 276937K, committed 278784K, reserved 1310720K
 class space     used 36515K, committed 37376K, reserved 1048576K

Usage:
  Non-class:    234.79 MB used.
      Class:     35.66 MB used.
       Both:    270.45 MB used.

Virtual space:
  Non-class space:      256.00 MB reserved,     235.75 MB ( 92%) committed,  4 nodes.
      Class space:        1.00 GB reserved,      36.50 MB (  4%) committed,  1 nodes.
             Both:        1.25 GB reserved,     272.25 MB ( 21%) committed. 

Chunk freelists:
   Non-Class:  4.19 MB
       Class:  11.50 MB
        Both:  15.69 MB

MaxMetaspaceSize: unlimited
CompressedClassSpaceSize: 1.00 GB
Initial GC threshold: 21.00 MB
Current GC threshold: 450.25 MB
CDS: off
 - commit_granule_bytes: 65536.
 - commit_granule_words: 8192.
 - virtual_space_node_default_size: 8388608.
 - enlarge_chunks_in_place: 1.
UseCompressedClassPointers 1, UseCompactObjectHeaders 0
Narrow klass pointer bits 32, Max shift 3
Narrow klass base: 0x0000000000000000, Narrow klass shift: 0
Encoding Range: [0x0000000000000000 - 0x0000000100000000), (4294967296 bytes)
Klass Range:    [0x0000000007000000 - 0x0000000047000000), (1073741824 bytes)
Klass ID Range:  [117440512 - 1191182329) (1073741817)
No protection zone.


Internal statistics:

num_allocs_failed_limit: 6.
num_arena_births: 5946.
num_arena_deaths: 2848.
num_vsnodes_births: 5.
num_vsnodes_deaths: 0.
num_space_committed: 4351.
num_space_uncommitted: 0.
num_chunks_returned_to_freelist: 3155.
num_chunks_taken_from_freelist: 17756.
num_chunk_merges: 1178.
num_chunk_splits: 11928.
num_chunks_enlarged: 8892.
num_inconsistent_stats: 0.

CodeHeap 'non-profiled nmethods': size=119232Kb used=13108Kb max_used=13279Kb free=106123Kb
 bounds [0x0000027d71ed0000, 0x0000027d72bd0000, 0x0000027d79340000]
CodeHeap 'profiled nmethods': size=119104Kb used=42495Kb max_used=42495Kb free=76608Kb
 bounds [0x0000027d6a340000, 0x0000027d6cd40000, 0x0000027d71790000]
CodeHeap 'non-nmethods': size=7424Kb used=3080Kb max_used=4344Kb free=4343Kb
 bounds [0x0000027d71790000, 0x0000027d71be0000, 0x0000027d71ed0000]
CodeCache: size=245760Kb, used=58683Kb, max_used=60118Kb, free=187074Kb
 total_blobs=22572, nmethods=21244, adapters=1226, full_count=0
Compilation: enabled, stopped_count=0, restarted_count=0

Compilation events (20 events):
Event: 4089.247 Thread 0x0000027d7f34d430 38879       3       java.security.DrbgParameters::nextBytes (11 bytes)
Event: 4089.247 Thread 0x0000027d7f34d430 nmethod 38879 0x0000027d6ba83308 code [0x0000027d6ba83400, 0x0000027d6ba83588]
Event: 4089.247 Thread 0x0000027d7f34d430 38885   !   3       sun.security.provider.HashDrbg::hashGen (152 bytes)
Event: 4089.247 Thread 0x0000027d06d078a0 nmethod 38878 0x0000027d6ca41108 code [0x0000027d6ca41200, 0x0000027d6ca41410]
Event: 4089.247 Thread 0x0000027d06d078a0 38880       3       java.security.DrbgParameters$NextBytes::<init> (66 bytes)
Event: 4089.248 Thread 0x0000027d06d078a0 nmethod 38880 0x0000027d6c459708 code [0x0000027d6c459800, 0x0000027d6c45a1e8]
Event: 4089.248 Thread 0x0000027d06d078a0 38881   !   3       sun.security.provider.AbstractDrbg::engineNextBytes (283 bytes)
Event: 4089.248 Thread 0x0000027d7f346c10 38888       4       java.math.BigInteger::add (215 bytes)
Event: 4089.249 Thread 0x0000027d7f34d430 nmethod 38885 0x0000027d6c2e4288 code [0x0000027d6c2e4380, 0x0000027d6c2e50d0]
Event: 4089.249 Thread 0x0000027d7f34d430 38886       3       sun.security.util.math.intpoly.IntegerPolynomial::getSmallValue (53 bytes)
Event: 4089.250 Thread 0x0000027d7f34d430 nmethod 38886 0x0000027d6c520508 code [0x0000027d6c520600, 0x0000027d6c520f98]
Event: 4089.250 Thread 0x0000027d7f34d430 38887       3       sun.security.util.math.intpoly.IntegerPolynomial$Limb::<init> (10 bytes)
Event: 4089.250 Thread 0x0000027d7f34d430 nmethod 38887 0x0000027d6ba87588 code [0x0000027d6ba87680, 0x0000027d6ba877e8]
Event: 4089.250 Thread 0x0000027d7f34d430 38882       3       java.security.DrbgParameters$NextBytes::getAdditionalInput (22 bytes)
Event: 4089.250 Thread 0x0000027d7f34d430 nmethod 38882 0x0000027d6ca5cd88 code [0x0000027d6ca5ce80, 0x0000027d6ca5d0b0]
Event: 4089.250 Thread 0x0000027d7f34d430 38883  s    3       sun.security.provider.AbstractDrbg::instantiateIfNecessary (60 bytes)
Event: 4089.251 Thread 0x0000027d7f34d430 nmethod 38883 0x0000027d6a9b4588 code [0x0000027d6a9b4680, 0x0000027d6a9b4bb8]
Event: 4089.251 Thread 0x0000027d06d078a0 nmethod 38881 0x0000027d6cd30a88 code [0x0000027d6cd30b80, 0x0000027d6cd32ef8]
Event: 4089.251 Thread 0x0000027d7f34d430 38884  s    3       sun.security.provider.HashDrbg::generateAlgorithm (188 bytes)
Event: 4089.252 Thread 0x0000027d7f34d430 nmethod 38884 0x0000027d6c178288 code [0x0000027d6c178380, 0x0000027d6c17a108]

GC Heap Usage History (20 events):
Event: 3953.778 {heap Before GC invocations=89 (full 0):
 garbage-first heap   total reserved 2097152K, committed 507904K, used 438272K [0x0000000080000000, 0x0000000100000000)
  region size 1024K, 165 young (168960K), 13 survivors (13312K)
}
Event: 3953.797 {heap After GC invocations=90 (full 0):
 garbage-first heap   total reserved 2097152K, committed 507904K, used 234739K [0x0000000080000000, 0x0000000100000000)
  region size 1024K, 14 young (14336K), 14 survivors (14336K)
}
Event: 3956.872 {heap Before GC invocations=90 (full 0):
 garbage-first heap   total reserved 2097152K, committed 507904K, used 434419K [0x0000000080000000, 0x0000000100000000)
  region size 1024K, 208 young (212992K), 14 survivors (14336K)
}
Event: 3956.922 {heap After GC invocations=91 (full 0):
 garbage-first heap   total reserved 2097152K, committed 507904K, used 213699K [0x0000000080000000, 0x0000000100000000)
  region size 1024K, 19 young (19456K), 19 survivors (19456K)
}
Event: 3959.645 {heap Before GC invocations=91 (full 0):
 garbage-first heap   total reserved 2097152K, committed 507904K, used 435907K [0x0000000080000000, 0x0000000100000000)
  region size 1024K, 236 young (241664K), 19 survivors (19456K)
}
Event: 3959.670 {heap After GC invocations=92 (full 0):
 garbage-first heap   total reserved 2097152K, committed 507904K, used 214718K [0x0000000080000000, 0x0000000100000000)
  region size 1024K, 14 young (14336K), 14 survivors (14336K)
}
Event: 3964.810 {heap Before GC invocations=93 (full 0):
 garbage-first heap   total reserved 2097152K, committed 507904K, used 450238K [0x0000000080000000, 0x0000000100000000)
  region size 1024K, 245 young (250880K), 14 survivors (14336K)
}
Event: 3964.828 {heap After GC invocations=94 (full 0):
 garbage-first heap   total reserved 2097152K, committed 507904K, used 218885K [0x0000000080000000, 0x0000000100000000)
  region size 1024K, 18 young (18432K), 18 survivors (18432K)
}
Event: 3974.575 {heap Before GC invocations=94 (full 0):
 garbage-first heap   total reserved 2097152K, committed 507904K, used 457477K [0x0000000080000000, 0x0000000100000000)
  region size 1024K, 252 young (258048K), 18 survivors (18432K)
}
Event: 3974.606 {heap After GC invocations=95 (full 0):
 garbage-first heap   total reserved 2097152K, committed 507904K, used 222208K [0x0000000080000000, 0x0000000100000000)
  region size 1024K, 23 young (23552K), 23 survivors (23552K)
}
Event: 3982.452 {heap Before GC invocations=95 (full 0):
 garbage-first heap   total reserved 2097152K, committed 507904K, used 408576K [0x0000000080000000, 0x0000000100000000)
  region size 1024K, 207 young (211968K), 23 survivors (23552K)
}
Event: 3982.482 {heap After GC invocations=96 (full 0):
 garbage-first heap   total reserved 2097152K, committed 507904K, used 235251K [0x0000000080000000, 0x0000000100000000)
  region size 1024K, 29 young (29696K), 29 survivors (29696K)
}
Event: 4070.858 {heap Before GC invocations=97 (full 0):
 garbage-first heap   total reserved 2097152K, committed 507904K, used 459507K [0x0000000080000000, 0x0000000100000000)
  region size 1024K, 247 young (252928K), 29 survivors (29696K)
}
Event: 4071.177 {heap After GC invocations=98 (full 0):
 garbage-first heap   total reserved 2097152K, committed 533504K, used 279369K [0x0000000080000000, 0x0000000100000000)
  region size 1024K, 31 young (31744K), 31 survivors (31744K)
}
Event: 4075.505 {heap Before GC invocations=98 (full 0):
 garbage-first heap   total reserved 2097152K, committed 533504K, used 462665K [0x0000000080000000, 0x0000000100000000)
  region size 1024K, 208 young (212992K), 31 survivors (31744K)
}
Event: 4075.658 {heap After GC invocations=99 (full 0):
 garbage-first heap   total reserved 2097152K, committed 569344K, used 343552K [0x0000000080000000, 0x0000000100000000)
  region size 1024K, 26 young (26624K), 26 survivors (26624K)
}
Event: 4076.142 {heap Before GC invocations=99 (full 0):
 garbage-first heap   total reserved 2097152K, committed 569344K, used 372224K [0x0000000080000000, 0x0000000100000000)
  region size 1024K, 55 young (56320K), 26 survivors (26624K)
}
Event: 4076.173 {heap After GC invocations=100 (full 0):
 garbage-first heap   total reserved 2097152K, committed 569344K, used 353792K [0x0000000080000000, 0x0000000100000000)
  region size 1024K, 7 young (7168K), 7 survivors (7168K)
}
Event: 4084.018 {heap Before GC invocations=101 (full 0):
 garbage-first heap   total reserved 2097152K, committed 592896K, used 488960K [0x0000000080000000, 0x0000000100000000)
  region size 1024K, 139 young (142336K), 7 survivors (7168K)
}
Event: 4084.078 {heap After GC invocations=102 (full 0):
 garbage-first heap   total reserved 2097152K, committed 592896K, used 382464K [0x0000000080000000, 0x0000000100000000)
  region size 1024K, 18 young (18432K), 18 survivors (18432K)
}

Metaspace Usage History (20 events):
Event: 3953.778 {metaspace Before GC invocations=89 (full 0):
 Metaspace       used 258625K, committed 260416K, reserved 1310720K
  class space    used 34559K, committed 35328K, reserved 1048576K
}
Event: 3953.797 {metaspace After GC invocations=90 (full 0):
 Metaspace       used 258625K, committed 260416K, reserved 1310720K
  class space    used 34559K, committed 35328K, reserved 1048576K
}
Event: 3956.872 {metaspace Before GC invocations=90 (full 0):
 Metaspace       used 265607K, committed 267392K, reserved 1310720K
  class space    used 35553K, committed 36352K, reserved 1048576K
}
Event: 3956.922 {metaspace After GC invocations=91 (full 0):
 Metaspace       used 265607K, committed 267392K, reserved 1310720K
  class space    used 35553K, committed 36352K, reserved 1048576K
}
Event: 3959.645 {metaspace Before GC invocations=91 (full 0):
 Metaspace       used 266432K, committed 268160K, reserved 1310720K
  class space    used 35655K, committed 36416K, reserved 1048576K
}
Event: 3959.670 {metaspace After GC invocations=92 (full 0):
 Metaspace       used 266432K, committed 268160K, reserved 1310720K
  class space    used 35655K, committed 36416K, reserved 1048576K
}
Event: 3964.810 {metaspace Before GC invocations=93 (full 0):
 Metaspace       used 266558K, committed 268352K, reserved 1310720K
  class space    used 35673K, committed 36480K, reserved 1048576K
}
Event: 3964.828 {metaspace After GC invocations=94 (full 0):
 Metaspace       used 266558K, committed 268352K, reserved 1310720K
  class space    used 35673K, committed 36480K, reserved 1048576K
}
Event: 3974.575 {metaspace Before GC invocations=94 (full 0):
 Metaspace       used 267006K, committed 268736K, reserved 1310720K
  class space    used 35721K, committed 36480K, reserved 1048576K
}
Event: 3974.606 {metaspace After GC invocations=95 (full 0):
 Metaspace       used 267006K, committed 268736K, reserved 1310720K
  class space    used 35721K, committed 36480K, reserved 1048576K
}
Event: 3982.452 {metaspace Before GC invocations=95 (full 0):
 Metaspace       used 267689K, committed 269440K, reserved 1310720K
  class space    used 35790K, committed 36608K, reserved 1048576K
}
Event: 3982.482 {metaspace After GC invocations=96 (full 0):
 Metaspace       used 267689K, committed 269440K, reserved 1310720K
  class space    used 35790K, committed 36608K, reserved 1048576K
}
Event: 4070.858 {metaspace Before GC invocations=97 (full 0):
 Metaspace       used 274249K, committed 276096K, reserved 1310720K
  class space    used 36366K, committed 37184K, reserved 1048576K
}
Event: 4071.178 {metaspace After GC invocations=98 (full 0):
 Metaspace       used 274249K, committed 276096K, reserved 1310720K
  class space    used 36366K, committed 37184K, reserved 1048576K
}
Event: 4075.506 {metaspace Before GC invocations=98 (full 0):
 Metaspace       used 274669K, committed 276480K, reserved 1310720K
  class space    used 36372K, committed 37184K, reserved 1048576K
}
Event: 4075.658 {metaspace After GC invocations=99 (full 0):
 Metaspace       used 274669K, committed 276480K, reserved 1310720K
  class space    used 36372K, committed 37184K, reserved 1048576K
}
Event: 4076.142 {metaspace Before GC invocations=99 (full 0):
 Metaspace       used 274685K, committed 276480K, reserved 1310720K
  class space    used 36372K, committed 37184K, reserved 1048576K
}
Event: 4076.173 {metaspace After GC invocations=100 (full 0):
 Metaspace       used 274685K, committed 276480K, reserved 1310720K
  class space    used 36372K, committed 37184K, reserved 1048576K
}
Event: 4084.018 {metaspace Before GC invocations=101 (full 0):
 Metaspace       used 276752K, committed 278656K, reserved 1310720K
  class space    used 36513K, committed 37376K, reserved 1048576K
}
Event: 4084.078 {metaspace After GC invocations=102 (full 0):
 Metaspace       used 276752K, committed 278656K, reserved 1310720K
  class space    used 36513K, committed 37376K, reserved 1048576K
}

Dll operation events (3 events):
Event: 0.037 Loaded shared library C:\Users\indie\AppData\Local\Programs\Android Studio\jbr\bin\java.dll
Event: 0.048 Loaded shared library C:\Users\indie\AppData\Local\Programs\Android Studio\jbr\bin\zip.dll
Event: 2.633 Loaded shared library C:\Users\indie\AppData\Local\Programs\Android Studio\jbr\bin\verify.dll

Deoptimization events (20 events):
Event: 4082.490 Thread 0x0000027d099f1010 Uncommon trap: trap_request=0xffffffde fr.pc=0x0000027d722fdc88 relative=0x0000000000000388
Event: 4082.490 Thread 0x0000027d099f1010 Uncommon trap: reason=class_check action=maybe_recompile pc=0x0000027d722fdc88 method=java.util.zip.InflaterInputStream.fill()V @ 19 c2
Event: 4082.490 Thread 0x0000027d099f1010 DEOPT PACKING pc=0x0000027d722fdc88 sp=0x000000f2bbef58c0
Event: 4082.490 Thread 0x0000027d099f1010 DEOPT UNPACKING pc=0x0000027d718a8582 sp=0x000000f2bbef5878 mode 2
Event: 4082.525 Thread 0x0000027d099f1010 DEOPT PACKING pc=0x0000027d6bc02146 sp=0x000000f2bbef4d10
Event: 4082.525 Thread 0x0000027d099f1010 DEOPT UNPACKING pc=0x0000027d717e1702 sp=0x000000f2bbef41d0 mode 0
Event: 4082.895 Thread 0x0000027d0576b030 Uncommon trap: trap_request=0xffffff45 fr.pc=0x0000027d72312420 relative=0x0000000000000420
Event: 4082.895 Thread 0x0000027d0576b030 Uncommon trap: reason=unstable_if action=reinterpret pc=0x0000027d72312420 method=org.gradle.internal.operations.DefaultBuildOperationQueue$WorkerRunnable.runBatch()V @ 10 c2
Event: 4082.895 Thread 0x0000027d0576b030 DEOPT PACKING pc=0x0000027d72312420 sp=0x000000f2c1cff390
Event: 4082.895 Thread 0x0000027d0576b030 DEOPT UNPACKING pc=0x0000027d718a8582 sp=0x000000f2c1cff330 mode 2
Event: 4082.901 Thread 0x0000027d0576b800 Uncommon trap: trap_request=0xffffff45 fr.pc=0x0000027d7261b978 relative=0x0000000000000178
Event: 4082.901 Thread 0x0000027d0576b030 Uncommon trap: trap_request=0xffffff45 fr.pc=0x0000027d7261cc04 relative=0x0000000000000104
Event: 4082.901 Thread 0x0000027d0576b800 Uncommon trap: reason=unstable_if action=reinterpret pc=0x0000027d7261b978 method=java.util.concurrent.locks.ReentrantReadWriteLock$Sync.tryAcquireShared(J)J @ 71 c2
Event: 4082.901 Thread 0x0000027d0576b030 Uncommon trap: reason=unstable_if action=reinterpret pc=0x0000027d7261cc04 method=java.util.concurrent.locks.ReentrantReadWriteLock$Sync.tryReleaseShared(J)Z @ 146 c2
Event: 4082.901 Thread 0x0000027d0576b800 DEOPT PACKING pc=0x0000027d7261b978 sp=0x000000f2c1dfd070
Event: 4082.901 Thread 0x0000027d0576b030 DEOPT PACKING pc=0x0000027d7261cc04 sp=0x000000f2c1cfd0f0
Event: 4082.901 Thread 0x0000027d0576b800 DEOPT UNPACKING pc=0x0000027d718a8582 sp=0x000000f2c1dfcf18 mode 2
Event: 4082.901 Thread 0x0000027d0576b030 DEOPT UNPACKING pc=0x0000027d718a8582 sp=0x000000f2c1cfcf88 mode 2
Event: 4087.685 Thread 0x0000027d099f1010 DEOPT PACKING pc=0x0000027d6ccdd255 sp=0x000000f2bbef5d70
Event: 4087.685 Thread 0x0000027d099f1010 DEOPT UNPACKING pc=0x0000027d717e1702 sp=0x000000f2bbef5230 mode 0

Classes loaded (20 events):
Event: 4081.404 Loading class com/sun/org/apache/xerces/internal/dom/AttrImpl done
Event: 4081.404 Loading class com/sun/org/apache/xerces/internal/dom/DeferredAttrImpl done
Event: 4081.406 Loading class com/sun/org/apache/xerces/internal/dom/DeferredTextImpl
Event: 4081.406 Loading class com/sun/org/apache/xerces/internal/dom/TextImpl
Event: 4081.407 Loading class org/w3c/dom/CharacterData
Event: 4081.407 Loading class org/w3c/dom/CharacterData done
Event: 4081.407 Loading class org/w3c/dom/Text
Event: 4081.407 Loading class org/w3c/dom/Text done
Event: 4081.408 Loading class com/sun/org/apache/xerces/internal/dom/CharacterDataImpl
Event: 4081.408 Loading class com/sun/org/apache/xerces/internal/dom/CharacterDataImpl done
Event: 4081.408 Loading class com/sun/org/apache/xerces/internal/dom/TextImpl done
Event: 4081.408 Loading class com/sun/org/apache/xerces/internal/dom/DeferredTextImpl done
Event: 4081.408 Loading class com/sun/org/apache/xerces/internal/dom/CharacterDataImpl$1
Event: 4081.408 Loading class com/sun/org/apache/xerces/internal/dom/CharacterDataImpl$1 done
Event: 4081.408 Loading class com/sun/org/apache/xerces/internal/dom/DeferredCommentImpl
Event: 4081.409 Loading class com/sun/org/apache/xerces/internal/dom/CommentImpl
Event: 4081.409 Loading class org/w3c/dom/Comment
Event: 4081.409 Loading class org/w3c/dom/Comment done
Event: 4081.409 Loading class com/sun/org/apache/xerces/internal/dom/CommentImpl done
Event: 4081.409 Loading class com/sun/org/apache/xerces/internal/dom/DeferredCommentImpl done

Classes unloaded (20 events):
Event: 3936.830 Thread 0x0000027d7f2ee090 Unloading class 0x0000000007e9aa50 'Build_gradle'
Event: 3936.830 Thread 0x0000027d7f2ee090 Unloading class 0x0000000007e9a800 'Program'
Event: 3936.830 Thread 0x0000027d7f2ee090 Unloading class 0x0000000007c30710 'org/gradle/kotlin/dsl/VersionCatalogAccessorsKt'
Event: 3936.830 Thread 0x0000027d7f2ee090 Unloading class 0x0000000007c304b0 'Build_gradle$$Lambda+0x0000000007c304b0'
Event: 3936.830 Thread 0x0000027d7f2ee090 Unloading class 0x0000000007c30260 'Build_gradle'
Event: 3936.830 Thread 0x0000027d7f2ee090 Unloading class 0x0000000007c30000 'Program'
Event: 3936.830 Thread 0x0000027d7f2ee090 Unloading class 0x0000000007c0d400 'org/gradle/kotlin/dsl/VersionCatalogAccessorsKt'
Event: 3936.830 Thread 0x0000027d7f2ee090 Unloading class 0x0000000007c0dca0 'Build_gradle$$Lambda+0x0000000007c0dca0'
Event: 3936.830 Thread 0x0000027d7f2ee090 Unloading class 0x0000000007c0da50 'Build_gradle'
Event: 3936.830 Thread 0x0000027d7f2ee090 Unloading class 0x0000000007c0d800 'Program'
Event: 3936.830 Thread 0x0000027d7f2ee090 Unloading class 0x00000000078dd460 'sync_studio_tooling1_7fngnoulk2uq0xwypp2k8al3x$_run_closure2'
Event: 3936.830 Thread 0x0000027d7f2ee090 Unloading class 0x00000000078dd000 'sync_studio_tooling1_7fngnoulk2uq0xwypp2k8al3x$_run_closure1'
Event: 3936.831 Thread 0x0000027d7f2ee090 Unloading class 0x00000000078dc800 'sync_studio_tooling1_7fngnoulk2uq0xwypp2k8al3x'
Event: 3936.831 Thread 0x0000027d7f2ee090 Unloading class 0x00000000077c89c8 'sync_studio_tooling1_7fngnoulk2uq0xwypp2k8al3x$_run_closure1$_closure2'
Event: 3936.831 Thread 0x0000027d7f2ee090 Unloading class 0x00000000077c8568 'sync_studio_tooling1_7fngnoulk2uq0xwypp2k8al3x$_run_closure1'
Event: 3936.831 Thread 0x0000027d7f2ee090 Unloading class 0x00000000077c8000 'sync_studio_tooling1_7fngnoulk2uq0xwypp2k8al3x'
Event: 4076.666 Thread 0x0000027d7f2ee090 Unloading class 0x0000000009190000 'java/lang/invoke/LambdaForm$MH+0x0000000009190000'
Event: 4076.667 Thread 0x0000027d7f2ee090 Unloading class 0x00000000085019c8 'sync_studio_tooling2_75hhbafiicftliud7sbik589z$_run_closure1$_closure2'
Event: 4076.667 Thread 0x0000027d7f2ee090 Unloading class 0x0000000008501568 'sync_studio_tooling2_75hhbafiicftliud7sbik589z$_run_closure1'
Event: 4076.667 Thread 0x0000027d7f2ee090 Unloading class 0x0000000008501000 'sync_studio_tooling2_75hhbafiicftliud7sbik589z'

Classes redefined (0 events):
No events

Internal exceptions (20 events):
Event: 4089.093 Thread 0x0000027d099f1010 Exception <a 'sun/nio/fs/WindowsException'{0x00000000fe72e1c8}> (0x00000000fe72e1c8) 
thrown [s\src\hotspot\share\prims\jni.cpp, line 535]
Event: 4089.109 Thread 0x0000027d099f1010 Exception <a 'sun/nio/fs/WindowsException'{0x00000000fe7655f0}> (0x00000000fe7655f0) 
thrown [s\src\hotspot\share\prims\jni.cpp, line 535]
Event: 4089.111 Thread 0x0000027d099f1010 Exception <a 'sun/nio/fs/WindowsException'{0x00000000fe767508}> (0x00000000fe767508) 
thrown [s\src\hotspot\share\prims\jni.cpp, line 535]
Event: 4089.115 Thread 0x0000027d099f1010 Exception <a 'sun/nio/fs/WindowsException'{0x00000000fe7695d0}> (0x00000000fe7695d0) 
thrown [s\src\hotspot\share\prims\jni.cpp, line 535]
Event: 4089.117 Thread 0x0000027d099f1010 Exception <a 'sun/nio/fs/WindowsException'{0x00000000fe76b978}> (0x00000000fe76b978) 
thrown [s\src\hotspot\share\prims\jni.cpp, line 535]
Event: 4089.129 Thread 0x0000027d099f1010 Exception <a 'sun/nio/fs/WindowsException'{0x00000000fe76f1c8}> (0x00000000fe76f1c8) 
thrown [s\src\hotspot\share\prims\jni.cpp, line 535]
Event: 4089.130 Thread 0x0000027d099f1010 Exception <a 'sun/nio/fs/WindowsException'{0x00000000fe771140}> (0x00000000fe771140) 
thrown [s\src\hotspot\share\prims\jni.cpp, line 535]
Event: 4089.130 Thread 0x0000027d099f1010 Exception <a 'sun/nio/fs/WindowsException'{0x00000000fe773170}> (0x00000000fe773170) 
thrown [s\src\hotspot\share\prims\jni.cpp, line 535]
Event: 4089.142 Thread 0x0000027d095dc620 Exception <a 'sun/nio/fs/WindowsException'{0x00000000fe628b60}> (0x00000000fe628b60) 
thrown [s\src\hotspot\share\prims\jni.cpp, line 535]
Event: 4089.142 Thread 0x0000027d095dc620 Exception <a 'sun/nio/fs/WindowsException'{0x00000000fe629708}> (0x00000000fe629708) 
thrown [s\src\hotspot\share\prims\jni.cpp, line 535]
Event: 4089.143 Thread 0x0000027d07c6bbe0 Exception <a 'sun/nio/fs/WindowsException'{0x00000000fe514098}> (0x00000000fe514098) 
thrown [s\src\hotspot\share\prims\jni.cpp, line 535]
Event: 4089.143 Thread 0x0000027d07c6bbe0 Exception <a 'sun/nio/fs/WindowsException'{0x00000000fe514bf0}> (0x00000000fe514bf0) 
thrown [s\src\hotspot\share\prims\jni.cpp, line 535]
Event: 4089.145 Thread 0x0000027d095dcdf0 Exception <a 'sun/nio/fs/WindowsException'{0x00000000fe677f68}> (0x00000000fe677f68) 
thrown [s\src\hotspot\share\prims\jni.cpp, line 535]
Event: 4089.145 Thread 0x0000027d095dcdf0 Exception <a 'sun/nio/fs/WindowsException'{0x00000000fe678af8}> (0x00000000fe678af8) 
thrown [s\src\hotspot\share\prims\jni.cpp, line 535]
Event: 4089.146 Thread 0x0000027d095dc620 Exception <a 'sun/nio/fs/WindowsException'{0x00000000fe62c850}> (0x00000000fe62c850) 
thrown [s\src\hotspot\share\prims\jni.cpp, line 535]
Event: 4089.146 Thread 0x0000027d095dc620 Exception <a 'sun/nio/fs/WindowsException'{0x00000000fe62d308}> (0x00000000fe62d308) 
thrown [s\src\hotspot\share\prims\jni.cpp, line 535]
Event: 4089.146 Thread 0x0000027d095dcdf0 Exception <a 'sun/nio/fs/WindowsException'{0x00000000fe67bc10}> (0x00000000fe67bc10) 
thrown [s\src\hotspot\share\prims\jni.cpp, line 535]
Event: 4089.146 Thread 0x0000027d095dcdf0 Exception <a 'sun/nio/fs/WindowsException'{0x00000000fe67c6c8}> (0x00000000fe67c6c8) 
thrown [s\src\hotspot\share\prims\jni.cpp, line 535]
Event: 4089.146 Thread 0x0000027d07c6bbe0 Exception <a 'sun/nio/fs/WindowsException'{0x00000000fe517cd0}> (0x00000000fe517cd0) 
thrown [s\src\hotspot\share\prims\jni.cpp, line 535]
Event: 4089.147 Thread 0x0000027d07c6bbe0 Exception <a 'sun/nio/fs/WindowsException'{0x00000000fe518788}> (0x00000000fe518788) 
thrown [s\src\hotspot\share\prims\jni.cpp, line 535]

VM Operations (20 events):
Event: 4029.473 Executing non-safepoint VM operation: HandshakeAllThreads (HandshakeForDeflation)
Event: 4029.525 Executing non-safepoint VM operation: HandshakeAllThreads (HandshakeForDeflation) done
Event: 4029.526 Executing non-safepoint VM operation: RendezvousGCThreads
Event: 4029.526 Executing non-safepoint VM operation: RendezvousGCThreads done
Event: 4070.855 Executing safepoint VM operation: G1CollectForAllocation (G1 Evacuation Pause)
Event: 4071.178 Executing safepoint VM operation: G1CollectForAllocation (G1 Evacuation Pause) done
Event: 4075.505 Executing safepoint VM operation: G1CollectForAllocation (G1 Evacuation Pause)
Event: 4075.658 Executing safepoint VM operation: G1CollectForAllocation (G1 Evacuation Pause) done
Event: 4076.141 Executing safepoint VM operation: G1TryInitiateConcMark (G1 Humongous Allocation)
Event: 4076.173 Executing safepoint VM operation: G1TryInitiateConcMark (G1 Humongous Allocation) done
Event: 4076.663 Executing safepoint VM operation: G1PauseRemark
Event: 4077.450 Executing safepoint VM operation: G1PauseRemark done
Event: 4077.701 Executing safepoint VM operation: G1PauseCleanup
Event: 4077.704 Executing safepoint VM operation: G1PauseCleanup done
Event: 4081.313 Executing non-safepoint VM operation: HandshakeAllThreads (Deoptimize)
Event: 4081.314 Executing non-safepoint VM operation: HandshakeAllThreads (Deoptimize) done
Event: 4081.340 Executing non-safepoint VM operation: HandshakeAllThreads (Deoptimize)
Event: 4081.340 Executing non-safepoint VM operation: HandshakeAllThreads (Deoptimize) done
Event: 4084.016 Executing safepoint VM operation: G1CollectForAllocation (G1 Evacuation Pause)
Event: 4084.078 Executing safepoint VM operation: G1CollectForAllocation (G1 Evacuation Pause) done

Memory protections (0 events):
No events

Nmethod flushes (20 events):
Event: 4077.422 Thread 0x0000027d7f2ee090 flushing  nmethod 0x0000027d6c4d4108
Event: 4077.422 Thread 0x0000027d7f2ee090 flushing  nmethod 0x0000027d6c605508
Event: 4077.422 Thread 0x0000027d7f2ee090 flushing  nmethod 0x0000027d6c605e08
Event: 4077.422 Thread 0x0000027d7f2ee090 flushing  nmethod 0x0000027d6c702c08
Event: 4077.422 Thread 0x0000027d7f2ee090 flushing  nmethod 0x0000027d6c7c4508
Event: 4077.422 Thread 0x0000027d7f2ee090 flushing  nmethod 0x0000027d6c7d0d08
Event: 4077.422 Thread 0x0000027d7f2ee090 flushing  nmethod 0x0000027d6c7d1008
Event: 4077.422 Thread 0x0000027d7f2ee090 flushing  nmethod 0x0000027d6c7d1308
Event: 4077.422 Thread 0x0000027d7f2ee090 flushing  nmethod 0x0000027d6c7d1688
Event: 4077.422 Thread 0x0000027d7f2ee090 flushing  nmethod 0x0000027d6c85b008
Event: 4077.422 Thread 0x0000027d7f2ee090 flushing  nmethod 0x0000027d6c929d08
Event: 4077.422 Thread 0x0000027d7f2ee090 flushing  nmethod 0x0000027d6c92a488
Event: 4077.422 Thread 0x0000027d7f2ee090 flushing  nmethod 0x0000027d6c92ac08
Event: 4077.422 Thread 0x0000027d7f2ee090 flushing  nmethod 0x0000027d6c92e208
Event: 4077.422 Thread 0x0000027d7f2ee090 flushing  nmethod 0x0000027d6c9eb708
Event: 4077.422 Thread 0x0000027d7f2ee090 flushing  nmethod 0x0000027d6c9ee108
Event: 4077.422 Thread 0x0000027d7f2ee090 flushing  nmethod 0x0000027d6c9ee608
Event: 4077.422 Thread 0x0000027d7f2ee090 flushing  nmethod 0x0000027d6c9eef88
Event: 4077.422 Thread 0x0000027d7f2ee090 flushing  nmethod 0x0000027d6c9ef988
Event: 4077.422 Thread 0x0000027d7f2ee090 flushing  nmethod 0x0000027d6c9eff88

Events (20 events):
Event: 4078.948 Thread 0x0000027d120f0c50 Thread added: 0x0000027d12f8d9c0
Event: 4078.949 Thread 0x0000027d120f0c50 Thread added: 0x0000027d12f908a0
Event: 4078.949 Thread 0x0000027d120f0c50 Thread added: 0x0000027d12f8d1f0
Event: 4078.949 Thread 0x0000027d120f0c50 Thread added: 0x0000027d12f8e190
Event: 4078.949 Thread 0x0000027d120f0c50 Thread added: 0x0000027d12f8f130
Event: 4078.949 Thread 0x0000027d120f0c50 Thread added: 0x0000027d12f919d0
Event: 4078.949 Thread 0x0000027d120f0c50 Thread added: 0x0000027d12f921a0
Event: 4078.949 Thread 0x0000027d120f0c50 Thread added: 0x0000027d12f92970
Event: 4078.954 Thread 0x0000027d13c5c630 Thread added: 0x0000027d05e2eaf0
Event: 4078.976 Thread 0x0000027d099f1010 Thread added: 0x0000027d13c56730
Event: 4079.744 Thread 0x0000027d7f34d430 Thread added: 0x0000027d0958fff0
Event: 4082.895 Thread 0x0000027d099f1010 Thread added: 0x0000027d0576b030
Event: 4082.895 Thread 0x0000027d099f1010 Thread added: 0x0000027d0576b800
Event: 4083.735 Thread 0x0000027d7f34d430 Thread added: 0x0000027d09590800
Event: 4085.042 Thread 0x0000027d09590800 Thread exited: 0x0000027d09590800
Event: 4085.042 Thread 0x0000027d0958fff0 Thread exited: 0x0000027d0958fff0
Event: 4086.113 Thread 0x0000027d7f34d430 Thread added: 0x0000027d06d078a0
Event: 4089.137 Thread 0x0000027d099f1010 Thread added: 0x0000027d07c6bbe0
Event: 4089.137 Thread 0x0000027d099f1010 Thread added: 0x0000027d095dcdf0
Event: 4089.137 Thread 0x0000027d099f1010 Thread added: 0x0000027d095dc620


Dynamic libraries:
0x00007ff775340000 - 0x00007ff77534a000 	C:\Users\indie\AppData\Local\Programs\Android Studio\jbr\bin\java.exe
0x00007ffeee7e0000 - 0x00007ffeeea47000 	C:\Windows\SYSTEM32\ntdll.dll
0x00007ffeecd90000 - 0x00007ffeece5b000 	C:\Windows\System32\KERNEL32.DLL
0x00007ffeeba70000 - 0x00007ffeebe72000 	C:\Windows\System32\KERNELBASE.dll
0x00007ffeec1b0000 - 0x00007ffeec2fc000 	C:\Windows\System32\ucrtbase.dll
0x00007ffed19d0000 - 0x00007ffed19eb000 	C:\Users\indie\AppData\Local\Programs\Android Studio\jbr\bin\VCRUNTIME140.dll
0x00007ffea5af0000 - 0x00007ffea5b06000 	C:\Users\indie\AppData\Local\Programs\Android Studio\jbr\bin\jli.dll
0x00007ffeec750000 - 0x00007ffeec91f000 	C:\Windows\System32\USER32.dll
0x00007ffed8610000 - 0x00007ffed88a0000 	C:\Windows\WinSxS\amd64_microsoft.windows.common-controls_6595b64144ccf1df_6.0.26100.9278_none_3e0d1ba8e3303201\COMCTL32.dll
0x00007ffeec180000 - 0x00007ffeec1a7000 	C:\Windows\System32\win32u.dll
0x00007ffeede90000 - 0x00007ffeedebb000 	C:\Windows\System32\GDI32.dll
0x00007ffeec3d0000 - 0x00007ffeec4f9000 	C:\Windows\System32\gdi32full.dll
0x00007ffeebf40000 - 0x00007ffeebfe3000 	C:\Windows\System32\msvcp_win.dll
0x00007ffeedde0000 - 0x00007ffeede89000 	C:\Windows\System32\msvcrt.dll
0x00007ffeee630000 - 0x00007ffeee661000 	C:\Windows\System32\IMM32.DLL
0x00007ffeddcc0000 - 0x00007ffeddccc000 	C:\Users\indie\AppData\Local\Programs\Android Studio\jbr\bin\vcruntime140_1.dll
0x00007ffea1880000 - 0x00007ffea190d000 	C:\Users\indie\AppData\Local\Programs\Android Studio\jbr\bin\msvcp140.dll
0x00007ffdd74c0000 - 0x00007ffdd839a000 	C:\Users\indie\AppData\Local\Programs\Android Studio\jbr\bin\server\jvm.dll
0x00007ffeedec0000 - 0x00007ffeedf7c000 	C:\Windows\System32\ADVAPI32.dll
0x00007ffeec620000 - 0x00007ffeec6c9000 	C:\Windows\System32\sechost.dll
0x00007ffeec500000 - 0x00007ffeec618000 	C:\Windows\System32\RPCRT4.dll
0x00007ffeee710000 - 0x00007ffeee790000 	C:\Windows\System32\WS2_32.dll
0x00007ffeeb840000 - 0x00007ffeeb89e000 	C:\Windows\SYSTEM32\POWRPROF.dll
0x00007ffee3f30000 - 0x00007ffee3f66000 	C:\Windows\SYSTEM32\WINMM.dll
0x00007ffee3f70000 - 0x00007ffee3f7b000 	C:\Windows\SYSTEM32\VERSION.dll
0x00007ffeeb820000 - 0x00007ffeeb835000 	C:\Windows\SYSTEM32\UMPDC.dll
0x00007ffeea1c0000 - 0x00007ffeea1db000 	C:\Windows\SYSTEM32\kernel.appcore.dll
0x00007ffeddcb0000 - 0x00007ffeddcba000 	C:\Users\indie\AppData\Local\Programs\Android Studio\jbr\bin\jimage.dll
0x00007ffee8ac0000 - 0x00007ffee8d0c000 	C:\Windows\SYSTEM32\DBGHELP.DLL
0x00007ffeec930000 - 0x00007ffeeccb5000 	C:\Windows\System32\combase.dll
0x00007ffeedc00000 - 0x00007ffeedcd9000 	C:\Windows\System32\OLEAUT32.dll
0x00007ffecbd30000 - 0x00007ffecbd6b000 	C:\Windows\SYSTEM32\dbgcore.DLL
0x00007ffeebe80000 - 0x00007ffeebf2c000 	C:\Windows\System32\bcryptPrimitives.dll
0x00007ffed1b10000 - 0x00007ffed1b1e000 	C:\Users\indie\AppData\Local\Programs\Android Studio\jbr\bin\instrument.dll
0x00007ffecd930000 - 0x00007ffecd94f000 	C:\Users\indie\AppData\Local\Programs\Android Studio\jbr\bin\java.dll
0x00007ffeee490000 - 0x00007ffeee62a000 	C:\Windows\System32\ole32.dll
0x00007ffeece60000 - 0x00007ffeed5f8000 	C:\Windows\System32\SHELL32.dll
0x00007ffecbf30000 - 0x00007ffecbf47000 	C:\Users\indie\AppData\Local\Programs\Android Studio\jbr\bin\zip.dll
0x00007ffee8f40000 - 0x00007ffee97ee000 	C:\Windows\SYSTEM32\windows.storage.dll
0x00007ffeed730000 - 0x00007ffeed82b000 	C:\Windows\System32\SHCORE.dll
0x00007ffeed650000 - 0x00007ffeed6b6000 	C:\Windows\System32\shlwapi.dll
0x00007ffeeb900000 - 0x00007ffeeb929000 	C:\Windows\SYSTEM32\profapi.dll
0x00007ffed1de0000 - 0x00007ffed1df0000 	C:\Users\indie\AppData\Local\Programs\Android Studio\jbr\bin\net.dll
0x00007ffeea780000 - 0x00007ffeea7ec000 	C:\Windows\system32\mswsock.dll
0x00007ffec8320000 - 0x00007ffec8336000 	C:\Users\indie\AppData\Local\Programs\Android Studio\jbr\bin\nio.dll
0x00007ffed1db0000 - 0x00007ffed1dc0000 	C:\Users\indie\AppData\Local\Programs\Android Studio\jbr\bin\verify.dll
0x00007ffe4f280000 - 0x00007ffe4f2a7000 	C:\Users\indie\.gradle\native\660c5614fbf4a5f2a75b1949f50a0caf5cd603558e7d8a26e50b933a0cfb79d1\windows-amd64\native-platform.dll
0x00007ffe4a5d0000 - 0x00007ffe4a647000 	C:\Users\indie\.gradle\native\0.2.8\x86_64-windows-gnu\gradle-fileevents.dll
0x00007ffeddce0000 - 0x00007ffeddce9000 	C:\Users\indie\AppData\Local\Programs\Android Studio\jbr\bin\management.dll
0x00007ffeddcd0000 - 0x00007ffeddcdb000 	C:\Users\indie\AppData\Local\Programs\Android Studio\jbr\bin\management_ext.dll
0x00007ffeedff0000 - 0x00007ffeedff8000 	C:\Windows\System32\PSAPI.DLL
0x00007ffee9bc0000 - 0x00007ffee9bf3000 	C:\Windows\SYSTEM32\IPHLPAPI.DLL
0x00007ffeee700000 - 0x00007ffeee70a000 	C:\Windows\System32\NSI.dll
0x00007ffeddcf0000 - 0x00007ffeddcf9000 	C:\Users\indie\AppData\Local\Programs\Android Studio\jbr\bin\extnet.dll
0x00007ffeeaa70000 - 0x00007ffeeaa8b000 	C:\Windows\SYSTEM32\CRYPTSP.dll
0x00007ffeea120000 - 0x00007ffeea159000 	C:\Windows\system32\rsaenh.dll
0x00007ffeea830000 - 0x00007ffeea864000 	C:\Windows\SYSTEM32\USERENV.dll
0x00007ffeeb8d0000 - 0x00007ffeeb8fa000 	C:\Windows\SYSTEM32\bcrypt.dll
0x00007ffeeaa90000 - 0x00007ffeeaa9c000 	C:\Windows\SYSTEM32\CRYPTBASE.dll
0x00007ffeeaf30000 - 0x00007ffeeaf38000 	C:\Windows\system32\wshunix.dll
0x00007ffee9c60000 - 0x00007ffee9db8000 	C:\Windows\SYSTEM32\DNSAPI.dll
0x00007ffeea580000 - 0x00007ffeea58d000 	C:\Windows\SYSTEM32\DSPARSE.dll
0x00007ffee0ce0000 - 0x00007ffee0ceb000 	C:\Windows\System32\rasadhlp.dll
0x00007ffee45b0000 - 0x00007ffee4636000 	C:\Windows\System32\fwpuclnt.dll

JVMTI agents:
C:\Users\indie\.gradle\wrapper\dists\gradle-9.5.0-bin\bvnork1r7n8i6kp5cnkibsc9q\gradle-9.5.0\lib\agents\gradle-instrumentation-agent-9.5.0.jar path:C:\Users\indie\AppData\Local\Programs\Android Studio\jbr\bin\instrument.dll, loaded, initialized, instrumentlib options:none

dbghelp: loaded successfully - version: 4.0.5 - missing functions: none
symbol engine: initialized successfully - sym options: 0x614 - pdb path: .;C:\Users\indie\AppData\Local\Programs\Android Studio\jbr\bin;C:\Windows\SYSTEM32;C:\Windows\WinSxS\amd64_microsoft.windows.common-controls_6595b64144ccf1df_6.0.26100.9278_none_3e0d1ba8e3303201;C:\Users\indie\AppData\Local\Programs\Android Studio\jbr\bin\server;C:\Users\indie\.gradle\native\660c5614fbf4a5f2a75b1949f50a0caf5cd603558e7d8a26e50b933a0cfb79d1\windows-amd64;C:\Users\indie\.gradle\native\0.2.8\x86_64-windows-gnu

VM Arguments:
jvm_args: --add-opens=java.base/java.lang=ALL-UNNAMED --add-opens=java.base/java.lang.invoke=ALL-UNNAMED --add-opens=java.base/java.util=ALL-UNNAMED --add-opens=java.prefs/java.util.prefs=ALL-UNNAMED --add-exports=jdk.compiler/com.sun.tools.javac.api=ALL-UNNAMED --add-exports=jdk.compiler/com.sun.tools.javac.util=ALL-UNNAMED --add-opens=java.base/java.nio.charset=ALL-UNNAMED --add-opens=java.base/java.net=ALL-UNNAMED --add-opens=java.base/java.util.concurrent=ALL-UNNAMED --add-opens=java.base/java.util.concurrent.atomic=ALL-UNNAMED --add-opens=java.xml/javax.xml.namespace=ALL-UNNAMED --add-opens=java.base/java.time=ALL-UNNAMED --enable-native-access=ALL-UNNAMED -Xmx2048m -Dfile.encoding=UTF-8 -Duser.country=ZA -Duser.language=en -Duser.variant -javaagent:C:\Users\indie\.gradle\wrapper\dists\gradle-9.5.0-bin\bvnork1r7n8i6kp5cnkibsc9q\gradle-9.5.0\lib\agents\gradle-instrumentation-agent-9.5.0.jar 
java_command: org.gradle.launcher.daemon.bootstrap.GradleDaemon 9.5.0
java_class_path (initial): C:\Users\indie\.gradle\wrapper\dists\gradle-9.5.0-bin\bvnork1r7n8i6kp5cnkibsc9q\gradle-9.5.0\lib\gradle-daemon-main-9.5.0.jar
Launcher Type: SUN_STANDARD

[Global flags]
     intx CICompilerCount                          = 12                                        {product} {ergonomic}
     uint ConcGCThreads                            = 3                                         {product} {ergonomic}
     uint G1ConcRefinementThreads                  = 13                                        {product} {ergonomic}
   size_t G1HeapRegionSize                         = 1048576                                   {product} {ergonomic}
   size_t InitialHeapSize                          = 98566144                                  {product} {ergonomic}
   size_t MarkStackSize                            = 4194304                                   {product} {ergonomic}
   size_t MarkStackSizeMax                         = 536870912                                 {product} {ergonomic}
   size_t MaxHeapSize                              = 2147483648                                {product} {command line}
   size_t MaxNewSize                               = 1287651328                                {product} {ergonomic}
   size_t MinHeapDeltaBytes                        = 1048576                                   {product} {ergonomic}
   size_t MinHeapSize                              = 8388608                                   {product} {ergonomic}
    uintx NonNMethodCodeHeapSize                   = 7602176                                {pd product} {ergonomic}
    uintx NonProfiledCodeHeapSize                  = 122093568                              {pd product} {ergonomic}
    uintx ProfiledCodeHeapSize                     = 121962496                              {pd product} {ergonomic}
    uintx ReservedCodeCacheSize                    = 251658240                              {pd product} {ergonomic}
     bool SegmentedCodeCache                       = true                                      {product} {ergonomic}
   size_t SoftMaxHeapSize                          = 2147483648                             {manageable} {ergonomic}
     bool UseCompressedOops                        = true                           {product lp64_product} {ergonomic}
     bool UseG1GC                                  = true                                      {product} {ergonomic}
     bool UseLargePagesIndividualAllocation        = false                                  {pd product} {ergonomic}

Logging:
Log output configuration:
 #0: stdout all=warning uptime,level,tags foldmultilines=false
 #1: stderr all=off uptime,level,tags foldmultilines=false

Release file:
JAVA_VERSION="25.0.2" 
MODULES="java.base java.compiler java.datatransfer java.xml java.prefs java.desktop java.instrument java.logging java.management java.security.sasl java.naming java.rmi java.management.rmi java.net.http java.scripting java.security.jgss java.transaction.xa java.sql java.sql.rowset java.xml.crypto java.se java.smartcardio jdk.accessibility jdk.internal.jvmstat jdk.attach jdk.charsets jdk.internal.opt jdk.zipfs jdk.compiler jdk.crypto.cryptoki jdk.crypto.ec jdk.dynalink jdk.hotspot.agent jdk.httpserver jdk.internal.ed jdk.internal.le jdk.internal.md jdk.internal.vm.ci jdk.jartool jdk.javadoc jdk.jcmd jdk.jdeps jdk.jdwp.agent jdk.jdi jdk.jfr jdk.jlink jdk.localedata jdk.management jdk.management.agent jdk.management.jfr jdk.naming.dns jdk.naming.rmi jdk.net jdk.sctp jdk.security.auth jdk.security.jgss jdk.unsupported jdk.unsupported.desktop jdk.xml.dom" 
IMPLEMENTOR="JetBrains s.r.o." 
JAVA_RUNTIME_VERSION="25.0.2+-15348964-b329.117" 
LIBC="default" 
OS_ARCH="x86_64" 
OS_NAME="Windows" 
SOURCE=".:git:3cf398e84a39" 

Environment Variables:
JAVA_HOME=C:\Program Files\Microsoft\jdk-17.0.16.8-hotspot\
PATH=C:\Users\indie\AppData\Local\Programs\Python\Python314\Scripts\;C:\Users\indie\AppData\Local\Programs\Python\Python314\;C:\Program Files\Microsoft\jdk-17.0.16.8-hotspot\bin;C:\Python313\Scripts\;C:\Python313\;C:\Windows\system32;C:\Windows;C:\Windows\System32\Wbem;C:\Windows\System32\WindowsPowerShell\v1.0\;C:\Windows\System32\OpenSSH\;C:\ProgramData\chocolatey\bin;C:\Program Files\Git\cmd;C:\Program Files\Amazon\AWSCLIV2\;C:\Program Files\nodejs\;C:\Users\indie\AppData\Local\Programs\Python\Launcher\;C:\Users\indie\AppData\Local\Microsoft\WindowsApps;C:\Users\indie\AppData\Local\Programs\Microsoft VS Code\bin;C:\Program Files\JetBrains\WebStorm 2025.1.3\bin;C:\Users\indie\AppData\Local\Android\Sdk\platform-tools;C:\Users\indie\.bun\bin;C:\Users\indie\Documents\sqlite3;C:\Users\indie\AppData\Local\JetBrains\Toolbox\scripts;C:\Users\indie\AppData\Roaming\npm
USERNAME=indie
OS=Windows_NT
PROCESSOR_IDENTIFIER=AMD64 Family 25 Model 80 Stepping 0, AuthenticAMD
TMP=C:\Users\indie\AppData\Local\Temp
TEMP=C:\Users\indie\AppData\Local\Temp




Compilation memory statistics disabled.

Periodic native trim disabled

JNI global refs:
JNI global refs: 30, weak refs: 2

JNI global refs memory usage: 835, weak refs: 833

Process memory usage:
Resident Set Size: 515484K (8% of 6124928K total physical memory with 220420K free physical memory)

OOME stack traces (most recent first):
Classloader memory used:
Loader org.gradle.internal.classloader.VisitableURLClassLoader                         : 119 M
Loader org.gradle.internal.classloader.VisitableURLClassLoader$InstrumentingVisitableURLClassLoader: 88145 K
Loader bootstrap                                                                       : 33126 K
Loader org.gradle.initialization.MixInLegacyTypesClassLoader                           : 14634 K
Loader org.gradle.internal.classloader.VisitableURLClassLoader                         : 8943 K
Loader jdk.internal.loader.ClassLoaders$AppClassLoader                                 : 8160 K
Loader jdk.internal.loader.ClassLoaders$PlatformClassLoader                            : 600 K
Loader jdk.internal.jrtfs.JrtFileSystemProvider$JrtFsLoader                            : 331 K
Loader org.gradle.groovy.scripts.internal.DefaultScriptCompilationHandler$ScriptClassLoader: 136 K

Classes loaded by more than one classloader:
Class Program                                                                         : loaded 8 times (x 74B)
Class Build_gradle                                                                    : loaded 6 times (x 128B)
Class com.google.common.collect.Iterators$SingletonIterator                           : loaded 5 times (x 83B)
Class com.google.common.collect.UnmodifiableIterator                                  : loaded 5 times (x 82B)
Class com.google.common.base.Preconditions                                            : loaded 5 times (x 73B)
Class com.google.common.collect.ImmutableList                                         : loaded 5 times (x 208B)
Class com.google.common.collect.Iterators                                             : loaded 5 times (x 73B)
Class com.google.common.collect.UnmodifiableListIterator                              : loaded 5 times (x 97B)
Class com.google.common.collect.Lists$StringAsImmutableList                           : loaded 5 times (x 209B)
Class com.google.common.collect.Iterators$9                                           : loaded 5 times (x 83B)
Class com.google.common.collect.PeekingIterator                                       : loaded 5 times (x 72B)
Class com.google.common.collect.AbstractIterator                                      : loaded 5 times (x 84B)
Class com.google.common.collect.AbstractIndexedListIterator                           : loaded 5 times (x 98B)
Class com.google.common.collect.Lists                                                 : loaded 5 times (x 73B)
Class com.google.common.collect.ImmutableCollection                                   : loaded 5 times (x 127B)
Class com.google.common.collect.Iterators$MergingIterator                             : loaded 5 times (x 83B)
Class com.google.common.collect.Iterators$5                                           : loaded 5 times (x 84B)
Class com.google.common.collect.Iterators$ArrayItr                                    : loaded 5 times (x 99B)
Class com.google.common.collect.Iterators$4                                           : loaded 5 times (x 84B)
Class com.google.common.collect.Iterators$1                                           : loaded 5 times (x 83B)
Class com.google.common.collect.ImmutableList$ReverseImmutableList                    : loaded 4 times (x 211B)
Class com.google.common.collect.SingletonImmutableSet                                 : loaded 4 times (x 148B)
Class com.google.common.collect.SingletonImmutableList                                : loaded 4 times (x 209B)
Class com.google.common.base.ExtraObjectsMethodsForWeb                                : loaded 4 times (x 73B)
Class com.google.common.base.CharMatcher$ForPredicate                                 : loaded 4 times (x 114B)
Class com.google.common.base.CharMatcher$AnyOf                                        : loaded 4 times (x 114B)
Class com.google.common.collect.RegularImmutableSet                                   : loaded 4 times (x 150B)
Class com.google.common.collect.Multimap                                              : loaded 4 times (x 72B)
Class com.google.common.base.Objects                                                  : loaded 4 times (x 73B)
Class com.google.common.collect.ImmutableList$SubList                                 : loaded 4 times (x 211B)
Class com.google.common.base.CharMatcher$And                                          : loaded 4 times (x 114B)
Class com.google.common.collect.ImmutableAsList                                       : loaded 4 times (x 211B)
Class com.google.gson.Strictness                                                      : loaded 4 times (x 81B)
Class org.gradle.kotlin.dsl.VersionCatalogAccessorsKt                                 : loaded 4 times (x 73B)
Class com.google.common.collect.ImmutableSet$SetBuilderImpl                           : loaded 4 times (x 78B)
Class com.google.common.base.CharMatcher$IsNot                                        : loaded 4 times (x 113B)
Class com.google.common.base.Function                                                 : loaded 4 times (x 72B)
Class com.google.common.collect.RegularImmutableList                                  : loaded 4 times (x 215B)
Class com.google.common.collect.RegularImmutableAsList                                : loaded 4 times (x 219B)
Class com.google.common.collect.ImmutableCollection$Builder                           : loaded 4 times (x 78B)
Class com.google.gson.stream.MalformedJsonException                                   : loaded 4 times (x 84B)
Class com.google.common.base.CharMatcher$BitSetMatcher                                : loaded 4 times (x 114B)
Class [Lcom.google.gson.Strictness;                                                   : loaded 4 times (x 71B)
Class com.google.common.collect.ImmutableSet                                          : loaded 4 times (x 147B)
Class com.google.common.base.CharMatcher$Or                                           : loaded 4 times (x 114B)
Class com.google.common.base.CharMatcher$FastMatcher                                  : loaded 4 times (x 113B)
Class com.google.common.collect.ImmutableList$1                                       : loaded 4 times (x 99B)
Class com.google.common.base.Predicate                                                : loaded 4 times (x 72B)
Class com.google.common.base.CharMatcher$NegatedFastMatcher                           : loaded 4 times (x 115B)
Class com.google.common.collect.ImmutableSet$RegularSetBuilderImpl                    : loaded 4 times (x 78B)
Class com.google.common.collect.ImmutableList$Builder                                 : loaded 4 times (x 79B)
Class com.google.common.base.CharMatcher$IsEither                                     : loaded 4 times (x 113B)
Class com.google.common.base.CharMatcher$Is                                           : loaded 4 times (x 113B)
Class com.google.common.base.CharMatcher$Negated                                      : loaded 4 times (x 115B)
Class com.google.common.base.Joiner                                                   : loaded 4 times (x 82B)
Class com.google.common.base.Joiner$1                                                 : loaded 4 times (x 83B)
Class com.google.common.collect.ImmutableSet$CachingAsList                            : loaded 4 times (x 150B)
Class com.google.common.base.CharMatcher                                              : loaded 4 times (x 113B)
Class com.google.gson.stream.JsonReader                                               : loaded 4 times (x 99B)
Class com.google.common.base.Joiner$2                                                 : loaded 4 times (x 82B)
Class com.google.common.base.CharMatcher$NamedFastMatcher                             : loaded 4 times (x 114B)
Class com.google.common.base.CharMatcher$1                                            : loaded 4 times (x 115B)
Class com.google.common.base.CharMatcher$InRange                                      : loaded 4 times (x 113B)
Class [Lcom.google.gson.FieldNamingStrategy;                                          : loaded 3 times (x 71B)
Class com.google.gson.ToNumberPolicy$1                                                : loaded 3 times (x 85B)
Class com.google.common.cache.LocalCache$EntryFactory$4                               : loaded 3 times (x 85B)
Class com.google.gson.internal.Excluder                                               : loaded 3 times (x 77B)
Class com.google.common.collect.ImmutableSet$Builder                                  : loaded 3 times (x 87B)
Class kotlinx.coroutines.Incomplete                                                   : loaded 3 times (x 72B)
Class com.android.builder.model.v2.ide.VectorDrawablesOptions                         : loaded 3 times (x 72B)
Class com.google.common.collect.ImmutableMapEntrySet$RegularEntrySet                  : loaded 3 times (x 154B)
Class com.google.common.collect.Maps$BiMapConverter                                   : loaded 3 times (x 92B)
Class com.google.gson.internal.bind.NumberTypeAdapter                                 : loaded 3 times (x 76B)
Class com.google.common.base.Ticker$1                                                 : loaded 3 times (x 74B)
Class com.google.common.cache.LocalCache$EntryFactory$3                               : loaded 3 times (x 85B)
Class org.jetbrains.kotlin.build.report.metrics.BuildTimeMetric                       : loaded 3 times (x 74B)
Class org.objectweb.asm.ModuleWriter                                                  : loaded 3 times (x 83B)
Class com.google.gson.internal.bind.JsonAdapterAnnotationTypeAdapterFactory           : loaded 3 times (x 77B)
Class com.google.common.cache.LocalCache$EntryFactory$2                               : loaded 3 times (x 85B)
Class com.android.ide.common.repository.AgpVersion$PreviewKind                        : loaded 3 times (x 81B)
Class kotlinx.coroutines.flow.SharedFlow                                              : loaded 3 times (x 72B)
Class [Lcom.google.common.cache.RemovalListener;                                      : loaded 3 times (x 71B)
Class com.google.common.cache.LocalCache$EntryFactory$1                               : loaded 3 times (x 85B)
Class com.android.builder.model.v2.ide.Edge                                           : loaded 3 times (x 72B)
Class com.google.common.collect.RegularImmutableMap$KeySet                            : loaded 3 times (x 154B)
Class com.android.ide.common.gradle.Version$Companion$ParseState$NUMERIC              : loaded 3 times (x 76B)
Class org.objectweb.asm.MethodVisitor                                                 : loaded 3 times (x 107B)
Class org.objectweb.asm.Frame                                                         : loaded 3 times (x 75B)
Class com.google.gson.internal.ReflectionAccessFilterHelper                           : loaded 3 times (x 73B)
Class kotlinx.coroutines.internal.ThreadContextKt                                     : loaded 3 times (x 73B)
Class kotlinx.coroutines.BuildersKt                                                   : loaded 3 times (x 73B)
Class kotlinx.coroutines.CoroutineScopeKt                                             : loaded 3 times (x 73B)
Class com.android.builder.model.v2.models.ProjectGraph                                : loaded 3 times (x 72B)
Class com.google.gson.internal.reflect.ReflectionHelper$RecordSupportedHelper         : loaded 3 times (x 80B)
Class com.google.gson.internal.bind.ObjectTypeAdapter$1                               : loaded 3 times (x 78B)
Class com.google.common.base.PairwiseEquivalence                                      : loaded 3 times (x 85B)
Class com.google.common.base.Equivalence$Identity                                     : loaded 3 times (x 84B)
Class org.objectweb.asm.ClassTooLargeException                                        : loaded 3 times (x 84B)
Class org.objectweb.asm.CurrentFrame                                                  : loaded 3 times (x 75B)
Class org.objectweb.asm.Label                                                         : loaded 3 times (x 75B)
Class com.google.gson.internal.reflect.ReflectionHelper$RecordHelper                  : loaded 3 times (x 77B)
Class kotlinx.coroutines.BuildersKt__Builders_commonKt                                : loaded 3 times (x 73B)
Class com.android.builder.model.v2.dsl.DependenciesInfo                               : loaded 3 times (x 72B)
Class com.android.builder.model.v2.models.VariantDependenciesFlatList                 : loaded 3 times (x 72B)
Class com.google.common.collect.Hashing                                               : loaded 3 times (x 73B)
Class com.google.gson.internal.LazilyParsedNumber                                     : loaded 3 times (x 80B)
Class com.google.common.base.Equivalence$Equals                                       : loaded 3 times (x 84B)
Class com.google.common.util.concurrent.AbstractFuture$Failure                        : loaded 3 times (x 74B)
Class com.google.common.base.PatternCompiler                                          : loaded 3 times (x 72B)
Class org.jetbrains.kotlin.cli.common.arguments.CommonToolArguments                   : loaded 3 times (x 75B)
Class com.android.builder.model.v2.ide.ProjectInfo                                    : loaded 3 times (x 72B)
Class com.google.common.hash.PrimitiveSink                                            : loaded 3 times (x 72B)
Class com.google.gson.internal.bind.DefaultDateTypeAdapter$DateType$1                 : loaded 3 times (x 75B)
Class com.google.common.cache.LocalCache$ValueReference                               : loaded 3 times (x 72B)
Class kotlinx.coroutines.AbstractTimeSourceKt                                         : loaded 3 times (x 73B)
Class com.google.common.cache.LocalCache$EntryFactory$5                               : loaded 3 times (x 85B)
Class com.google.common.collect.RegularImmutableBiMap                                 : loaded 3 times (x 150B)
Class com.android.ide.common.repository.AgpVersion$Companion$WhenMappings             : loaded 3 times (x 73B)
Class com.google.common.collect.ImmutableMultimap$2                                   : loaded 3 times (x 83B)
Class com.android.ide.common.gradle.Version$Companion$ParseState$EMPTY                : loaded 3 times (x 76B)
Class kotlinx.coroutines.internal.LockFreeTaskQueueCore$Companion                     : loaded 3 times (x 73B)
Class com.google.common.collect.ImmutableMultimap$1                                   : loaded 3 times (x 84B)
Class com.google.common.collect.RegularImmutableMap$BucketOverflowException           : loaded 3 times (x 84B)
Class com.google.gson.JsonNull                                                        : loaded 3 times (x 94B)
Class com.google.gson.internal.bind.TypeAdapters$29                                   : loaded 3 times (x 77B)
Class com.google.gson.internal.bind.MapTypeAdapterFactory                             : loaded 3 times (x 77B)
Class [Lcom.google.common.cache.Weigher;                                              : loaded 3 times (x 71B)
Class org.objectweb.asm.MethodWriter                                                  : loaded 3 times (x 107B)
Class com.google.gson.ToNumberPolicy$2                                                : loaded 3 times (x 85B)
Class kotlinx.coroutines.Active                                                       : loaded 3 times (x 73B)
Class [Lcom.google.gson.LongSerializationPolicy;                                      : loaded 3 times (x 71B)
Class com.google.common.cache.LoadingCache                                            : loaded 3 times (x 72B)
Class com.google.common.util.concurrent.AbstractFuture$TrustedFuture                  : loaded 3 times (x 116B)
Class com.google.common.cache.LocalCache$StrongEntry                                  : loaded 3 times (x 110B)
Class org.jetbrains.kotlin.build.report.metrics.SNAPSHOT_CLASSES                      : loaded 3 times (x 74B)
Class kotlinx.coroutines.internal.LockFreeLinkedListNode                              : loaded 3 times (x 76B)
Class com.android.builder.model.v2.ide.TestedTargetVariant                            : loaded 3 times (x 72B)
Class com.google.gson.FieldNamingPolicy$7                                             : loaded 3 times (x 85B)
Class com.google.gson.internal.bind.TypeAdapters$27                                   : loaded 3 times (x 77B)
Class com.google.common.cache.CacheLoader$InvalidCacheLoadException                   : loaded 3 times (x 84B)
Class com.android.builder.model.v2.ide.SourceSetContainer                             : loaded 3 times (x 72B)
Class org.jetbrains.kotlin.build.report.metrics.LOAD_CONTENTS_OF_CLASSES              : loaded 3 times (x 74B)
Class org.objectweb.asm.SymbolTable                                                   : loaded 3 times (x 74B)
Class com.android.builder.model.v2.models.VariantDependencies                         : loaded 3 times (x 72B)
Class com.google.gson.internal.reflect.ReflectionHelper                               : loaded 3 times (x 73B)
Class org.gradle.internal.IoActions                                                   : loaded 3 times (x 73B)
Class com.google.gson.FieldNamingPolicy$6                                             : loaded 3 times (x 85B)
Class com.google.gson.internal.bind.TypeAdapters$26                                   : loaded 3 times (x 77B)
Class com.google.gson.internal.bind.ArrayTypeAdapter                                  : loaded 3 times (x 76B)
Class com.google.common.cache.LocalCache$AbstractReferenceEntry                       : loaded 3 times (x 109B)
Class org.jetbrains.kotlin.tooling.core.HasMutableExtras                              : loaded 3 times (x 72B)
Class [Lcom.android.ide.common.gradle.Separator;                                      : loaded 3 times (x 71B)
Class kotlinx.coroutines.CancellableContinuation                                      : loaded 3 times (x 72B)
Class org.jetbrains.kotlin.cli.common.arguments.CommonCompilerArgumentsConfigurator   : loaded 3 times (x 76B)
Class com.google.gson.FieldNamingPolicy$5                                             : loaded 3 times (x 85B)
Class com.google.gson.internal.bind.TypeAdapters$25                                   : loaded 3 times (x 77B)
Class com.google.common.cache.LocalCache$EntryFactory                                 : loaded 3 times (x 85B)
Class com.google.common.cache.LocalCache$HashIterator                                 : loaded 3 times (x 88B)
Class com.google.common.cache.LocalCache$WriteThroughEntry                            : loaded 3 times (x 81B)
Class kotlinx.coroutines.AbstractCoroutine                                            : loaded 3 times (x 145B)
Class org.jetbrains.kotlin.cli.common.arguments.CommonCompilerArguments               : loaded 3 times (x 76B)
Class org.jetbrains.kotlin.tooling.core.KotlinToolingVersion$Maturity                 : loaded 3 times (x 81B)
Class kotlinx.coroutines.internal.Segment                                             : loaded 3 times (x 77B)
Class com.android.builder.model.v2.models.VariantDependenciesAdjacencyList            : loaded 3 times (x 72B)
Class com.google.common.collect.SortedMapDifference                                   : loaded 3 times (x 72B)
Class com.google.gson.FieldNamingPolicy$4                                             : loaded 3 times (x 85B)
Class com.google.gson.internal.bind.TypeAdapters$24                                   : loaded 3 times (x 77B)
Class kotlinx.coroutines.Unconfined                                                   : loaded 3 times (x 102B)
Class com.android.builder.model.v2.models.Versions$Version                            : loaded 3 times (x 72B)
Class com.google.common.collect.CollectPreconditions                                  : loaded 3 times (x 73B)
Class com.google.gson.FieldNamingPolicy$3                                             : loaded 3 times (x 85B)
Class com.google.gson.internal.bind.TypeAdapters$23                                   : loaded 3 times (x 77B)
Class com.android.ide.common.gradle.Version                                           : loaded 3 times (x 77B)
Class com.android.builder.model.v2.ide.ApiVersion                                     : loaded 3 times (x 72B)
Class com.android.builder.model.v2.ide.AndroidLibraryData                             : loaded 3 times (x 72B)
Class org.gradle.api.GradleException                                                  : loaded 3 times (x 84B)
Class com.google.common.collect.ImmutableEntry                                        : loaded 3 times (x 84B)
Class [Lcom.google.common.collect.AbstractMapEntry;                                   : loaded 3 times (x 71B)
Class com.google.gson.internal.Excluder$1                                             : loaded 3 times (x 76B)
Class com.google.gson.FieldNamingPolicy$2                                             : loaded 3 times (x 85B)
Class com.google.gson.internal.bind.TypeAdapters$22                                   : loaded 3 times (x 77B)
Class com.google.common.cache.CacheBuilder$3                                          : loaded 3 times (x 74B)
Class com.google.common.collect.ArrayListMultimap                                     : loaded 3 times (x 173B)
Class kotlinx.coroutines.CoroutineId                                                  : loaded 3 times (x 95B)
Class org.jetbrains.kotlin.cli.common.arguments.K2JVMCompilerArguments                : loaded 3 times (x 77B)
Class kotlinx.coroutines.JobCancellationException                                     : loaded 3 times (x 87B)
Class com.google.gson.FieldNamingPolicy$1                                             : loaded 3 times (x 85B)
Class com.google.gson.internal.bind.TypeAdapters$21                                   : loaded 3 times (x 77B)
Class com.google.common.cache.CacheBuilder$2                                          : loaded 3 times (x 81B)
Class com.google.common.cache.LocalCache                                              : loaded 3 times (x 188B)
Class com.google.gson.internal.bind.ReflectiveTypeAdapterFactory$FieldsData           : loaded 3 times (x 74B)
Class kotlinx.coroutines.CoroutineStart                                               : loaded 3 times (x 81B)
Class com.google.gson.stream.JsonToken                                                : loaded 3 times (x 81B)
Class com.google.common.collect.ImmutableEnumSet                                      : loaded 3 times (x 148B)
Class com.google.common.collect.ImmutableMap                                          : loaded 3 times (x 122B)
Class com.google.gson.internal.bind.TypeAdapters$20                                   : loaded 3 times (x 77B)
Class com.google.common.cache.CacheBuilder$1                                          : loaded 3 times (x 87B)
Class [Lcom.google.common.cache.LocalCache$Strength;                                  : loaded 3 times (x 71B)
Class com.google.common.cache.LocalCache$EntryFactory$6                               : loaded 3 times (x 85B)
Class [Lcom.google.common.cache.LocalCache$Segment;                                   : loaded 3 times (x 71B)
Class com.android.builder.model.v2.models.ndk.NativeModelBuilderParameter             : loaded 3 times (x 72B)
Class com.google.gson.internal.sql.SqlTimeTypeAdapter                                 : loaded 3 times (x 76B)
Class com.google.gson.internal.bind.TreeTypeAdapter                                   : loaded 3 times (x 77B)
Class com.google.gson.ToNumberPolicy$3                                                : loaded 3 times (x 85B)
Class com.google.common.base.Ticker                                                   : loaded 3 times (x 74B)
Class com.google.common.util.concurrent.ExecutionError                                : loaded 3 times (x 84B)
Class kotlinx.coroutines.flow.internal.AbstractSharedFlow                             : loaded 3 times (x 76B)
Class kotlinx.coroutines.flow.CancellableFlow                                         : loaded 3 times (x 72B)
Class com.google.common.collect.ImmutableMultimap$Builder                             : loaded 3 times (x 88B)
Class com.android.ide.common.gradle.Version$Companion                                 : loaded 3 times (x 73B)
Class com.google.gson.JsonObject                                                      : loaded 3 times (x 95B)
Class org.objectweb.asm.Handler                                                       : loaded 3 times (x 74B)
Class com.google.common.collect.Sets                                                  : loaded 3 times (x 73B)
Class com.google.common.base.Strings                                                  : loaded 3 times (x 73B)
Class kotlinx.coroutines.JobKt__JobKt                                                 : loaded 3 times (x 73B)
Class kotlinx.coroutines.CompletedExceptionally                                       : loaded 3 times (x 74B)
Class [Lcom.android.builder.model.v2.ide.BytecodeTransformation;                      : loaded 3 times (x 71B)
Class com.android.builder.model.v2.ide.AaptOptions                                    : loaded 3 times (x 72B)
Class kotlinx.coroutines.NodeList                                                     : loaded 3 times (x 80B)
Class org.gradle.api.Action                                                           : loaded 3 times (x 72B)
Class org.gradle.internal.Cast                                                        : loaded 3 times (x 73B)
Class com.android.ide.common.repository.AgpVersion$Companion                          : loaded 3 times (x 73B)
Class kotlinx.coroutines.flow.FlowCollector                                           : loaded 3 times (x 72B)
Class com.google.gson.internal.bind.CollectionTypeAdapterFactory                      : loaded 3 times (x 77B)
Class com.google.common.base.Supplier                                                 : loaded 3 times (x 72B)
Class org.jetbrains.kotlin.build.report.metrics.GRADLE_TASK_ACTION                    : loaded 3 times (x 74B)
Class org.jetbrains.kotlin.build.report.metrics.SNAPSHOT_JAVA_CLASSES                 : loaded 3 times (x 74B)
Class com.android.ide.common.gradle.Version$Companion$ParseState                      : loaded 3 times (x 72B)
Class org.objectweb.asm.Attribute                                                     : loaded 3 times (x 79B)
Class [Lcom.android.builder.model.v2.ide.AaptOptions$Namespacing;                     : loaded 3 times (x 71B)
Class com.android.builder.model.v2.ide.AndroidArtifact                                : loaded 3 times (x 72B)
Class com.google.gson.JsonElement                                                     : loaded 3 times (x 94B)
Class com.android.builder.model.v2.ide.LintOptions                                    : loaded 3 times (x 72B)
Class com.google.common.util.concurrent.AbstractFuture$Listener                       : loaded 3 times (x 74B)
Class [Lcom.android.builder.model.v2.ide.ProjectType;                                 : loaded 3 times (x 71B)
Class org.objectweb.asm.RecordComponentWriter                                         : loaded 3 times (x 79B)
Class kotlinx.coroutines.CoroutineStart$WhenMappings                                  : loaded 3 times (x 73B)
Class [Lcom.google.gson.ReflectionAccessFilter$FilterResult;                          : loaded 3 times (x 71B)
Class com.google.common.collect.ImmutableMultisetGwtSerializationDependencies         : loaded 3 times (x 127B)
Class com.google.gson.JsonPrimitive                                                   : loaded 3 times (x 95B)
Class com.google.gson.internal.sql.SqlTimestampTypeAdapter$1                          : loaded 3 times (x 77B)
Class com.google.common.cache.CacheStats                                              : loaded 3 times (x 73B)
Class org.objectweb.asm.AnnotationWriter                                              : loaded 3 times (x 80B)
Class kotlinx.coroutines.DebugStringsKt                                               : loaded 3 times (x 73B)
Class com.google.common.collect.RegularImmutableMap$Values                            : loaded 3 times (x 209B)
Class kotlinx.coroutines.Empty                                                        : loaded 3 times (x 77B)
Class com.google.gson.reflect.TypeToken                                               : loaded 3 times (x 77B)
Class com.google.common.collect.Maps$KeySet                                           : loaded 3 times (x 139B)
Class com.google.common.collect.ImmutableSet$EmptySetBuilderImpl                      : loaded 3 times (x 78B)
Class kotlinx.coroutines.CompletableJob                                               : loaded 3 times (x 72B)
Class org.jetbrains.kotlin.config.ApiVersion$Companion                                : loaded 3 times (x 73B)
Class kotlinx.coroutines.internal.ListClosed                                          : loaded 3 times (x 76B)
Class kotlinx.coroutines.TimeoutCancellationException                                 : loaded 3 times (x 87B)
Class org.objectweb.asm.Symbol                                                        : loaded 3 times (x 75B)
Class com.android.builder.model.v2.ide.SourceProvider                                 : loaded 3 times (x 72B)
Class com.android.builder.model.v2.ide.BundleInfo                                     : loaded 3 times (x 72B)
Class com.google.gson.LongSerializationPolicy$2                                       : loaded 3 times (x 82B)
Class [Lcom.google.common.cache.CacheBuilder$NullListener;                            : loaded 3 times (x 71B)
Class org.objectweb.asm.ByteVector                                                    : loaded 3 times (x 81B)
Class com.google.common.math.IntMath$1                                                : loaded 3 times (x 73B)
Class kotlinx.coroutines.Job$DefaultImpls                                             : loaded 3 times (x 73B)
Class com.android.builder.model.v2.ide.BasicVariant                                   : loaded 3 times (x 72B)
Class [Lcom.android.builder.model.v2.ide.AndroidGradlePluginProjectFlags$BooleanFlag; : loaded 3 times (x 71B)
Class com.android.builder.model.v2.ide.AndroidGradlePluginProjectFlags                : loaded 3 times (x 72B)
Class com.google.gson.LongSerializationPolicy$1                                       : loaded 3 times (x 82B)
Class org.objectweb.asm.Type                                                          : loaded 3 times (x 74B)
Class [Lcom.google.gson.stream.JsonToken;                                             : loaded 3 times (x 71B)
Class com.google.common.cache.LocalCache$StrongValueReference                         : loaded 3 times (x 92B)
Class org.jetbrains.kotlin.tooling.core.Extras                                        : loaded 3 times (x 72B)
Class com.google.common.collect.Sets$SetView                                          : loaded 3 times (x 141B)
Class com.google.common.collect.Lists$ReverseList$1                                   : loaded 3 times (x 101B)
Class com.google.common.collect.Maps$8                                                : loaded 3 times (x 84B)
Class com.google.gson.JsonIOException                                                 : loaded 3 times (x 84B)
Class com.google.common.cache.LocalCache$EntryFactory$7                               : loaded 3 times (x 85B)
Class com.google.common.collect.RegularImmutableMap                                   : loaded 3 times (x 122B)
Class com.google.common.collect.ImmutableMap$MapViewOfValuesAsSingletonSets           : loaded 3 times (x 128B)
Class org.jetbrains.kotlin.build.report.metrics.GradleBuildTimeMetric                 : loaded 3 times (x 74B)
Class [Lorg.objectweb.asm.AnnotationWriter;                                           : loaded 3 times (x 71B)
Class com.google.gson.internal.reflect.ReflectionHelper$RecordNotSupportedHelper      : loaded 3 times (x 80B)
Class [Lcom.android.builder.model.v2.ide.TestInfo$Execution;                          : loaded 3 times (x 71B)
Class com.android.builder.model.v2.dsl.ProductFlavor                                  : loaded 3 times (x 72B)
Class com.google.gson.ToNumberPolicy$4                                                : loaded 3 times (x 85B)
Class kotlinx.coroutines.internal.Symbol                                              : loaded 3 times (x 74B)
Class com.google.common.base.Platform                                                 : loaded 3 times (x 73B)
Class kotlinx.coroutines.internal.DispatchedContinuation                              : loaded 3 times (x 91B)
Class com.google.common.cache.LocalCache$LoadingValueReference                        : loaded 3 times (x 98B)
Class org.jetbrains.kotlin.build.report.metrics.BuildPerformanceMetric                : loaded 3 times (x 74B)
Class kotlinx.coroutines.flow.FlowKt__CollectKt                                       : loaded 3 times (x 73B)
Class kotlinx.coroutines.CoroutineContextKt                                           : loaded 3 times (x 73B)
Class [Lcom.google.common.collect.ImmutableEntry;                                     : loaded 3 times (x 71B)
Class com.google.gson.internal.sql.SqlDateTypeAdapter                                 : loaded 3 times (x 76B)
Class com.google.common.collect.Maps                                                  : loaded 3 times (x 73B)
Class com.google.common.util.concurrent.LazyLogger                                    : loaded 3 times (x 74B)
Class com.android.builder.model.v2.dsl.BaseConfig                                     : loaded 3 times (x 72B)
Class com.android.builder.model.v2.ide.ProjectType                                    : loaded 3 times (x 81B)
Class com.google.common.util.concurrent.Uninterruptibles                              : loaded 3 times (x 73B)
Class com.android.builder.model.v2.ide.AaptOptions$Namespacing                        : loaded 3 times (x 81B)
Class org.jetbrains.kotlin.tooling.core.HasExtras                                     : loaded 3 times (x 72B)
Class org.jetbrains.kotlin.build.report.metrics.RUN_COMPILATION                       : loaded 3 times (x 74B)
Class com.android.utils.FileUtils                                                     : loaded 3 times (x 73B)
Class kotlinx.coroutines.NonDisposableHandle                                          : loaded 3 times (x 80B)
Class com.android.builder.model.v2.ide.ComponentInfo                                  : loaded 3 times (x 72B)
Class com.google.gson.JsonParseException                                              : loaded 3 times (x 84B)
Class com.google.common.cache.CacheBuilder$OneWeigher                                 : loaded 3 times (x 84B)
Class com.google.common.collect.ImmutableMultimap$EntryCollection                     : loaded 3 times (x 130B)
Class com.google.common.collect.IndexedImmutableSet$1                                 : loaded 3 times (x 215B)
Class kotlinx.coroutines.CoroutineDispatcher                                          : loaded 3 times (x 102B)
Class kotlinx.coroutines.flow.internal.NopCollector                                   : loaded 3 times (x 76B)
Class kotlinx.coroutines.ChildHandle                                                  : loaded 3 times (x 72B)
Class kotlinx.coroutines.CoroutineScope                                               : loaded 3 times (x 72B)
Class kotlinx.coroutines.CancellableContinuationImpl                                  : loaded 3 times (x 131B)
Class com.android.builder.model.v2.ide.JavaCompileOptions                             : loaded 3 times (x 72B)
Class com.google.common.collect.ImmutableMapEntry$NonTerminalImmutableMapEntry        : loaded 3 times (x 87B)
Class com.android.builder.model.v2.ide.BasicArtifact                                  : loaded 3 times (x 72B)
Class com.google.gson.internal.bind.TypeAdapters$9                                    : loaded 3 times (x 77B)
Class com.google.common.base.Equivalence                                              : loaded 3 times (x 84B)
Class kotlinx.coroutines.CompletionStateKt                                            : loaded 3 times (x 73B)
Class com.android.builder.model.v2.ide.TestInfo                                       : loaded 3 times (x 72B)
Class com.google.common.collect.ImmutableMultimap                                     : loaded 3 times (x 148B)
Class com.google.common.collect.ImmutableMapEntry                                     : loaded 3 times (x 87B)
Class com.google.gson.internal.bind.TypeAdapters$8                                    : loaded 3 times (x 77B)
Class com.google.gson.internal.bind.CollectionTypeAdapterFactory$Adapter              : loaded 3 times (x 76B)
Class com.google.gson.internal.bind.TypeAdapters$7                                    : loaded 3 times (x 77B)
Class com.google.common.math.IntMath                                                  : loaded 3 times (x 73B)
Class com.google.common.collect.AbstractMapBasedMultimap$KeySet                       : loaded 3 times (x 139B)
Class com.google.gson.annotations.SerializedName                                      : loaded 3 times (x 72B)
Class org.jetbrains.kotlin.tooling.core.KotlinToolingVersionKt                        : loaded 3 times (x 73B)
Class com.google.gson.internal.bind.TypeAdapters$6                                    : loaded 3 times (x 77B)
Class com.google.gson.internal.bind.TypeAdapters$19                                   : loaded 3 times (x 77B)
Class com.google.gson.internal.bind.ReflectiveTypeAdapterFactory$FieldReflectionAdapter: loaded 3 times (x 79B)
Class kotlinx.coroutines.flow.internal.FusibleFlow                                    : loaded 3 times (x 72B)
Class com.google.common.cache.LocalCache$LocalManualCache                             : loaded 3 times (x 101B)
Class org.jetbrains.kotlin.util.capitalizeDecapitalize.CapitalizeDecapitalizeKt       : loaded 3 times (x 73B)
Class [Lorg.jetbrains.kotlin.build.report.metrics.ValueType;                          : loaded 3 times (x 71B)
Class [Lorg.objectweb.asm.Symbol;                                                     : loaded 3 times (x 71B)
Class org.objectweb.asm.ClassVisitor                                                  : loaded 3 times (x 90B)
Class com.google.common.base.CommonPattern                                            : loaded 3 times (x 76B)
Class kotlinx.coroutines.ChildContinuation                                            : loaded 3 times (x 88B)
Class com.android.builder.model.v2.ide.LibraryInfo                                    : loaded 3 times (x 72B)
Class com.google.gson.internal.bind.TypeAdapters$5                                    : loaded 3 times (x 77B)
Class com.google.gson.internal.bind.TypeAdapters$18                                   : loaded 3 times (x 77B)
Class com.google.gson.internal.bind.SerializationDelegatingTypeAdapter                : loaded 3 times (x 76B)
Class [Lcom.google.common.cache.LocalCache$EntryFactory;                              : loaded 3 times (x 71B)
Class com.google.common.collect.Lists$ReverseList                                     : loaded 3 times (x 202B)
Class kotlinx.coroutines.JobKt                                                        : loaded 3 times (x 73B)
Class kotlinx.coroutines.ChildHandleNode                                              : loaded 3 times (x 92B)
Class com.google.gson.Gson$5                                                          : loaded 3 times (x 78B)
Class com.google.gson.annotations.JsonAdapter                                         : loaded 3 times (x 72B)
Class [Lorg.jetbrains.kotlin.tooling.core.KotlinToolingVersion$Maturity;              : loaded 3 times (x 71B)
Class com.google.common.cache.LocalCache$EntryFactory$8                               : loaded 3 times (x 85B)
Class com.google.gson.internal.bind.TypeAdapters$4                                    : loaded 3 times (x 77B)
Class com.google.gson.internal.bind.TypeAdapters$30                                   : loaded 3 times (x 78B)
Class com.google.gson.internal.bind.JsonTreeReader                                    : loaded 3 times (x 99B)
Class com.google.gson.TypeAdapterFactory                                              : loaded 3 times (x 72B)
Class com.google.gson.internal.bind.TypeAdapters$17                                   : loaded 3 times (x 77B)
Class kotlinx.coroutines.ChildJob                                                     : loaded 3 times (x 72B)
Class kotlinx.coroutines.internal.SystemPropsKt__SystemPropsKt                        : loaded 3 times (x 73B)
Class kotlinx.coroutines.scheduling.TasksKt                                           : loaded 3 times (x 73B)
Class kotlinx.coroutines.CopyableThrowable                                            : loaded 3 times (x 72B)
Class com.google.gson.internal.bind.TypeAdapters$3                                    : loaded 3 times (x 77B)
Class com.google.gson.internal.bind.TypeAdapters$16                                   : loaded 3 times (x 77B)
Class com.google.gson.internal.sql.SqlTypesSupport$2                                  : loaded 3 times (x 76B)
Class com.google.common.cache.CacheLoader$SupplierToCacheLoader                       : loaded 3 times (x 77B)
Class org.objectweb.asm.RecordComponentVisitor                                        : loaded 3 times (x 79B)
Class com.google.common.collect.ImmutableMultiset                                     : loaded 3 times (x 165B)
Class com.google.gson.internal.bind.TypeAdapters$15                                   : loaded 3 times (x 77B)
Class com.google.gson.internal.bind.TypeAdapters$2                                    : loaded 3 times (x 77B)
Class com.google.gson.internal.sql.SqlTypesSupport$1                                  : loaded 3 times (x 76B)
Class com.google.gson.internal.sql.SqlTypesSupport                                    : loaded 3 times (x 73B)
Class com.google.common.base.FunctionalEquivalence                                    : loaded 3 times (x 85B)
Class com.google.common.util.concurrent.AbstractFuture                                : loaded 3 times (x 108B)
Class com.google.gson.Gson                                                            : loaded 3 times (x 74B)
Class kotlinx.coroutines.scheduling.Task                                              : loaded 3 times (x 77B)
Class kotlinx.coroutines.scheduling.CoroutineScheduler                                : loaded 3 times (x 83B)
Class kotlinx.coroutines.scheduling.SchedulerTimeSource                               : loaded 3 times (x 74B)
Class com.google.common.collect.AbstractMapBasedMultimap                              : loaded 3 times (x 140B)
Class [Lcom.android.builder.model.v2.ide.CodeShrinker;                                : loaded 3 times (x 71B)
Class kotlinx.coroutines.internal.Removed                                             : loaded 3 times (x 74B)
Class com.google.common.cache.CacheLoader$1                                           : loaded 3 times (x 77B)
Class com.google.common.base.Converter                                                : loaded 3 times (x 92B)
Class com.google.gson.internal.bind.TypeAdapters$14                                   : loaded 3 times (x 77B)
Class com.google.gson.internal.bind.TypeAdapters$1                                    : loaded 3 times (x 77B)
Class com.google.gson.internal.bind.NumberTypeAdapter$1                               : loaded 3 times (x 78B)
Class com.google.common.cache.ReferenceEntry                                          : loaded 3 times (x 72B)
Class com.google.common.util.concurrent.ListenableFuture                              : loaded 3 times (x 72B)
Class com.google.common.collect.ForwardingObject                                      : loaded 3 times (x 74B)
Class com.google.gson.Gson$1                                                          : loaded 3 times (x 78B)
Class com.google.gson.internal.bind.TypeAdapters$13                                   : loaded 3 times (x 77B)
Class kotlinx.coroutines.NotCompleted                                                 : loaded 3 times (x 72B)
Class com.android.builder.model.v2.models.ModelBuilderParameter                       : loaded 3 times (x 72B)
Class [Lcom.google.gson.ToNumberStrategy;                                             : loaded 3 times (x 71B)
Class com.google.gson.internal.bind.TypeAdapters$12                                   : loaded 3 times (x 77B)
Class com.google.common.cache.LocalCache$LocalManualCache$1                           : loaded 3 times (x 77B)
Class kotlinx.coroutines.internal.LockFreeTaskQueue                                   : loaded 3 times (x 74B)
Class kotlinx.coroutines.Job$Key                                                      : loaded 3 times (x 73B)
Class com.android.builder.model.v2.ide.Installation                                   : loaded 3 times (x 72B)
Class com.google.common.base.Platform$JdkPatternCompiler                              : loaded 3 times (x 77B)
Class com.google.common.collect.ImmutableMultimap$Values                              : loaded 3 times (x 128B)
Class com.android.ide.common.repository.AgpVersion$PreviewKind$Companion              : loaded 3 times (x 73B)
Class [Lcom.google.gson.FieldNamingPolicy;                                            : loaded 3 times (x 71B)
Class org.objectweb.asm.MethodTooLargeException                                       : loaded 3 times (x 84B)
Class com.google.gson.internal.bind.TypeAdapters$11                                   : loaded 3 times (x 77B)
Class com.google.common.util.concurrent.internal.InternalFutureFailureAccess          : loaded 3 times (x 74B)
Class kotlinx.coroutines.scheduling.DefaultScheduler                                  : loaded 3 times (x 110B)
Class com.google.common.collect.ImmutableSet$JdkBackedSetBuilderImpl                  : loaded 3 times (x 78B)
Class com.google.common.collect.ImmutableBiMap                                        : loaded 3 times (x 145B)
Class com.google.gson.internal.bind.TypeAdapters$10                                   : loaded 3 times (x 77B)
Class com.google.gson.internal.bind.ReflectiveTypeAdapterFactory$Adapter              : loaded 3 times (x 79B)
Class com.google.common.cache.CacheLoader                                             : loaded 3 times (x 76B)
Class kotlinx.coroutines.Dispatchers                                                  : loaded 3 times (x 73B)
Class [Lorg.objectweb.asm.SymbolTable$Entry;                                          : loaded 3 times (x 71B)
Class com.google.common.collect.AbstractListMultimap                                  : loaded 3 times (x 173B)
Class [Lcom.google.common.cache.CacheBuilder$OneWeigher;                              : loaded 3 times (x 71B)
Class com.google.common.base.Suppliers                                                : loaded 3 times (x 73B)
Class com.android.builder.model.v2.models.ndk.NativeModule                            : loaded 3 times (x 72B)
Class kotlinx.coroutines.flow.MutableSharedFlow                                       : loaded 3 times (x 72B)
Class com.google.gson.internal.bind.JsonAdapterAnnotationTypeAdapterFactory$DummyTypeAdapterFactory: loaded 3 times (x 77B)
Class com.google.gson.internal.bind.TypeAdapters$31                                   : loaded 3 times (x 78B)
Class com.google.gson.JsonSyntaxException                                             : loaded 3 times (x 84B)
Class com.google.common.cache.LocalCache$Segment                                      : loaded 3 times (x 155B)
Class com.android.builder.model.v2.models.Versions                                    : loaded 3 times (x 72B)
Class com.android.builder.model.v2.ide.ArtifactDependenciesAdjacencyList              : loaded 3 times (x 72B)
Class com.android.builder.model.v2.ide.Library                                        : loaded 3 times (x 72B)
Class kotlinx.coroutines.internal.ConcurrentLinkedListNode                            : loaded 3 times (x 75B)
Class com.google.common.collect.ImmutableMap$IteratorBasedImmutableMap                : loaded 3 times (x 128B)
Class com.google.gson.internal.sql.SqlDateTypeAdapter$1                               : loaded 3 times (x 77B)
Class com.google.common.cache.LocalCache$ComputingValueReference                      : loaded 3 times (x 98B)
Class com.android.utils.StringHelper                                                  : loaded 3 times (x 73B)
Class com.android.ide.common.repository.AgpVersion$PreviewKind$WhenMappings           : loaded 3 times (x 73B)
Class com.android.builder.model.v2.ide.SyncIssue                                      : loaded 3 times (x 72B)
Class com.google.gson.internal.sql.SqlTimestampTypeAdapter                            : loaded 3 times (x 78B)
Class com.google.gson.internal.bind.ReflectiveTypeAdapterFactory                      : loaded 3 times (x 77B)
Class com.google.common.base.Suppliers$SupplierOfInstance                             : loaded 3 times (x 81B)
Class com.google.common.cache.AbstractCache$StatsCounter                              : loaded 3 times (x 72B)
Class org.objectweb.asm.Edge                                                          : loaded 3 times (x 74B)
Class com.android.builder.model.v2.ide.Variant                                        : loaded 3 times (x 72B)
Class com.google.gson.internal.JsonReaderInternalAccess                               : loaded 3 times (x 74B)
Class org.jetbrains.kotlin.build.report.metrics.CLASSPATH_ENTRY_SNAPSHOT_TRANSFORM    : loaded 3 times (x 74B)
Class org.objectweb.asm.SymbolTable$Entry                                             : loaded 3 times (x 75B)
Class kotlinx.coroutines.CoroutineDispatcher$Key                                      : loaded 3 times (x 74B)
Class [Lkotlinx.coroutines.CoroutineStart;                                            : loaded 3 times (x 71B)
Class org.jetbrains.kotlin.cli.common.arguments.Freezable                             : loaded 3 times (x 74B)
Class com.google.gson.Gson$2                                                          : loaded 3 times (x 78B)
Class com.google.common.base.JdkPattern                                               : loaded 3 times (x 77B)
Class com.google.gson.internal.bind.JsonTreeWriter                                    : loaded 3 times (x 100B)
Class com.google.gson.internal.bind.ArrayTypeAdapter$1                                : loaded 3 times (x 77B)
Class kotlinx.coroutines.CopyableThreadContextElement                                 : loaded 3 times (x 72B)
Class com.google.common.cache.CacheBuilder                                            : loaded 3 times (x 74B)
Class com.android.builder.model.v2.dsl.BuildType                                      : loaded 3 times (x 72B)
Class com.android.builder.model.v2.AndroidModel                                       : loaded 3 times (x 72B)
Class com.android.builder.model.v2.models.AndroidProject                              : loaded 3 times (x 72B)
Class com.android.builder.model.v2.dsl.SigningConfig                                  : loaded 3 times (x 72B)
Class org.jetbrains.kotlin.cli.common.arguments.K2JVMCompilerArgumentsConfigurator    : loaded 3 times (x 76B)
Class kotlinx.coroutines.intrinsics.CancellableKt                                     : loaded 3 times (x 73B)
Class org.jetbrains.kotlin.build.report.metrics.INCREMENTAL_COMPILATION_DAEMON        : loaded 3 times (x 74B)
Class kotlinx.coroutines.internal.ResizableAtomicArray                                : loaded 3 times (x 74B)
Class kotlinx.coroutines.ThreadContextElement                                         : loaded 3 times (x 72B)
Class kotlinx.coroutines.internal.SystemPropsKt__SystemProps_commonKt                 : loaded 3 times (x 73B)
Class kotlinx.coroutines.DispatchedTaskKt                                             : loaded 3 times (x 73B)
Class com.google.gson.internal.bind.ReflectiveTypeAdapterFactory$BoundField           : loaded 3 times (x 77B)
Class com.google.common.primitives.IntsMethodsForWeb                                  : loaded 3 times (x 73B)
Class com.android.builder.model.v2.ide.JavaArtifact                                   : loaded 3 times (x 72B)
Class com.google.common.collect.ImmutableMultimap$Keys                                : loaded 3 times (x 168B)
Class com.google.gson.ToNumberPolicy                                                  : loaded 3 times (x 85B)
Class [Lcom.google.gson.ToNumberPolicy;                                               : loaded 3 times (x 71B)
Class com.google.common.cache.RemovalListener                                         : loaded 3 times (x 72B)
Class com.google.common.collect.ImmutableMap$Builder                                  : loaded 3 times (x 84B)
Class com.google.common.util.concurrent.AbstractFuture$Cancellation                   : loaded 3 times (x 74B)
Class org.jetbrains.kotlin.build.report.metrics.BuildMetricsReporter                  : loaded 3 times (x 72B)
Class kotlinx.coroutines.CancelHandler                                                : loaded 3 times (x 72B)
Class com.google.gson.stream.JsonReader$1                                             : loaded 3 times (x 74B)
Class com.google.common.cache.Cache                                                   : loaded 3 times (x 72B)
Class com.google.common.cache.LocalCache$Strength                                     : loaded 3 times (x 83B)
Class com.google.common.base.Stopwatch                                                : loaded 3 times (x 74B)
Class kotlinx.coroutines.internal.LockFreeTaskQueueCore                               : loaded 3 times (x 74B)
Class org.jetbrains.kotlin.config.ApiVersion                                          : loaded 3 times (x 88B)
Class kotlinx.coroutines.internal.LockFreeLinkedListHead                              : loaded 3 times (x 76B)
Class kotlinx.coroutines.flow.Flow                                                    : loaded 3 times (x 72B)
Class com.google.common.cache.Weigher                                                 : loaded 3 times (x 72B)
Class kotlinx.coroutines.internal.DispatchedContinuationKt                            : loaded 3 times (x 73B)
Class com.google.common.collect.ImmutableMapEntrySet                                  : loaded 3 times (x 154B)
Class com.google.gson.internal.bind.TypeAdapters$32                                   : loaded 3 times (x 78B)
Class com.google.gson.internal.ObjectConstructor                                      : loaded 3 times (x 72B)
Class org.jetbrains.kotlin.build.report.metrics.LOAD_CLASSES_PATHS_ONLY               : loaded 3 times (x 74B)
Class kotlinx.coroutines.Job                                                          : loaded 3 times (x 72B)
Class com.google.gson.Gson$3                                                          : loaded 3 times (x 77B)
Class com.google.common.collect.ArrayListMultimapGwtSerializationDependencies         : loaded 3 times (x 173B)
Class com.google.common.collect.Multiset                                              : loaded 3 times (x 72B)
Class com.google.common.math.MathPreconditions                                        : loaded 3 times (x 73B)
Class com.google.common.collect.ObjectArrays                                          : loaded 3 times (x 73B)
Class kotlinx.coroutines.ExecutorCoroutineDispatcher                                  : loaded 3 times (x 110B)
Class com.android.builder.model.v2.models.ProjectSyncIssues                           : loaded 3 times (x 72B)
Class com.android.ide.common.repository.AgpVersion                                    : loaded 3 times (x 77B)
Class com.google.common.collect.Iterables                                             : loaded 3 times (x 73B)
Class com.google.common.primitives.Ints                                               : loaded 3 times (x 73B)
Class com.android.builder.model.v2.CustomSourceDirectory                              : loaded 3 times (x 72B)
Class kotlinx.coroutines.flow.FlowKt                                                  : loaded 3 times (x 73B)
Class com.google.common.collect.ImmutableMap$1                                        : loaded 3 times (x 83B)
Class com.google.common.collect.BiMap                                                 : loaded 3 times (x 72B)
Class com.google.common.collect.IndexedImmutableSet                                   : loaded 3 times (x 154B)
Class com.google.gson.TypeAdapter                                                     : loaded 3 times (x 75B)
Class com.google.gson.ToNumberStrategy                                                : loaded 3 times (x 72B)
Class org.objectweb.asm.FieldVisitor                                                  : loaded 3 times (x 79B)
Class com.google.gson.internal.bind.DefaultDateTypeAdapter$1                          : loaded 3 times (x 77B)
Class kotlinx.coroutines.JobSupport                                                   : loaded 3 times (x 134B)
Class com.google.gson.internal.bind.ReflectiveTypeAdapterFactory$2                    : loaded 3 times (x 80B)
Class com.google.common.cache.CacheLoader$UnsupportedLoadingOperationException        : loaded 3 times (x 84B)
Class com.google.gson.Gson$FutureTypeAdapter                                          : loaded 3 times (x 78B)
Class com.android.ide.common.gradle.Separator                                         : loaded 3 times (x 81B)
Class org.objectweb.asm.ClassWriter                                                   : loaded 3 times (x 107B)
Class com.google.common.collect.AbstractMapBasedMultimap$KeySet$1                     : loaded 3 times (x 84B)
Class com.android.builder.model.v2.ide.AndroidGradlePluginProjectFlags$BooleanFlag    : loaded 3 times (x 81B)
Class kotlinx.coroutines.JobSupport$Finishing                                         : loaded 3 times (x 78B)
Class com.google.gson.internal.bind.ReflectiveTypeAdapterFactory$1                    : loaded 3 times (x 76B)
Class com.google.gson.internal.bind.DefaultDateTypeAdapter$DateType                   : loaded 3 times (x 75B)
Class com.google.common.util.concurrent.UncheckedExecutionException                   : loaded 3 times (x 84B)
Class com.google.gson.Gson$4                                                          : loaded 3 times (x 78B)
Class org.jetbrains.kotlin.tooling.core.KotlinToolingVersion                          : loaded 3 times (x 77B)
Class com.android.builder.model.v2.ide.LibraryType                                    : loaded 3 times (x 81B)
Class [Lcom.android.builder.model.v2.ide.LibraryType;                                 : loaded 3 times (x 71B)
Class com.android.builder.model.v2.ide.ViewBindingOptions                             : loaded 3 times (x 72B)
Class com.google.common.util.concurrent.AbstractFuture$Trusted                        : loaded 3 times (x 72B)
Class com.google.gson.internal.ConstructorConstructor                                 : loaded 3 times (x 74B)
Class org.jetbrains.kotlin.build.report.metrics.RUN_COMPILATION_IN_WORKER             : loaded 3 times (x 74B)
Class kotlinx.coroutines.Waiter                                                       : loaded 3 times (x 72B)
Class com.google.gson.internal.sql.SqlTimeTypeAdapter$1                               : loaded 3 times (x 77B)
Class com.google.gson.internal.bind.MapTypeAdapterFactory$Adapter                     : loaded 3 times (x 76B)
Class com.google.gson.ReflectionAccessFilter$FilterResult                             : loaded 3 times (x 81B)
Class org.jetbrains.kotlin.build.report.metrics.ValueType                             : loaded 3 times (x 81B)
Class com.android.builder.model.v2.ide.CodeShrinker                                   : loaded 3 times (x 81B)
Class com.google.common.cache.LocalCache$2                                            : loaded 3 times (x 144B)
Class com.google.common.collect.AbstractMultimap                                      : loaded 3 times (x 125B)
Class kotlinx.coroutines.JobSupportKt                                                 : loaded 3 times (x 73B)
Class com.google.common.collect.Sets$ImprovedAbstractSet                              : loaded 3 times (x 137B)
Class kotlinx.coroutines.scheduling.GlobalQueue                                       : loaded 3 times (x 74B)
Class com.android.builder.model.v2.ide.BytecodeTransformation                         : loaded 3 times (x 81B)
Class com.google.common.collect.AbstractMapEntry                                      : loaded 3 times (x 83B)
Class com.google.gson.internal.bind.TypeAdapterRuntimeTypeWrapper                     : loaded 3 times (x 76B)
Class com.google.common.cache.LocalCache$1                                            : loaded 3 times (x 91B)
Class kotlinx.coroutines.ExecutorCoroutineDispatcher$Key                              : loaded 3 times (x 74B)
Class com.google.common.collect.SingletonImmutableBiMap                               : loaded 3 times (x 145B)
Class com.google.common.base.Ascii                                                    : loaded 3 times (x 73B)
Class kotlinx.coroutines.StandaloneCoroutine                                          : loaded 3 times (x 145B)
Class com.google.common.collect.Lists$RandomAccessReverseList                         : loaded 3 times (x 202B)
Class com.google.gson.stream.JsonWriter                                               : loaded 3 times (x 100B)
Class [Lorg.objectweb.asm.Type;                                                       : loaded 3 times (x 71B)
Class com.google.common.collect.Platform                                              : loaded 3 times (x 73B)
Class kotlinx.coroutines.scheduling.NanoTimeSource                                    : loaded 3 times (x 74B)
Class kotlinx.coroutines.internal.ThreadState                                         : loaded 3 times (x 74B)
Class com.google.gson.internal.Primitives                                             : loaded 3 times (x 73B)
Class com.android.builder.model.v2.ide.TestInfo$Execution                             : loaded 3 times (x 81B)
Class com.google.gson.GsonBuilder                                                     : loaded 3 times (x 74B)
Class com.google.gson.internal.bind.ObjectTypeAdapter                                 : loaded 3 times (x 76B)
Class com.google.gson.internal.bind.DefaultDateTypeAdapter                            : loaded 3 times (x 76B)
Class com.google.common.base.MoreObjects                                              : loaded 3 times (x 73B)
Class [Lcom.google.common.collect.ImmutableMapEntry;                                  : loaded 3 times (x 71B)
Class [Lcom.android.ide.common.repository.AgpVersion$PreviewKind;                     : loaded 3 times (x 71B)
Class com.android.ide.common.gradle.Part                                              : loaded 3 times (x 79B)
Class kotlinx.coroutines.scheduling.CoroutineScheduler$Companion                      : loaded 3 times (x 73B)
Class com.google.common.collect.BaseImmutableMultimap                                 : loaded 3 times (x 125B)
Class com.google.common.collect.EmptyImmutableListMultimap                            : loaded 3 times (x 178B)
Class com.google.gson.internal.bind.ReflectiveTypeAdapterFactory$RecordAdapter        : loaded 3 times (x 79B)
Class com.google.common.cache.CacheLoader$FunctionToCacheLoader                       : loaded 3 times (x 77B)
Class kotlinx.coroutines.scheduling.SchedulerCoroutineDispatcher                      : loaded 3 times (x 110B)
Class kotlinx.coroutines.DisposableHandle                                             : loaded 3 times (x 72B)
Class com.google.common.collect.ImmutableListMultimap                                 : loaded 3 times (x 178B)
Class com.google.gson.LongSerializationPolicy                                         : loaded 3 times (x 82B)
Class com.google.common.cache.CacheBuilder$NullListener                               : loaded 3 times (x 84B)
Class org.objectweb.asm.FieldWriter                                                   : loaded 3 times (x 79B)
Class com.google.common.collect.MapDifference                                         : loaded 3 times (x 72B)
Class com.google.common.cache.LocalCache$Strength$3                                   : loaded 3 times (x 83B)
Class kotlinx.coroutines.DispatchedTask                                               : loaded 3 times (x 82B)
Class com.android.builder.model.v2.ide.AbstractArtifact                               : loaded 3 times (x 72B)
Class com.google.common.cache.LocalCache$Strength$2                                   : loaded 3 times (x 83B)
Class com.google.common.util.concurrent.SettableFuture                                : loaded 3 times (x 116B)
Class com.android.builder.model.v2.models.AndroidDsl                                  : loaded 3 times (x 72B)
Class kotlinx.coroutines.DebugKt                                                      : loaded 3 times (x 73B)
Class kotlinx.coroutines.JobImpl                                                      : loaded 3 times (x 140B)
Class kotlinx.coroutines.internal.SystemPropsKt                                       : loaded 3 times (x 73B)
Class com.google.common.cache.LocalCache$Strength$1                                   : loaded 3 times (x 83B)
Class org.objectweb.asm.ModuleVisitor                                                 : loaded 3 times (x 83B)
Class com.google.common.collect.Sets$4                                                : loaded 3 times (x 143B)
Class com.google.common.cache.LocalCache$LocalLoadingCache                            : loaded 3 times (x 136B)
Class com.google.common.collect.Sets$3                                                : loaded 3 times (x 143B)
Class [Lorg.objectweb.asm.AnnotationVisitor;                                          : loaded 3 times (x 71B)
Class kotlinx.coroutines.Delay                                                        : loaded 3 times (x 72B)
Class kotlinx.coroutines.ParentJob                                                    : loaded 3 times (x 72B)
Class kotlinx.coroutines.JobNode                                                      : loaded 3 times (x 88B)
Class com.google.gson.FieldNamingStrategy                                             : loaded 3 times (x 72B)
Class com.google.gson.JsonArray                                                       : loaded 3 times (x 102B)
Class com.google.common.collect.Sets$2                                                : loaded 3 times (x 143B)
Class com.android.builder.model.v2.models.BasicAndroidProject                         : loaded 3 times (x 72B)
Class com.google.gson.FieldNamingPolicy                                               : loaded 3 times (x 85B)
Class com.google.gson.FormattingStyle                                                 : loaded 3 times (x 80B)
Class com.google.gson.internal.bind.TypeAdapters                                      : loaded 3 times (x 73B)
Class com.android.ide.common.gradle.Numeric                                           : loaded 3 times (x 79B)
Class org.objectweb.asm.AnnotationVisitor                                             : loaded 3 times (x 80B)
Class com.google.common.collect.Sets$1                                                : loaded 3 times (x 143B)
Class org.jetbrains.kotlin.buildtools.api.jvm.ClassSnapshotGranularity                : loaded 3 times (x 81B)
Class com.google.common.collect.ImmutableEnumMap                                      : loaded 3 times (x 128B)
Class com.google.common.collect.ListMultimap                                          : loaded 3 times (x 72B)
Class com.android.build.gradle.internal.dsl.BundleOptions$AgpDecorated                : loaded 2 times (x 141B)
Class com.android.build.gradle.options.SigningOptions                                 : loaded 2 times (x 74B)
Class com.android.build.api.dsl.ExternalNativeBuildFlags                              : loaded 2 times (x 72B)
Class com.android.build.gradle.internal.dsl.decorator.DslDecorator$Companion$classLoaderDefineClass$2: loaded 2 times (x 80B)
Class com.android.build.api.dsl.LibraryAndroidResources                               : loaded 2 times (x 72B)
Class org.jetbrains.kotlin.gradle.plugin.sources.DefaultKotlinSourceSetFactory        : loaded 2 times (x 82B)
Class com.google.wireless.android.sdk.stats.ProjectApiUse                             : loaded 2 times (x 199B)
Class com.google.protobuf.Internal                                                    : loaded 2 times (x 73B)
Class com.google.gson.internal.bind.TypeAdapters$34                                   : loaded 2 times (x 78B)
Class com.android.build.gradle.internal.services.TaskCreationServicesImpl             : loaded 2 times (x 104B)
Class com.android.build.gradle.options.FutureStage                                    : loaded 2 times (x 74B)
Class com.android.build.gradle.internal.plugins.BasePlugin$managedDeviceRegistry$2    : loaded 2 times (x 81B)
Class com.android.build.gradle.internal.plugins.AppPlugin                             : loaded 2 times (x 99B)
Class org.gradle.accessors.dm.LibrariesForLibs                                        : loaded 2 times (x 91B)
Class com.amazon.ion.impl.lite.IonSystemLite                                          : loaded 2 times (x 277B)
Class com.amazon.ion.util.InputStreamInterceptor                                      : loaded 2 times (x 72B)
Class com.amazon.ion.impl.bin.IonRawBinaryWriter$PreallocationMode                    : loaded 2 times (x 83B)
Class com.amazon.ion.impl.bin._Private_IonRawWriter                                   : loaded 2 times (x 72B)
Class com.amazon.ion.IonWriter                                                        : loaded 2 times (x 72B)
Class kotlin.text.StringsKt__AppendableKt                                             : loaded 2 times (x 73B)
Class com.google.common.collect.ImmutableRangeSet                                     : loaded 2 times (x 117B)
Class org.gradle.tooling.internal.gradle.DefaultProjectIdentifier                     : loaded 2 times (x 88B)
Class com.google.wireless.android.sdk.stats.UserTierUpgradeEvent                      : loaded 2 times (x 203B)
Class com.google.wireless.android.sdk.stats.DialogStats                               : loaded 2 times (x 200B)
Class com.google.wireless.android.sdk.stats.StartupPerformanceFrameBecameInteractiveEvent: loaded 2 times (x 197B)
Class com.google.wireless.android.sdk.stats.ResourceManagerEvent                      : loaded 2 times (x 199B)
Class com.google.wireless.android.sdk.stats.OptOutOfMetricsOrBuilder                  : loaded 2 times (x 72B)
Class com.google.wireless.android.sdk.stats.AndroidProfilerDbStatsOrBuilder           : loaded 2 times (x 72B)
Class org.jetbrains.kotlin.gradle.tasks.KotlinCompile$createCompilerArguments$1$2$1   : loaded 2 times (x 81B)
Class com.android.build.gradle.internal.ide.v2.LibraryInfoImpl$Companion              : loaded 2 times (x 73B)
Class org.jetbrains.kotlin.incremental.ClasspathChanges                               : loaded 2 times (x 73B)
Class com.android.build.gradle.internal.dependency.JdkImageTransform$Parameters_Decorated: loaded 2 times (x 140B)
Class com.android.build.gradle.internal.scope.BootClasspathBuilder$CacheKey           : loaded 2 times (x 74B)
Class com.sun.xml.bind.v2.model.impl.AttributePropertyInfoImpl                        : loaded 2 times (x 126B)
Class com.sun.xml.bind.v2.model.impl.RuntimeMapPropertyInfoImpl                       : loaded 2 times (x 139B)
Class com.sun.xml.bind.v2.model.impl.MapPropertyInfoImpl                              : loaded 2 times (x 121B)
Class com.sun.xml.bind.v2.model.impl.DummyPropertyInfo                                : loaded 2 times (x 72B)
Class com.android.sdklib.repository.generated.repository.v4.PlatformDetailsType       : loaded 2 times (x 131B)
Class com.sun.xml.bind.v2.model.core.Element                                          : loaded 2 times (x 72B)
Class com.android.sdklib.repository.legacy.FileOp                                     : loaded 2 times (x 79B)
Class org.jetbrains.kotlin.konan.target.KonanTarget                                   : loaded 2 times (x 80B)
Class com.google.protobuf.GeneratedMessageV3$FieldAccessorTable                       : loaded 2 times (x 74B)
Class com.android.build.gradle.internal.publishing.PublishingSpecsKt                  : loaded 2 times (x 73B)
Class com.android.build.gradle.internal.tasks.factory.BootClasspathConfigImpl$fullBootClasspathProvider$2$3: loaded 2 times (x 133B)
Class com.android.build.gradle.internal.tasks.factory.BootClasspathConfigImpl$sam$org_gradle_api_Transformer$0: loaded 2 times (x 77B)
Class com.android.build.gradle.internal.DependencyConfigurator$configureGeneralTransforms$6: loaded 2 times (x 81B)
Class com.android.build.gradle.internal.cxx.logging.ThreadLoggingEnvironment$Companion$BottomLoggingEnvironment: loaded 2 times (x 82B)
Class com.android.build.gradle.internal.tasks.SigningConfigWriterTask                 : loaded 2 times (x 339B)
Class com.android.build.gradle.internal.scope.InternalMultipleArtifactType            : loaded 2 times (x 76B)
Class org.jetbrains.kotlin.gradle.ExternalKotlinTargetApi                             : loaded 2 times (x 72B)
Class com.android.build.gradle.internal.TaskManager$Companion$createTasksBeforeEvaluate$4: loaded 2 times (x 77B)
Class com.android.build.api.component.impl.DefaultSourcesProviderImpl$getKotlin$1     : loaded 2 times (x 133B)
Class com.android.build.api.variant.JniLibsApkPackaging                               : loaded 2 times (x 72B)
Class com.android.build.api.variant.impl.JniLibsPackagingImpl$excludes$1              : loaded 2 times (x 77B)
Class com.android.build.api.artifact.InAndOutDirectoryOperationRequest                : loaded 2 times (x 72B)
Class com.android.build.api.variant.impl.BundleConfigImpl                             : loaded 2 times (x 78B)
Class com.android.build.gradle.internal.component.TestComponentCreationConfig         : loaded 2 times (x 72B)
Class com.android.build.gradle.internal.publishing.AndroidArtifacts$PublishedConfigType: loaded 2 times (x 81B)
Class com.android.build.gradle.internal.core.dsl.impl.features.RenderscriptDslInfoImpl: loaded 2 times (x 81B)
Class com.android.build.gradle.internal.core.dsl.impl.ApplicationVariantDslInfoImpl$generateLocaleConfig$2: loaded 2 times (x 81B)
Class com.android.build.gradle.internal.TaskManager$Companion$createTasksBeforeEvaluate$5: loaded 2 times (x 76B)
Class com.android.build.gradle.internal.tasks.factory.GlobalTaskCreationConfigImpl$versionedNdkHandler$2: loaded 2 times (x 81B)
Class com.android.build.api.artifact.impl.InternalScopedArtifacts$InternalScope       : loaded 2 times (x 81B)
Class com.android.build.api.variant.LintLifecycleExtension                            : loaded 2 times (x 72B)
Class com.android.build.gradle.internal.dsl.OptimizationImpl$AgpDecorated_Decorated   : loaded 2 times (x 139B)
Class com.android.build.gradle.internal.core.dsl.impl.ApplicationVariantDslInfoImpl$dexingDslInfo$2: loaded 2 times (x 81B)
Class com.android.build.api.variant.impl.ApkPackagingImpl                             : loaded 2 times (x 91B)
Class com.android.build.gradle.internal.services.BuiltInKotlinSupportMode             : loaded 2 times (x 73B)
Class org.jetbrains.kotlin.gradle.utils.ProviderApiUtilsKt$mapOrNull$1                : loaded 2 times (x 77B)
Class org.jetbrains.kotlin.gradle.targets.native.toolchain.KotlinNativeBundleBuildService$Companion$registerIfAbsent$1: loaded 2 times (x 77B)
Class org.jetbrains.kotlin.build.report.metrics.KLIB_WRITING                          : loaded 2 times (x 74B)
Class org.jetbrains.kotlin.gradle.plugin.PropertiesProvider$kotlinExperimentalTryNext$1: loaded 2 times (x 77B)
Class org.jetbrains.kotlin.gradle.fus.BuildUidService$Companion                       : loaded 2 times (x 73B)
Class org.jetbrains.kotlin.gradle.plugin.VariantImplementationFactoriesConfigurator$Companion$getProvider$1: loaded 2 times (x 76B)
Class com.google.protobuf.DescriptorProtos$SourceCodeInfo                             : loaded 2 times (x 200B)
Class com.android.build.api.variant.impl.VariantImpl$optimizationCreationConfig$2     : loaded 2 times (x 81B)
Class com.android.build.api.component.impl.DeviceTestImpl$androidResourcesCreationConfig$2: loaded 2 times (x 81B)
Class com.android.build.gradle.internal.scope.UnitTestBuildFeatureValuesImpl          : loaded 2 times (x 89B)
Class com.android.build.gradle.internal.services.BaseServicesImpl                     : loaded 2 times (x 85B)
Class com.android.build.gradle.internal.dsl.CommonExtensionImpl                       : loaded 2 times (x 210B)
Class com.amazon.ion.impl._Private_IonContainer                                       : loaded 2 times (x 72B)
Class com.intellij.gradle.toolingExtension.impl.model.buildScriptClasspathModel.GradleBuildScriptClasspathSerializationService$ReadContext: loaded 2 times (x 74B)
Class com.google.common.collect.Iterators$PeekingImpl                                 : loaded 2 times (x 87B)
Class com.google.common.collect.ComparatorOrdering                                    : loaded 2 times (x 117B)
Class org.gradle.api.internal.DefaultClassPathProvider                                : loaded 2 times (x 78B)
Class com.google.wireless.android.sdk.stats.BuildOutputDownloadsInfoEvent             : loaded 2 times (x 203B)
Class com.google.wireless.android.sdk.stats.ModelProviderEvent                        : loaded 2 times (x 198B)
Class com.google.wireless.android.sdk.stats.EmulatorPerformanceStats                  : loaded 2 times (x 215B)
Class com.google.wireless.android.sdk.stats.SmlRagEventOrBuilder                      : loaded 2 times (x 72B)
Class com.google.wireless.android.sdk.stats.AdvertiserNotificationEventOrBuilder      : loaded 2 times (x 72B)
Class com.google.wireless.android.sdk.stats.BuildOutputDownloadsInfoEventOrBuilder    : loaded 2 times (x 72B)
Class com.google.wireless.android.sdk.stats.ApplyChangesAgentErrorOrBuilder           : loaded 2 times (x 72B)
Class com.google.common.hash.HashCode$BytesHashCode                                   : loaded 2 times (x 83B)
Class [Lorg.jetbrains.kotlin.cli.common.arguments.Enables;                            : loaded 2 times (x 71B)
Class com.android.build.gradle.internal.ide.dependencies.FullDependencyGraphBuilder   : loaded 2 times (x 74B)
Class com.android.build.gradle.internal.scope.InternalArtifactType$BUILT_IN_KAPT_GENERATED_JAVA_SOURCES: loaded 2 times (x 76B)
Class [Lcom.android.build.gradle.internal.ProguardFileType;                           : loaded 2 times (x 71B)
Class com.android.build.gradle.internal.EmulatorComponents$Companion$build$fileExists$1: loaded 2 times (x 77B)
Class com.sun.xml.bind.v2.runtime.property.PropertyFactory$1                          : loaded 2 times (x 73B)
Class com.sun.xml.bind.v2.runtime.property.ArrayProperty                              : loaded 2 times (x 104B)
Class com.android.sdklib.repository.generated.addon.v3.MavenType                      : loaded 2 times (x 82B)
Class com.sun.xml.bind.v2.model.core.ID                                               : loaded 2 times (x 81B)
Class com.sun.xml.bind.v2.model.impl.ClassInfoImpl$PropertyGroup                      : loaded 2 times (x 81B)
Class com.sun.xml.bind.v2.model.runtime.RuntimeValuePropertyInfo                      : loaded 2 times (x 72B)
Class com.sun.xml.bind.v2.runtime.JAXBContextImpl$5                                   : loaded 2 times (x 76B)
Class com.android.repository.impl.generated.v2.DependencyType                         : loaded 2 times (x 83B)
Class com.android.build.api.component.analytics.AnalyticsEnabledVariant$userVisibleUnitTest$2: loaded 2 times (x 81B)
Class kotlinx.coroutines.flow.FlowKt__TransformKt$onEach$$inlined$unsafeTransform$1$2 : loaded 2 times (x 77B)
Class com.google.common.cache.LocalCache$EntryIterator                                : loaded 2 times (x 88B)
Class com.google.protobuf.DescriptorProtos$FieldOptions$Builder                       : loaded 2 times (x 380B)
Class [Lcom.google.wireless.android.sdk.stats.GradleBuildProject$GradlePlugin;        : loaded 2 times (x 71B)
Class com.android.build.gradle.internal.scope.InternalArtifactType$FEATURE_PUBLISHED_DEX: loaded 2 times (x 76B)
Class com.android.build.gradle.internal.tasks.factory.BootClasspathConfigImpl$fullBootClasspathProvider$2$4: loaded 2 times (x 133B)
Class com.android.build.gradle.internal.tasks.factory.BootClasspathConfigImpl$filteredBootClasspath$2$1: loaded 2 times (x 133B)
Class com.android.build.gradle.internal.DependencyConfigurator$configureGeneralTransforms$7: loaded 2 times (x 77B)
Class com.android.build.gradle.internal.dependency.ExtractAarTransform                : loaded 2 times (x 80B)
Class com.android.build.gradle.internal.cxx.logging.ThreadLoggingEnvironment$Companion$LoggerStack: loaded 2 times (x 74B)
Class com.android.build.gradle.internal.tasks.ParseIntegrityConfigTask$CreationAction : loaded 2 times (x 92B)
Class com.android.build.gradle.internal.tasks.DexMergingTask$CreationAction$handleProvider$1: loaded 2 times (x 133B)
Class com.android.build.gradle.internal.scope.InternalArtifactType$SUB_PROJECT_DEX_ARCHIVE: loaded 2 times (x 76B)
Class com.android.build.api.variant.impl.SourceType                                   : loaded 2 times (x 81B)
Class com.android.build.api.artifact.OutOperationRequest                              : loaded 2 times (x 72B)
Class com.android.build.gradle.internal.scope.InternalArtifactType$PACKAGED_MANIFESTS : loaded 2 times (x 76B)
Class com.android.build.gradle.tasks.ProcessPackagedManifestTask                      : loaded 2 times (x 338B)
Class com.android.build.gradle.internal.dependency.ProvidedClasspathSubtractor$fileToIds$1: loaded 2 times (x 81B)
Class com.android.build.api.component.analytics.AnalyticsEnabledScopedArtifactsOperation_Decorated: loaded 2 times (x 127B)
Class com.android.build.api.component.analytics.AnalyticsEnabledVariant$userVisibleExternalNativeBuild$2: loaded 2 times (x 81B)
Class com.android.build.api.variant.impl.VariantImpl$manifestPlaceholdersCreationConfig$2: loaded 2 times (x 81B)
Class com.android.build.api.component.analytics.AnalyticsEnabledVariantBuilder        : loaded 2 times (x 136B)
Class com.android.build.api.variant.AndroidVersion                                    : loaded 2 times (x 72B)
Class com.android.build.gradle.internal.TaskManager$Companion$createTasksBeforeEvaluate$6: loaded 2 times (x 76B)
Class com.android.build.gradle.internal.tasks.factory.TaskFactoryUtils                : loaded 2 times (x 73B)
Class com.android.build.gradle.internal.api.artifact.SourceArtifactType$ASSETS        : loaded 2 times (x 76B)
Class com.android.build.gradle.internal.api.artifact.SourceArtifactType$JAVA_SOURCES  : loaded 2 times (x 76B)
Class com.android.build.gradle.internal.dsl.KeepRulesImpl$AgpDecorated_Decorated      : loaded 2 times (x 144B)
Class com.android.build.gradle.internal.tasks.CheckManifest$CreationAction            : loaded 2 times (x 92B)
Class com.google.common.base.CaseFormat$1                                             : loaded 2 times (x 85B)
Class org.jetbrains.kotlin.build.report.metrics.IC_COMPILE_ITERATION                  : loaded 2 times (x 74B)
Class org.jetbrains.kotlin.build.report.metrics.COMPILER_INITIALIZATION               : loaded 2 times (x 74B)
Class org.jetbrains.kotlin.gradle.plugin.VariantImplementationFactories$Companion$getProvider$2$1: loaded 2 times (x 81B)
Class com.android.tools.build.gradle.internal.profile.IntegerOption$1                 : loaded 2 times (x 78B)
Class com.google.protobuf.DescriptorProtos$DescriptorProto                            : loaded 2 times (x 240B)
Class com.google.wireless.android.sdk.stats.GradleBuildProject$PluginType$1           : loaded 2 times (x 78B)
Class com.android.tools.analytics.HostDataKt                                          : loaded 2 times (x 73B)
Class com.google.protobuf.AbstractMessage                                             : loaded 2 times (x 166B)
Class com.android.build.gradle.internal.lint.AndroidLintInputs                        : loaded 2 times (x 73B)
Class com.android.build.gradle.internal.component.MergeSourceSetFoldersCreationConfig : loaded 2 times (x 72B)
Class com.android.build.gradle.internal.component.ComponentBasedBuiltInKotlinCreationConfig: loaded 2 times (x 113B)
Class com.android.build.gradle.internal.component.ApplicationCreationConfig           : loaded 2 times (x 72B)
Class com.android.build.gradle.internal.errors.SyncIssueReporterImpl                  : loaded 2 times (x 79B)
Class com.android.build.gradle.internal.dsl.ApplicationExtensionImpl                  : loaded 2 times (x 389B)
Class com.android.build.api.variant.DslLifecycle                                      : loaded 2 times (x 72B)
Class org.gradle.accessors.dm.LibrariesForLibs$BundleAccessors                        : loaded 2 times (x 75B)
Class com.amazon.ion.impl.SharedSymbolTable                                           : loaded 2 times (x 95B)
Class com.amazon.ion.impl.bin.IonRawBinaryWriter                                      : loaded 2 times (x 170B)
Class com.amazon.ion.SymbolToken                                                      : loaded 2 times (x 72B)
Class kotlin.text.StringsKt__StringNumberConversionsJVMKt                             : loaded 2 times (x 73B)
Class com.google.common.collect.NaturalOrdering                                       : loaded 2 times (x 117B)
Class kotlin.text.MatchResult                                                         : loaded 2 times (x 72B)
Class kotlin.sequences.SequenceScope                                                  : loaded 2 times (x 75B)
Class kotlin.sequences.Sequence                                                       : loaded 2 times (x 72B)
Class org.gradle.tooling.ToolingModelContract                                         : loaded 2 times (x 72B)
Class [Lorg.gradle.api.internal.ClassPathProvider;                                    : loaded 2 times (x 71B)
Class org.gradle.api.internal.ClassPathProvider                                       : loaded 2 times (x 72B)
Class com.google.wireless.android.sdk.stats.StudioCrash                               : loaded 2 times (x 210B)
Class com.google.wireless.android.sdk.stats.VirtualizationEvent                       : loaded 2 times (x 199B)
Class com.google.wireless.android.sdk.stats.StartupPerformanceFrameBecameVisibleEventOrBuilder: loaded 2 times (x 72B)
Class org.jetbrains.kotlin.cli.common.arguments.Argument                              : loaded 2 times (x 72B)
Class org.jetbrains.kotlin.gradle.plugin.CreateCompilerArgumentsContextImpl           : loaded 2 times (x 77B)
Class com.android.build.gradle.internal.ide.dependencies.GraphEdgeCacheImpl$getEdge$1$1: loaded 2 times (x 81B)
Class com.android.build.gradle.tasks.PackageAndroidArtifactKt$getPageSize$2           : loaded 2 times (x 76B)
Class com.android.build.gradle.internal.ide.dependencies.LocalJarCache                : loaded 2 times (x 72B)
Class com.android.build.api.variant.impl.ApplicationMultiOutputHandler                : loaded 2 times (x 97B)
Class org.jetbrains.kotlin.gradle.tasks.KotlinJvmCompile$DefaultImpls                 : loaded 2 times (x 73B)
Class org.jetbrains.kotlin.gradle.tasks.CacheableTasksKt                              : loaded 2 times (x 73B)
Class com.android.build.api.component.impl.features.OptimizationCreationConfigImpl$consumerProguardFiles$2$2: loaded 2 times (x 81B)
Class com.sun.xml.bind.v2.runtime.property.SingleMapNodeProperty                      : loaded 2 times (x 104B)
Class com.sun.xml.bind.v2.model.runtime.RuntimeTypeRef                                : loaded 2 times (x 72B)
Class com.sun.xml.bind.v2.runtime.JAXBContextImpl$6                                   : loaded 2 times (x 93B)
Class com.android.sdklib.repository.generated.repository.v2.LayoutlibType             : loaded 2 times (x 76B)
Class com.android.repository.api.ConsoleProgressIndicator                             : loaded 2 times (x 110B)
Class com.android.build.gradle.internal.SupportToolsComponents$Companion$build$fileExists$1: loaded 2 times (x 77B)
Class com.android.build.gradle.internal.SdkComponentsBuildService$VersionedSdkLoader$targetAndroidVersionProvider$1: loaded 2 times (x 77B)
Class [Lorg.jetbrains.kotlin.konan.target.Family;                                     : loaded 2 times (x 71B)
Class org.jetbrains.kotlin.gradle.tasks.TasksProviderKt                               : loaded 2 times (x 73B)
Class org.jetbrains.kotlin.gradle.utils.RegisterTransformForArtifactTypeKt$registerTransformForArtifactType$2: loaded 2 times (x 77B)
Class org.jetbrains.kotlin.gradle.plugin.diagnostics.ToolingDiagnostic                : loaded 2 times (x 74B)
Class com.google.protobuf.TextFormat$InvalidEscapeSequenceException                   : loaded 2 times (x 84B)
Class com.android.build.gradle.internal.scope.InternalArtifactType$AAR_METADATA       : loaded 2 times (x 76B)
Class com.android.build.gradle.internal.dependency.RecalculateStackFramesTransform$Companion$registerRecalculateStackFramesTransform$1: loaded 2 times (x 77B)
Class com.android.build.gradle.internal.tasks.factory.BootClasspathConfigImpl$fullBootClasspathProvider$2$5: loaded 2 times (x 133B)
Class com.android.build.gradle.internal.utils.DesugarLibConfigExtractor               : loaded 2 times (x 80B)
Class com.android.build.gradle.internal.tasks.factory.BootClasspathConfigImpl$filteredBootClasspath$2$2: loaded 2 times (x 133B)
Class com.android.build.gradle.internal.DependencyConfigurator$configureGeneralTransforms$8: loaded 2 times (x 77B)
Class com.android.build.gradle.internal.cxx.configure.GradleLocalPropertiesKt         : loaded 2 times (x 73B)
Class com.android.build.gradle.internal.tasks.creationconfig.BaseDexMergingCreationConfig: loaded 2 times (x 126B)
Class com.android.build.gradle.internal.services.BuiltInKaptSupportMode$SupportedForTestFixturesAndScreenshotTest: loaded 2 times (x 73B)
Class com.android.build.gradle.internal.tasks.creationconfig.JavaPreCompileTaskCreationConfig: loaded 2 times (x 72B)
Class com.android.build.gradle.tasks.ProcessManifestForMetadataFeatureTask$CreationAction: loaded 2 times (x 92B)
Class com.android.build.api.component.analytics.AnalyticsEnabledAndroidTest$generatesApk$2: loaded 2 times (x 81B)
Class com.android.build.api.component.analytics.AnalyticsEnabledApplicationVariant$generatesApk$2: loaded 2 times (x 81B)
Class com.android.build.api.variant.impl.VariantOutputList$Companion                  : loaded 2 times (x 73B)
Class com.android.build.api.variant.impl.VariantBuilderImpl                           : loaded 2 times (x 139B)
Class com.android.build.gradle.tasks.JavaCompileUtils                                 : loaded 2 times (x 73B)
Class org.jetbrains.kotlin.compose.compiler.gradle.ComposeCompilerGradlePluginExtension$featureFlags$1: loaded 2 times (x 78B)
Class com.android.build.api.variant.DslExtension                                      : loaded 2 times (x 74B)
Class org.jetbrains.kotlin.gradle.plugin.mpp.compilationImpl.DefaultKotlinCompilationConfigurationsContainer: loaded 2 times (x 86B)
Class com.android.build.gradle.internal.dsl.BundleOptionsTexture$AgpDecorated_Decorated: loaded 2 times (x 132B)
Class com.android.build.api.dsl.ManagedDevices                                        : loaded 2 times (x 72B)
Class [Lcom.android.repository.Revision$Precision;                                    : loaded 2 times (x 71B)
Class com.android.build.gradle.internal.dsl.ApplicationExtensionImpl$AgpDecorated     : loaded 2 times (x 390B)
Class com.android.build.api.variant.impl.SigningConfigImpl$enableV3Signing$1          : loaded 2 times (x 77B)
Class com.google.common.base.CaseFormat$2                                             : loaded 2 times (x 85B)
Class com.android.build.api.dsl.ConsumerKeepRules                                     : loaded 2 times (x 72B)
Class com.android.build.gradle.internal.dsl.decorator.LockableSet                     : loaded 2 times (x 147B)
Class com.android.builder.model.SigningConfig                                         : loaded 2 times (x 72B)
Class com.android.build.gradle.api.AndroidSourceSet                                   : loaded 2 times (x 72B)
Class [Lcom.android.builder.core.ComponentTypeImpl;                                   : loaded 2 times (x 71B)
Class org.jetbrains.kotlin.build.report.metrics.DAEMON_GC_TIME                        : loaded 2 times (x 74B)
Class org.jetbrains.kotlin.build.report.metrics.CLASSPATH_ENTRY_SNAPSHOT_TRANSFORM_EXECUTION_COUNT: loaded 2 times (x 74B)
Class org.jetbrains.kotlin.build.report.metrics.GradleBuildPerformanceMetric          : loaded 2 times (x 74B)
Class org.jetbrains.kotlin.gradle.internal.properties.PropertiesBuildService$NullableBooleanGradleProperty: loaded 2 times (x 78B)
Class [Lcom.google.protobuf.Descriptors$ServiceDescriptor;                            : loaded 2 times (x 71B)
Class com.google.wireless.android.sdk.stats.GarbageCollectionStats$1                  : loaded 2 times (x 153B)
Class com.android.build.gradle.internal.scope.InternalArtifactType$APP_METADATA       : loaded 2 times (x 76B)
Class [Lcom.android.build.gradle.options.StringOption;                                : loaded 2 times (x 71B)
Class com.android.build.gradle.options.ApiStage                                       : loaded 2 times (x 74B)
Class com.android.build.gradle.internal.plugins.AndroidPluginBaseServices$projectServices$2$1: loaded 2 times (x 81B)
Class com.android.build.api.variant.HasUnitTest                                       : loaded 2 times (x 72B)
Class com.android.build.gradle.internal.component.ConsumableCreationConfig            : loaded 2 times (x 72B)
Class jdk.internal.jrtfs.SystemImage                                                  : loaded 2 times (x 76B)
Class com.amazon.ion.impl.lite.IonBoolLite                                            : loaded 2 times (x 181B)
Class kotlin.collections.CollectionsKt___CollectionsKt$asSequence$$inlined$Sequence$1 : loaded 2 times (x 77B)
Class org.gradle.internal.service.UnknownServiceException                             : loaded 2 times (x 85B)
Class com.google.wireless.android.sdk.stats.ThreadingAgentUsageEvent                  : loaded 2 times (x 199B)
Class com.google.wireless.android.sdk.stats.UpgradeAndroidStudioDialogStatsOrBuilder  : loaded 2 times (x 72B)
Class com.google.wireless.android.sdk.stats.ComposeAnimationToolingEventOrBuilder     : loaded 2 times (x 72B)
Class com.google.wireless.android.sdk.stats.LLDBFrontendDetailsOrBuilder              : loaded 2 times (x 72B)
Class com.google.common.hash.Hasher                                                   : loaded 2 times (x 72B)
Class org.jetbrains.kotlin.gradle.plugin.KotlinPluginWrapper                          : loaded 2 times (x 88B)
Class com.android.build.api.variant.impl.BuiltArtifactsImpl                           : loaded 2 times (x 88B)
Class com.android.build.gradle.internal.ide.v2.BundleInfoImpl                         : loaded 2 times (x 80B)
Class com.google.common.io.ByteArrayDataInput                                         : loaded 2 times (x 72B)
Class org.jetbrains.kotlin.gradle.tasks.KotlinCompile$ScriptFilterSpec                : loaded 2 times (x 77B)
Class com.android.build.gradle.internal.ide.v2.SourceProviderImpl$Companion           : loaded 2 times (x 73B)
Class com.android.build.gradle.internal.ide.v2.ConvertersKt                           : loaded 2 times (x 73B)
Class com.sun.xml.bind.v2.runtime.FilterTransducer                                    : loaded 2 times (x 90B)
Class com.android.sdklib.repository.generated.addon.v2.ExtraDetailsType               : loaded 2 times (x 87B)
Class com.sun.xml.bind.annotation.XmlLocation                                         : loaded 2 times (x 72B)
Class com.sun.xml.bind.v2.model.annotation.XmlSchemaQuick                             : loaded 2 times (x 97B)
Class com.sun.xml.bind.v2.runtime.JAXBContextImpl$JAXBContextBuilder                  : loaded 2 times (x 88B)
Class com.android.repository.impl.meta.RevisionType                                   : loaded 2 times (x 82B)
Class com.android.sdklib.repository.generated.repository.v1.ObjectFactory             : loaded 2 times (x 81B)
Class com.android.build.gradle.internal.FileExistsValueSource$Params_Decorated        : loaded 2 times (x 132B)
Class com.android.build.api.variant.impl.ArtifactMetadataProcessor                    : loaded 2 times (x 73B)
Class com.android.build.gradle.internal.api.ApkVariantOutputImpl_Decorated            : loaded 2 times (x 178B)
Class com.android.build.gradle.internal.tasks.NdkTask                                 : loaded 2 times (x 342B)
Class com.android.build.gradle.internal.tasks.factory.BootClasspathConfigImpl$filteredBootClasspath$2$3: loaded 2 times (x 133B)
Class com.android.build.gradle.internal.DependencyConfigurator$configureGeneralTransforms$9: loaded 2 times (x 81B)
Class com.android.build.gradle.internal.scope.InternalArtifactType$DEVICE_PROVIDER_ANDROID_TEST_ADDITIONAL_OUTPUT: loaded 2 times (x 76B)
Class com.android.build.gradle.internal.AndroidTestTaskManager$createTasks$1          : loaded 2 times (x 77B)
Class com.android.build.gradle.internal.tasks.DexMergingTask$CreationAction$handleProvider$3: loaded 2 times (x 133B)
Class com.android.build.gradle.internal.tasks.MergeArtProfileTask$CreationAction      : loaded 2 times (x 92B)
Class com.android.build.gradle.internal.tasks.DexArchiveBuilderTask$CreationAction$handleProvider$1: loaded 2 times (x 80B)
Class org.jetbrains.kotlin.gradle.plugin.diagnostics.ToolingDiagnosticsContext$Companion: loaded 2 times (x 73B)
Class com.android.build.gradle.internal.tasks.creationconfig.JavaPreCompileTaskCreationConfigKt: loaded 2 times (x 73B)
Class com.android.build.gradle.tasks.ProcessMultiApkApplicationManifest               : loaded 2 times (x 347B)
Class com.android.build.gradle.internal.tasks.VariantTask                             : loaded 2 times (x 72B)
Class android.databinding.tool.writer.JavaFileWriter                                  : loaded 2 times (x 76B)
Class com.google.devtools.ksp.gradle.KspAATask                                        : loaded 2 times (x 327B)
Class [Lcom.android.build.api.instrumentation.InstrumentationScope;                   : loaded 2 times (x 71B)
Class com.android.build.api.component.analytics.AnalyticsEnabledDeviceTest            : loaded 2 times (x 177B)
Class com.android.build.gradle.internal.core.dsl.impl.HostTestComponentDslInfoImpl    : loaded 2 times (x 130B)
Class com.google.wireless.android.sdk.stats.AsmClassesTransformRegistrationOrBuilder  : loaded 2 times (x 72B)
Class dagger.hilt.android.plugin.HiltGradlePlugin$configureCompatibilityRules$1       : loaded 2 times (x 76B)
Class org.jetbrains.kotlin.compose.compiler.gradle.ComposeCompilerGradlePluginExtension$featureFlags$2: loaded 2 times (x 78B)
Class com.android.build.gradle.internal.TaskManager$Companion$createTasksBeforeEvaluate$8: loaded 2 times (x 76B)
Class com.android.build.gradle.internal.dsl.decorator.LockableSet$LockableIterator    : loaded 2 times (x 83B)
Class com.android.builder.model.TestOptions$Execution                                 : loaded 2 times (x 81B)
Class com.android.build.api.dsl.AdbOptions                                            : loaded 2 times (x 72B)
Class com.android.build.gradle.internal.api.DefaultAndroidSourceDirectorySet          : loaded 2 times (x 121B)
Class com.android.build.gradle.internal.tasks.FinalizeBundleTask$CreationAction$handleProvider$bundleNameProvider$1: loaded 2 times (x 77B)
Class com.android.build.gradle.internal.dsl.ExternalNativeNdkBuildOptions_Decorated   : loaded 2 times (x 154B)
Class com.google.common.base.CaseFormat$3                                             : loaded 2 times (x 85B)
Class org.objectweb.asm.commons.GeneratorAdapter                                      : loaded 2 times (x 188B)
Class com.android.build.gradle.internal.SdkComponentsBuildService$sdkDirectoryProvider$1: loaded 2 times (x 77B)
Class com.android.build.api.dsl.LibraryKeepRules                                      : loaded 2 times (x 72B)
Class org.jetbrains.kotlin.gradle.targets.android.internal.InternalKotlinTargetPreset : loaded 2 times (x 72B)
Class org.jetbrains.kotlin.gradle.dsl.KotlinSingleTargetExtension                     : loaded 2 times (x 132B)
Class org.jetbrains.kotlin.gradle.internal.properties.NativePropertiesLoader$kotlinNativeVersion$1: loaded 2 times (x 77B)
Class org.jetbrains.kotlin.build.report.metrics.START_KOTLIN_DAEMON_EXECUTION         : loaded 2 times (x 74B)
Class org.jetbrains.kotlin.build.report.metrics.JpsBuildTimeMetric                    : loaded 2 times (x 74B)
Class org.jetbrains.kotlin.gradle.plugin.mpp.AbstractKotlinTarget                     : loaded 2 times (x 149B)
Class com.android.build.gradle.internal.AvdComponentsBuildService$Parameters          : loaded 2 times (x 72B)
Class com.google.protobuf.UnsafeUtil$Android64MemoryAccessor                          : loaded 2 times (x 93B)
Class com.google.wireless.android.sdk.stats.GradleBuildVariant                        : loaded 2 times (x 283B)
Class com.android.build.gradle.internal.DependencyConfigurator$configureGeneralTransforms$5: loaded 2 times (x 77B)
Class com.android.build.gradle.internal.profile.AnalyticsResourceManager              : loaded 2 times (x 74B)
Class com.google.wireless.android.sdk.stats.GradleBuildProjectOrBuilder               : loaded 2 times (x 72B)
Class com.android.tools.analytics.AnalyticsSettingsData                               : loaded 2 times (x 74B)
Class com.android.build.gradle.internal.lint.LintFromMaven$Companion$from$configuration$1: loaded 2 times (x 76B)
Class com.android.build.gradle.internal.errors.DeprecationReporterImpl$Companion      : loaded 2 times (x 73B)
Class com.android.ide.common.blame.MessageReceiver                                    : loaded 2 times (x 72B)
Class [Lcom.android.build.gradle.options.Option;                                      : loaded 2 times (x 71B)
Class com.google.common.annotations.VisibleForTesting                                 : loaded 2 times (x 72B)
Class com.android.build.api.dsl.Lint                                                  : loaded 2 times (x 72B)
Class com.android.build.gradle.internal.variant.LegacyVariantInputManager             : loaded 2 times (x 99B)
Class org.jetbrains.kotlin.idea.gradleTooling.model.kapt.KaptGradleModel              : loaded 2 times (x 72B)
Class org.jetbrains.kotlin.idea.gradleTooling.KotlinDslScriptAdditionalTask           : loaded 2 times (x 72B)
Class org.jetbrains.plugins.gradle.model.ClasspathEntryModel                          : loaded 2 times (x 72B)
Class com.google.wireless.android.sdk.stats.RunStartDataOrBuilder                     : loaded 2 times (x 72B)
Class com.google.wireless.android.sdk.stats.AndroidCliInvocationOrBuilder             : loaded 2 times (x 72B)
Class com.android.build.gradle.internal.scope.InternalArtifactType$GENERATED_RES      : loaded 2 times (x 76B)
Class org.jetbrains.kotlin.gradle.plugin.mpp.KotlinCompilationsKt$addSourcesToKotlinCompileTask$configureAction$2: loaded 2 times (x 81B)
Class com.sun.xml.bind.v2.runtime.unmarshaller.DefaultIDResolver                      : loaded 2 times (x 78B)
Class com.android.repository.impl.generated.v2.PatchType                              : loaded 2 times (x 90B)
Class javax.xml.bind.annotation.XmlID                                                 : loaded 2 times (x 72B)
Class com.android.repository.impl.meta.TypeDetails                                    : loaded 2 times (x 77B)
Class com.sun.xml.bind.v2.model.impl.RuntimeArrayInfoImpl                             : loaded 2 times (x 109B)
Class com.android.sdklib.repository.generated.common.v1.IdDisplayType                 : loaded 2 times (x 85B)
Class com.android.sdklib.repository.generated.addon.v4.LibrariesType                  : loaded 2 times (x 77B)
Class com.android.build.gradle.internal.tasks.factory.BootClasspathConfigImpl$fullBootClasspathProvider$2$2: loaded 2 times (x 133B)
Class com.android.build.gradle.internal.scope.ArtifactPublishingUtil$publishArtifactToConfiguration$1: loaded 2 times (x 77B)
Class com.android.tools.analytics.UsageTrackerWriter                                  : loaded 2 times (x 84B)
Class com.android.build.gradle.api.ApkVariantOutput                                   : loaded 2 times (x 72B)
Class com.android.build.gradle.internal.tasks.factory.BootClasspathConfigImpl$filteredBootClasspath$2$4: loaded 2 times (x 133B)
Class com.android.build.gradle.internal.dependency.ExtractNavigationXmlTransform      : loaded 2 times (x 80B)
Class com.android.build.gradle.internal.dependency.IdentityTransform$Parameters       : loaded 2 times (x 72B)
Class com.android.build.gradle.internal.attribution.CheckJetifierBuildService$RegistrationAction: loaded 2 times (x 76B)
Class com.android.ide.common.workers.ExecutorServiceAdapter                           : loaded 2 times (x 89B)
Class com.android.build.gradle.internal.tasks.MergeArtProfileTask                     : loaded 2 times (x 341B)
Class com.android.build.gradle.tasks.PackageApplication$Companion                     : loaded 2 times (x 73B)
Class com.android.build.api.variant.impl.SigningConfigImpl$enableV2Signing$1          : loaded 2 times (x 77B)
Class com.android.build.gradle.internal.tasks.DexArchiveBuilderTask$CreationAction$handleProvider$2: loaded 2 times (x 80B)
Class com.android.tools.r8.internal.hk4                                               : loaded 2 times (x 75B)
Class org.jetbrains.kotlin.compose.compiler.gradle.internal.ComposeWithAgpConfig$AgpVersionProvider: loaded 2 times (x 72B)
Class org.jetbrains.kotlin.gradle.plugin.mpp.compilationImpl.KotlinCompilationTaskNamesContainer: loaded 2 times (x 74B)
Class org.jetbrains.kotlin.gradle.plugin.LanguageSettingsBuilder                      : loaded 2 times (x 72B)
Class org.jetbrains.kotlin.gradle.plugin.mpp.compilationImpl.factory.KotlinCompilationImplFactory$KotlinCompilerOptionsFactory: loaded 2 times (x 72B)
Class com.android.build.gradle.internal.dependency.VariantDependencies$Companion$getComponentFilter$3: loaded 2 times (x 76B)
Class com.android.build.gradle.internal.tasks.AndroidVariantTask                      : loaded 2 times (x 334B)
Class com.android.build.gradle.tasks.ExtractDeepLinksTask$CreationAction              : loaded 2 times (x 95B)
Class [Lcom.google.wireless.android.sdk.stats.GradleBuildVariant$Java8LangSupport;    : loaded 2 times (x 71B)
Class [Lcom.google.wireless.android.sdk.stats.AsmFramesComputationModeUpdate$Mode;    : loaded 2 times (x 71B)
Class com.android.build.gradle.internal.component.features.ShadersCreationConfig      : loaded 2 times (x 72B)
Class com.android.build.gradle.internal.core.dsl.features.DexingDslInfo               : loaded 2 times (x 72B)
Class com.android.build.gradle.internal.core.dsl.impl.ApplicationVariantDslInfoImpl$localeFilters$2: loaded 2 times (x 81B)
Class com.android.build.api.extension.impl.VariantSelectorImpl_Decorated              : loaded 2 times (x 148B)
Class com.android.build.gradle.internal.TaskManager$Companion$createTasksBeforeEvaluate$9: loaded 2 times (x 76B)
Class com.android.build.api.extension.impl.VariantSelectorImpl                        : loaded 2 times (x 94B)
Class com.android.build.api.dsl.TestFixtures                                          : loaded 2 times (x 72B)
Class com.android.build.gradle.internal.VariantDimensionData                          : loaded 2 times (x 74B)
Class com.google.common.base.CaseFormat$4                                             : loaded 2 times (x 85B)
Class com.android.build.api.dsl.Shaders                                               : loaded 2 times (x 72B)
Class org.jetbrains.kotlin.build.report.metrics.JPS_COMPILE_ITERATION                 : loaded 2 times (x 74B)
Class com.google.wireless.android.sdk.stats.GradleTransformExecution                  : loaded 2 times (x 202B)
Class com.google.protobuf.Utf8$UnpairedSurrogateException                             : loaded 2 times (x 84B)
Class com.android.repository.impl.meta.PackageDisplayNameQualifier                    : loaded 2 times (x 72B)
Class com.android.repository.impl.generated.v2.LocalPackage                           : loaded 2 times (x 142B)
Class com.google.protobuf.ExtensionRegistry                                           : loaded 2 times (x 89B)
Class com.android.build.gradle.internal.profile.AnalyticsConfiguratorService          : loaded 2 times (x 84B)
Class com.android.build.gradle.internal.services.RunOnceBuildServiceImpl              : loaded 2 times (x 84B)
Class com.amazon.ion.IonTimestamp                                                     : loaded 2 times (x 72B)
Class com.amazon.ion.impl.bin.PooledBlockAllocatorProvider$PooledBlockAllocator       : loaded 2 times (x 83B)
Class com.intellij.platform.diagnostic.telemetry.rt.context.TelemetryContextGetter    : loaded 2 times (x 77B)
Class org.jetbrains.plugins.gradle.tooling.serialization.GradleExtensionsSerializationService: loaded 2 times (x 79B)
Class org.gradle.api.JavaVersion                                                      : loaded 2 times (x 81B)
Class org.gradle.tooling.model.Dependency                                             : loaded 2 times (x 72B)
Class com.google.wireless.android.sdk.stats.RunFinishData                             : loaded 2 times (x 199B)
Class com.google.wireless.android.sdk.stats.SmlRagEvent                               : loaded 2 times (x 226B)
Class com.google.wireless.android.sdk.stats.TypingLatencyStats                        : loaded 2 times (x 202B)
Class com.google.wireless.android.sdk.stats.KotlinGradlePerformanceOrBuilder          : loaded 2 times (x 72B)
Class com.google.wireless.android.sdk.stats.BuildOutputWindowStatsOrBuilder           : loaded 2 times (x 72B)
Class com.google.wireless.android.sdk.stats.ProjectViewSelectionChangeEventOrBuilder  : loaded 2 times (x 72B)
Class [Lcom.android.ide.common.caching.CreatingCache$State;                           : loaded 2 times (x 71B)
Class com.android.build.gradle.internal.dependency.GenericTransformParameters$Inject_ : loaded 2 times (x 108B)
Class com.android.build.gradle.internal.tasks.BundleToApkTask_Decorated               : loaded 2 times (x 388B)
Class com.google.common.io.ByteStreams                                                : loaded 2 times (x 73B)
Class com.sun.xml.bind.v2.runtime.JAXBContextImpl$3                                   : loaded 2 times (x 76B)
Class org.jetbrains.kotlin.gradle.tasks.KotlinJavaToolchain$JdkSetter                 : loaded 2 times (x 72B)
Class com.android.build.gradle.internal.ide.v2.ConvertersKt$variantSourcesForList$1$1 : loaded 2 times (x 80B)
Class javax.xml.bind.annotation.XmlAnyElement                                         : loaded 2 times (x 72B)
Class com.android.repository.impl.generated.v2.RevisionType                           : loaded 2 times (x 84B)
Class com.android.repository.impl.generated.v2.ObjectFactory                          : loaded 2 times (x 110B)
Class com.android.sdklib.repository.meta.DetailsTypes$AddonDetailsType$Libraries      : loaded 2 times (x 74B)
Class com.android.build.gradle.internal.SdkComponentsBuildService$VersionedSdkLoader$coreLambdaStubsProvider$1: loaded 2 times (x 77B)
Class com.android.tools.analytics.UsageTracker$Writers                                : loaded 2 times (x 77B)
Class com.sun.istack.Pool$Impl                                                        : loaded 2 times (x 79B)
Class kotlinx.coroutines.internal.ContextScope                                        : loaded 2 times (x 77B)
Class com.android.build.gradle.internal.scope.InternalArtifactType$VARIANT_TEST_RESULTS: loaded 2 times (x 76B)
Class com.android.build.gradle.internal.tasks.factory.BootClasspathConfigImpl$filteredBootClasspath$2$5: loaded 2 times (x 133B)
Class com.android.build.gradle.internal.dependency.AarToClassTransform$Params_Decorated: loaded 2 times (x 135B)
Class com.android.build.gradle.internal.dependency.SubtractingArtifactCollection$SubtractingArtifactResult: loaded 2 times (x 74B)
Class com.android.build.gradle.internal.tasks.AppMetadataTask$CreationAction          : loaded 2 times (x 92B)
Class com.android.build.gradle.internal.tasks.DexArchiveBuilderTask$CreationAction$handleProvider$3: loaded 2 times (x 80B)
Class com.android.build.gradle.internal.tasks.MergeJavaResourceTask$CreationAction    : loaded 2 times (x 92B)
Class com.android.build.api.variant.impl.LayeredSourceDirectoriesImpl$static$1        : loaded 2 times (x 76B)
Class com.android.build.gradle.tasks.ProcessManifestForBundleTask$CreationAction$handleProvider$1: loaded 2 times (x 133B)
Class com.android.build.gradle.internal.dependency.VariantDependencies$Companion$getComponentFilter$4: loaded 2 times (x 76B)
Class com.android.build.api.component.analytics.AnalyticsEnabledApplicationVariant$userVisibleTestFixtures$2: loaded 2 times (x 81B)
Class com.android.build.api.variant.impl.VariantImpl$minSdk$2                         : loaded 2 times (x 81B)
Class com.android.build.gradle.internal.component.features.ManifestPlaceholdersCreationConfig: loaded 2 times (x 72B)
Class com.google.wireless.android.sdk.stats.GradleBuildVariant$PrivacySandboxDependenciesInfoOrBuilder: loaded 2 times (x 72B)
Class com.android.build.gradle.internal.tasks.factory.TaskConfigurationActions        : loaded 2 times (x 77B)
Class com.android.build.gradle.internal.VariantManager$Companion                      : loaded 2 times (x 73B)
Class com.android.build.gradle.internal.tasks.factory.BootClasspathConfigImpl$mockableJarArtifact$2: loaded 2 times (x 81B)
Class com.android.build.gradle.internal.packaging.PackagingOptionsUtilsKt             : loaded 2 times (x 73B)
Class com.google.common.base.CaseFormat$5                                             : loaded 2 times (x 85B)
Class com.android.builder.model.ClassField                                            : loaded 2 times (x 72B)
Class com.android.build.api.dsl.DataBinding                                           : loaded 2 times (x 72B)
Class org.jetbrains.kotlin.gradle.plugin.mpp.KotlinUsages$KotlinCinteropDisambiguation: loaded 2 times (x 78B)
Class org.jetbrains.kotlin.gradle.report.BuildReportType$Companion                    : loaded 2 times (x 73B)
Class org.jetbrains.kotlin.gradle.plugin.KotlinPluginInMultipleProjectsHolder         : loaded 2 times (x 74B)
Class com.android.build.gradle.internal.plugins.BasePlugin$sdkComponentsBuildService$2$1: loaded 2 times (x 81B)
Class com.google.protobuf.InvalidProtocolBufferException$InvalidWireTypeException     : loaded 2 times (x 89B)
Class com.sun.xml.bind.v2.runtime.Transducer                                          : loaded 2 times (x 72B)
Class com.google.protobuf.Internal$BooleanList                                        : loaded 2 times (x 72B)
Class com.google.protobuf.Internal$FloatList                                          : loaded 2 times (x 72B)
Class com.google.protobuf.MessageLiteOrBuilder                                        : loaded 2 times (x 72B)
Class com.sun.xml.bind.v2.model.impl.RuntimeClassInfoImpl                             : loaded 2 times (x 164B)
Class org.gradle.accessors.dm.LibrariesForLibs$AndroidxComposeLibraryAccessors        : loaded 2 times (x 81B)
Class com.amazon.ion.IonDatagram                                                      : loaded 2 times (x 72B)
Class com.amazon.ion.impl.bin.IonManagedBinaryWriter$ImportedSymbolResolverMode$1$1   : loaded 2 times (x 80B)
Class com.amazon.ion.impl._Private_ByteTransferSink                                   : loaded 2 times (x 72B)
Class com.intellij.openapi.externalSystem.model.project.dependencies.ResolutionState  : loaded 2 times (x 81B)
Class kotlin.text.StringsKt__RegexExtensionsJVMKt                                     : loaded 2 times (x 73B)
Class com.google.common.collect.AllEqualOrdering                                      : loaded 2 times (x 116B)
Class kotlin.collections.ArraysKt___ArraysJvmKt                                       : loaded 2 times (x 73B)
Class kotlin.collections.CollectionsKt__CollectionsKt                                 : loaded 2 times (x 73B)
Class com.google.wireless.android.sdk.stats.SherlockEvent                             : loaded 2 times (x 227B)
Class com.google.wireless.android.sdk.stats.GfxTracingDetails                         : loaded 2 times (x 213B)
Class com.google.wireless.android.sdk.stats.SdkIndexLibraryDetailsOrBuilder           : loaded 2 times (x 72B)
Class com.google.wireless.android.sdk.stats.CMakeEditingEventOrBuilder                : loaded 2 times (x 72B)
Class com.android.build.gradle.internal.tasks.MergeJavaResourceTask$Companion         : loaded 2 times (x 73B)
Class com.android.build.api.variant.impl.VariantApiExtensionsKt                       : loaded 2 times (x 73B)
Class com.sun.xml.bind.v2.runtime.reflect.PrimitiveArrayListerInteger                 : loaded 2 times (x 78B)
Class com.android.sdklib.repository.generated.repository.v2.SourceDetailsType         : loaded 2 times (x 122B)
Class com.sun.xml.bind.v2.runtime.IllegalAnnotationsException$Builder                 : loaded 2 times (x 79B)
Class com.sun.xml.bind.v2.model.annotation.RuntimeAnnotationReader                    : loaded 2 times (x 72B)
Class javax.xml.bind.annotation.XmlNs                                                 : loaded 2 times (x 72B)
Class org.jetbrains.kotlin.gradle.targets.native.internal.KotlinNativePlatformDependenciesKt: loaded 2 times (x 73B)
Class com.android.utils.Pair                                                          : loaded 2 times (x 74B)
Class com.google.protobuf.CodedOutputStream$HeapNioEncoder                            : loaded 2 times (x 112B)
Class com.google.protobuf.WireFormat$FieldType                                        : loaded 2 times (x 84B)
Class com.android.build.gradle.internal.tasks.SdkDependencyDataGeneratorTask          : loaded 2 times (x 338B)
Class com.android.build.gradle.internal.tasks.BundleReportDependenciesTask$CreationAction$handleProvider$1: loaded 2 times (x 133B)
Class com.android.build.gradle.internal.tasks.GlobalSyntheticsMergeTask$CreationAction: loaded 2 times (x 92B)
Class com.android.build.gradle.internal.tasks.BundleIdeModelProducerTask$CreationAction: loaded 2 times (x 92B)
Class com.android.build.gradle.internal.TaskManager$createPackagingTask$configureResourcesAndAssetsDependencies$1: loaded 2 times (x 77B)
Class com.android.build.gradle.internal.tasks.DexArchiveBuilderTask$CreationAction$handleProvider$4: loaded 2 times (x 80B)
Class com.android.build.gradle.internal.scope.InternalArtifactType$ORIGINAL_MERGED_JAVA_RES: loaded 2 times (x 76B)
Class com.android.build.gradle.internal.tasks.factory.TaskFactoryUtils$dependsOn$7    : loaded 2 times (x 77B)
Class org.jetbrains.kotlin.gradle.plugin.sources.FragmentConsistencyChecks$optInAnnotationsCheck$1: loaded 2 times (x 81B)
Class org.jetbrains.kotlin.gradle.plugin.mpp.compilationImpl.DefaultKotlinCompilationFriendPathsResolver$CompositeFriendArtifactResolver: loaded 2 times (x 77B)
Class com.android.build.api.artifact.impl.TaskBasedOperationImpl                      : loaded 2 times (x 86B)
Class com.android.build.api.component.impl.MutableMapBackedUpWithMapProperty          : loaded 2 times (x 126B)
Class com.google.wireless.android.sdk.stats.GradleBuildVariant$Java8LangSupport       : loaded 2 times (x 89B)
Class com.android.build.api.variant.impl.DependenciesInfoBuilderImpl                  : loaded 2 times (x 92B)
Class com.android.build.gradle.internal.variant.VariantPathHelper$dirName$2           : loaded 2 times (x 81B)
Class com.google.wireless.android.sdk.stats.GradleBuildVariant$NativeBuildConfigInfo  : loaded 2 times (x 212B)
Class com.android.build.gradle.internal.core.dsl.impl.TestedVariantDslInfoImpl        : loaded 2 times (x 153B)
Class com.android.build.gradle.internal.manifest.ManifestDataProvider                 : loaded 2 times (x 72B)
Class com.android.build.gradle.internal.SdkLocator$SdkLocationSource$INJECTED_SDK_HOME: loaded 2 times (x 82B)
Class com.android.build.api.dsl.TestCoverage                                          : loaded 2 times (x 72B)
Class com.android.build.gradle.internal.dsl.ComposeOptionsImpl                        : loaded 2 times (x 84B)
Class com.sun.xml.bind.v2.model.impl.RuntimeBuiltinLeafInfoImpl$StringImplImpl        : loaded 2 times (x 138B)
Class com.android.build.gradle.internal.dsl.AaptOptions                               : loaded 2 times (x 117B)
Class com.android.build.api.dsl.BaselineProfile                                       : loaded 2 times (x 72B)
Class org.bouncycastle.jcajce.provider.config.ConfigurableProvider                    : loaded 2 times (x 72B)
Class com.android.build.api.dsl.DynamicFeatureBaseFlavor                              : loaded 2 times (x 72B)
Class com.android.builder.core.ComponentTypeImpl                                      : loaded 2 times (x 106B)
Class [Lorg.jetbrains.kotlin.gradle.dsl.JvmTarget;                                    : loaded 2 times (x 71B)
Class org.jetbrains.kotlin.gradle.plugin.mpp.KotlinUsages$KotlinMetadataCompatibility : loaded 2 times (x 78B)
Class org.jetbrains.kotlin.build.report.metrics.SHRINK_AND_SAVE_CURRENT_CLASSPATH_SNAPSHOT_AFTER_COMPILATION: loaded 2 times (x 74B)
Class org.jetbrains.kotlin.gradle.internal.properties.PropertiesBuildService$property$1$1: loaded 2 times (x 77B)
Class org.jetbrains.kotlin.gradle.utils.ConfigurationsKt$maybeCreateResolvable$1      : loaded 2 times (x 80B)
Class org.jetbrains.kotlin.tooling.core.Extras$Type                                   : loaded 2 times (x 74B)
Class org.jetbrains.kotlin.gradle.plugin.mpp.AbstractKotlinCompilationToRunnableFiles : loaded 2 times (x 198B)
Class com.android.build.gradle.internal.plugins.BasePlugin$versionedSdkLoaderService$2$1$1: loaded 2 times (x 81B)
Class com.android.build.gradle.internal.services.Aapt2DaemonBuildService$Parameters_Decorated: loaded 2 times (x 129B)
Class com.google.protobuf.GeneratedMessageV3$ExtendableBuilder                        : loaded 2 times (x 319B)
Class com.google.protobuf.ByteString$ByteArrayCopier                                  : loaded 2 times (x 72B)
Class com.google.protobuf.GeneratedMessageV3$ExtendableMessage                        : loaded 2 times (x 214B)
Class com.sun.xml.bind.v2.runtime.reflect.ListTransducedAccessorImpl                  : loaded 2 times (x 82B)
Class com.android.build.gradle.internal.res.Aapt2FromMaven$Companion$Aapt2Extractor   : loaded 2 times (x 80B)
Class javax.xml.bind.PropertyException                                                : loaded 2 times (x 87B)
Class com.android.build.gradle.internal.plugins.AndroidPluginBaseServices$syncIssueReporter$2$1: loaded 2 times (x 81B)
Class com.android.build.gradle.internal.plugins.BasePlugin$extensionData$2            : loaded 2 times (x 81B)
Class com.android.build.api.variant.HasAndroidTestBuilder                             : loaded 2 times (x 72B)
Class jdk.internal.jimage.ImageReader$LinkNode                                        : loaded 2 times (x 86B)
Class org.jetbrains.plugins.gradle.model.ExternalLibraryDependency                    : loaded 2 times (x 72B)
Class kotlin.text.Regex$Companion                                                     : loaded 2 times (x 73B)
Class org.gradle.internal.classpath.TransformedClassPath                              : loaded 2 times (x 98B)
Class org.gradle.internal.classloader.InstrumentingClassLoader                        : loaded 2 times (x 72B)
Class com.google.wireless.android.sdk.stats.PlayPolicyInsightsUsageEvent              : loaded 2 times (x 203B)
Class com.google.wireless.android.sdk.stats.GradleJdkConfigurationEvent               : loaded 2 times (x 197B)
Class com.google.wireless.android.sdk.stats.SdkIndexProjectStats                      : loaded 2 times (x 209B)
Class com.google.wireless.android.sdk.stats.AndroidStudioEvent$1                      : loaded 2 times (x 78B)
Class com.google.common.hash.Hashing$Sha256Holder                                     : loaded 2 times (x 73B)
Class com.sun.xml.bind.v2.runtime.unmarshaller.TagName                                : loaded 2 times (x 77B)
Class com.android.build.gradle.internal.scope.BootClasspathBuilder$computeClasspath$1$1: loaded 2 times (x 81B)
Class com.sun.xml.bind.v2.runtime.unmarshaller.ProxyLoader                            : loaded 2 times (x 80B)
Class com.sun.xml.bind.v2.model.core.ArrayInfo                                        : loaded 2 times (x 72B)
Class com.android.repository.impl.generated.generic.v1.package-info                   : loaded 2 times (x 72B)
Class com.android.repository.impl.generated.v2.ChannelType                            : loaded 2 times (x 85B)
Class com.android.sdklib.repository.generated.common.v2.package-info                  : loaded 2 times (x 72B)
Class com.android.build.gradle.internal.utils.ConsoleProgressIndicatorFactory         : loaded 2 times (x 74B)
Class com.google.wireless.android.sdk.stats.GradleBuildVariant$KotlinOptions$Builder  : loaded 2 times (x 300B)
Class com.android.build.gradle.internal.publishing.VariantSpecBuilderImpl             : loaded 2 times (x 92B)
Class com.android.build.gradle.internal.utils.D8BackportedMethodsGenerator$Inject_1   : loaded 2 times (x 111B)
Class com.android.build.gradle.internal.dependency.RecalculateStackFramesTransform$Companion: loaded 2 times (x 73B)
Class com.android.build.gradle.internal.dependency.CollectResourceSymbolsTransform    : loaded 2 times (x 80B)
Class com.android.build.gradle.internal.tasks.SdkDependencyDataGeneratorTask$CreationAction$handleProvider$1: loaded 2 times (x 133B)
Class com.android.build.gradle.internal.tasks.UninstallTask$CreationAction            : loaded 2 times (x 93B)
Class com.android.build.gradle.internal.tasks.InstallVariantTask$CreationAction       : loaded 2 times (x 93B)
Class com.android.build.gradle.internal.scope.InternalArtifactType$NATIVE_DEBUG_METADATA: loaded 2 times (x 76B)
Class com.android.build.gradle.internal.tasks.DexArchiveBuilderTask$CreationAction$handleProvider$5: loaded 2 times (x 80B)
Class com.android.build.gradle.tasks.TransformClassesWithAsmTask$CreationAction       : loaded 2 times (x 95B)
Class org.jetbrains.kotlin.gradle.plugin.sources.FragmentConsistencyChecks$optInAnnotationsCheck$2: loaded 2 times (x 80B)
Class com.android.build.api.artifact.MultipleArtifact$PRE_COMPILATION_CLASSES         : loaded 2 times (x 76B)
Class com.android.build.gradle.tasks.ManifestProcessor                                : loaded 2 times (x 72B)
Class com.android.build.gradle.internal.TaskManager$createCompileAnchorTask$1         : loaded 2 times (x 76B)
Class com.android.build.gradle.internal.TaskManager$AbstractPreBuildCreationAction    : loaded 2 times (x 93B)
Class com.android.build.api.artifact.Artifact$Transformable                           : loaded 2 times (x 72B)
Class com.google.wireless.android.sdk.stats.ArtifactAccess                            : loaded 2 times (x 201B)
Class com.google.wireless.android.sdk.stats.ArtifactAccessOrBuilder                   : loaded 2 times (x 72B)
Class com.android.build.gradle.internal.component.DeviceTestCreationConfig            : loaded 2 times (x 72B)
Class com.android.build.gradle.internal.testsuites.impl.TestSuiteBuilderImpl$Companion: loaded 2 times (x 73B)
Class com.android.build.gradle.internal.dsl.CompileSdkSpecImpl$AgpDecorated           : loaded 2 times (x 95B)
Class com.android.build.gradle.internal.SdkLocator$SdkLocationSource$LOCAL_SDK_DIR    : loaded 2 times (x 82B)
Class com.android.buildanalyzer.common.TaskCategory                                   : loaded 2 times (x 81B)
Class com.android.build.gradle.internal.tasks.UsesAnalytics                           : loaded 2 times (x 72B)
Class com.android.build.gradle.internal.tasks.SigningConfigUtils                      : loaded 2 times (x 73B)
Class com.android.build.gradle.internal.dsl.BundleOptionsDeviceTier$AgpDecorated      : loaded 2 times (x 87B)
Class com.android.build.gradle.internal.dsl.EmulatorControl$AgpDecorated_Decorated    : loaded 2 times (x 135B)
Class com.android.build.gradle.internal.dsl.CommonExtensionImpl$compileSdkDelegate$1  : loaded 2 times (x 81B)
Class com.android.build.gradle.internal.dsl.BaselineProfileImpl$AgpDecorated          : loaded 2 times (x 86B)
Class com.android.build.gradle.internal.dsl.decorator.DslDecorator$CollectingInfoVisitor: loaded 2 times (x 77B)
Class com.android.build.gradle.internal.dsl.decorator.DslDecorator$Companion          : loaded 2 times (x 73B)
Class com.android.build.api.dsl.AnnotationProcessorOptions                            : loaded 2 times (x 72B)
Class com.android.builder.model.BuildType                                             : loaded 2 times (x 72B)
Class org.jetbrains.kotlin.gradle.plugin.internal.BuildIdentifierAccessor             : loaded 2 times (x 72B)
Class org.jetbrains.kotlin.gradle.plugin.statistics.BuildFusServiceKt                 : loaded 2 times (x 73B)
Class org.jetbrains.kotlin.gradle.plugin.BuildFinishedListenerService$Companion       : loaded 2 times (x 73B)
Class org.jetbrains.kotlin.gradle.plugin.BuildFinishedListenerService                 : loaded 2 times (x 82B)
Class org.jetbrains.kotlin.gradle.plugin.KotlinBaseApiPlugin$kotlinExtension$2        : loaded 2 times (x 81B)
Class com.android.build.gradle.internal.plugins.BasePlugin$versionedSdkLoaderService$2$1$2: loaded 2 times (x 81B)
Class com.android.build.gradle.internal.AvdComponentsBuildService$Parameters_Decorated: loaded 2 times (x 159B)
Class com.android.build.gradle.internal.plugins.BasePlugin$configureProject$1         : loaded 2 times (x 77B)
Class com.android.build.gradle.internal.services.StringCachingBuildService$RegistrationAction: loaded 2 times (x 76B)
Class [Lcom.google.protobuf.Descriptors$EnumValueDescriptor;                          : loaded 2 times (x 71B)
Class org.objectweb.asm.tree.ClassNode                                                : loaded 2 times (x 92B)
Class com.google.wireless.android.sdk.stats.EditorCompletionStatsOrBuilder            : loaded 2 times (x 72B)
Class com.google.protobuf.AbstractParser                                              : loaded 2 times (x 152B)
Class com.google.common.collect.AbstractBiMap$Inverse                                 : loaded 2 times (x 164B)
Class com.android.build.gradle.options.IntegerOption                                  : loaded 2 times (x 87B)
Class kotlin.sequences.SequencesKt___SequencesKt$flatMap$2                            : loaded 2 times (x 131B)
Class com.android.build.gradle.internal.core.dsl.ComponentDslInfo                     : loaded 2 times (x 72B)
Class com.android.build.api.variant.AndroidComponents                                 : loaded 2 times (x 72B)
Class com.android.build.gradle.internal.plugins.BasePlugin                            : loaded 2 times (x 96B)
Class jdk.internal.jrtfs.SystemImage$1                                                : loaded 2 times (x 80B)
Class org.gradle.accessors.dm.LibrariesForLibs$AndroidxLifecycleRuntimeLibraryAccessors: loaded 2 times (x 80B)
Class com.amazon.ion.IonValue                                                         : loaded 2 times (x 72B)
Class com.google.common.collect.ImmutableRangeSet$AsSet                               : loaded 2 times (x 302B)
Class kotlin.jvm.internal.FunctionReference                                           : loaded 2 times (x 128B)
Class [Lkotlin.coroutines.intrinsics.CoroutineSingletons;                             : loaded 2 times (x 71B)
Class kotlin.jvm.internal.FunctionBase                                                : loaded 2 times (x 72B)
Class kotlin.enums.EnumEntriesList                                                    : loaded 2 times (x 225B)
Class com.google.wireless.android.sdk.stats.AndroidStudioEvent$2                      : loaded 2 times (x 153B)
Class com.google.wireless.android.sdk.stats.StartupEventOrBuilder                     : loaded 2 times (x 72B)
Class com.google.wireless.android.sdk.stats.StudioCrashOrBuilder                      : loaded 2 times (x 72B)
Class com.google.wireless.android.sdk.stats.WearHealthServicesEventOrBuilder          : loaded 2 times (x 72B)
Class com.google.wireless.android.sdk.stats.DeviceMirroringSessionOrBuilder           : loaded 2 times (x 72B)
Class com.google.wireless.android.sdk.stats.WearPairingEventOrBuilder                 : loaded 2 times (x 72B)
Class com.google.wireless.android.sdk.stats.BuildAttributionUiEventOrBuilder          : loaded 2 times (x 72B)
Class com.google.wireless.android.sdk.stats.AppInspectionEventOrBuilder               : loaded 2 times (x 72B)
Class com.google.wireless.android.sdk.stats.EmulatorWindowsHypervisorMigrationEventOrBuilder: loaded 2 times (x 72B)
Class com.google.wireless.android.sdk.stats.CreateDiagnosticReportActionOrBuilder     : loaded 2 times (x 72B)
Class com.google.common.collect.Ordering                                              : loaded 2 times (x 116B)
Class org.jetbrains.plugins.gradle.tooling.serialization.internal.IdeaProjectSerializationService: loaded 2 times (x 79B)
Class com.android.build.gradle.internal.feature.BundleAllClasses_Decorated            : loaded 2 times (x 387B)
Class com.android.build.gradle.internal.ide.v2.VariantImpl$Companion                  : loaded 2 times (x 73B)
Class org.jetbrains.kotlin.gradle.tasks.AbstractKotlinCompileTool$sources$1           : loaded 2 times (x 81B)
Class com.android.build.gradle.tasks.JdkImageInput$generatedModuleFile$1              : loaded 2 times (x 76B)
Class com.sun.xml.bind.v2.runtime.reflect.PrimitiveArrayListerShort                   : loaded 2 times (x 78B)
Class com.sun.xml.bind.v2.runtime.reflect.NullSafeAccessor                            : loaded 2 times (x 87B)
Class com.sun.xml.bind.v2.runtime.property.AttributeProperty                          : loaded 2 times (x 107B)
Class com.sun.xml.bind.v2.model.annotation.LocatableAnnotation                        : loaded 2 times (x 87B)
Class com.android.repository.api.License                                              : loaded 2 times (x 87B)
Class com.android.sdklib.repository.generated.addon.v2.package-info                   : loaded 2 times (x 72B)
Class org.jetbrains.kotlin.idea.projectModel.KotlinTaskProperties                     : loaded 2 times (x 72B)
Class [Lcom.android.tools.utp.gradle.api.UtpDependency;                               : loaded 2 times (x 71B)
Class com.android.build.gradle.internal.tasks.SdkDependencyDataGeneratorTask$CreationAction$handleProvider$2: loaded 2 times (x 133B)
Class com.android.build.gradle.internal.tasks.BaseTask$CreationAction                 : loaded 2 times (x 92B)
Class org.gradle.accessors.dm.LibrariesForLibsInPluginsBlock$PluginAccessors          : loaded 2 times (x 79B)
Class com.android.build.gradle.internal.tasks.DexArchiveBuilderTask$CreationAction$handleProvider$6: loaded 2 times (x 133B)
Class com.android.build.gradle.internal.tasks.factory.features.InstrumentationTaskCreationActionImpl: loaded 2 times (x 77B)
Class org.jetbrains.kotlin.gradle.plugin.mpp.compilationImpl.factory.DefaultKotlinCompilationOutputFactory: loaded 2 times (x 76B)
Class org.jetbrains.kotlin.gradle.tasks.configuration.TaskConfigAction                : loaded 2 times (x 74B)
Class com.android.build.api.artifact.impl.MultipleArtifactContainer                   : loaded 2 times (x 77B)
Class com.android.build.api.variant.impl.JniLibsPackagingImpl$keepDebugSymbols$1      : loaded 2 times (x 77B)
Class com.android.build.gradle.internal.dependency.ProvidedClasspathSubtractor$getFileCollection$1: loaded 2 times (x 77B)
Class com.android.build.api.component.analytics.AnalyticsEnabledScopedArtifacts       : loaded 2 times (x 78B)
Class com.android.build.api.component.analytics.AnalyticsEnabledApplicationVariant    : loaded 2 times (x 233B)
Class com.android.build.api.component.analytics.AnalyticsEnabledVariant               : loaded 2 times (x 164B)
Class com.android.build.api.component.analytics.AnalyticsEnabledComponent             : loaded 2 times (x 119B)
Class com.android.build.api.component.impl.DeviceTestImpl$instrumentationRunnerArguments$2: loaded 2 times (x 81B)
Class com.android.build.gradle.internal.core.dsl.impl.ApplicationVariantDslInfoImpl$computeVersionNameSuffix$2: loaded 2 times (x 80B)
Class com.android.build.api.component.impl.ComponentImpl$androidResourcesCreationConfig$2: loaded 2 times (x 81B)
Class com.android.build.gradle.internal.variant.VariantPathHelper$Companion           : loaded 2 times (x 73B)
Class com.android.build.gradle.internal.attributes.VariantAttr$Companion              : loaded 2 times (x 73B)
Class com.android.build.api.extension.impl.CurrentAndroidGradlePluginVersion          : loaded 2 times (x 73B)
Class com.android.build.gradle.internal.services.VariantServices                      : loaded 2 times (x 72B)
Class com.android.build.gradle.internal.CompileOptions$Companion                      : loaded 2 times (x 73B)
Class com.android.build.gradle.internal.dsl.decorator.ApplicationInstallationImpl$AgpDecorated: loaded 2 times (x 101B)
Class com.android.build.gradle.internal.dsl.CommonExtensionImpl$compileSdkDelegate$2  : loaded 2 times (x 81B)
Class com.android.builder.core.DefaultVectorDrawablesOptions                          : loaded 2 times (x 82B)
Class com.android.build.gradle.internal.dsl.BaselineProfileImpl                       : loaded 2 times (x 81B)
Class com.android.build.gradle.internal.dsl.ExternalNativeBuild                       : loaded 2 times (x 93B)
Class com.android.build.gradle.internal.dsl.decorator.LockableMap                     : loaded 2 times (x 129B)
Class com.android.build.gradle.internal.dsl.BuildType                                 : loaded 2 times (x 370B)
Class org.jetbrains.kotlin.gradle.plugin.KotlinSourceSetTree                          : loaded 2 times (x 74B)
Class org.jetbrains.kotlin.gradle.plugin.sources.KotlinSourceSetFactory               : loaded 2 times (x 82B)
Class org.jetbrains.kotlin.gradle.targets.native.toolchain.KotlinNativeBundleBuildService$Parameters_Decorated: loaded 2 times (x 141B)
Class org.jetbrains.kotlin.gradle.internal.ClassLoadersCachingBuildService$Companion  : loaded 2 times (x 73B)
Class org.jetbrains.kotlin.build.report.metrics.KLIB_WRITING_LPS                      : loaded 2 times (x 74B)
Class org.jetbrains.kotlin.gradle.internal.IdeaKt$isInIdeaSync$1                      : loaded 2 times (x 76B)
Class com.android.build.gradle.internal.plugins.BasePlugin$configureProject$2         : loaded 2 times (x 77B)
Class com.google.protobuf.UnsafeUtil$MemoryAccessor                                   : loaded 2 times (x 93B)
Class com.google.wireless.android.sdk.stats.JavaProcessStats$1                        : loaded 2 times (x 153B)
Class com.android.build.gradle.options.SyncOptions$EvaluationMode                     : loaded 2 times (x 81B)
Class com.google.protobuf.GeneratedMessage$GeneratedExtension                         : loaded 2 times (x 89B)
Class com.android.build.gradle.internal.profile.AnalyticsConfiguratorService$Params_Decorated: loaded 2 times (x 132B)
Class com.google.gson.internal.bind.TypeAdapters$33                                   : loaded 2 times (x 78B)
Class com.google.gson.JsonSerializer                                                  : loaded 2 times (x 72B)
Class [Lcom.android.ide.common.blame.Message$Kind;                                    : loaded 2 times (x 71B)
Class com.google.protobuf.UnknownFieldSet                                             : loaded 2 times (x 89B)
Class com.android.build.gradle.internal.errors.MessageReceiverImpl                    : loaded 2 times (x 77B)
Class com.android.build.gradle.internal.variant.VariantInputModel                     : loaded 2 times (x 72B)
Class jdk.internal.jrtfs.SystemImage$2                                                : loaded 2 times (x 78B)
Class org.gradle.accessors.dm.LibrariesForLibsInPluginsBlock$HiltAndroidLibraryAccessors: loaded 2 times (x 85B)
Class org.gradle.accessors.dm.LibrariesForLibs$SupabaseLibraryAccessors               : loaded 2 times (x 80B)
Class com.amazon.ion.impl.bin.IonRawBinaryWriter$ContainerType                        : loaded 2 times (x 81B)
Class com.amazon.ion.impl._Private_IonTextWriterBuilder$Mutable                       : loaded 2 times (x 103B)
Class kotlin.comparisons.ComparisonsKt___ComparisonsJvmKt                             : loaded 2 times (x 73B)
Class kotlin.collections.CollectionsKt__IteratorsJVMKt                                : loaded 2 times (x 73B)
Class com.google.wireless.android.sdk.stats.NonTransitiveRClassMigrationEvent         : loaded 2 times (x 202B)
Class com.google.wireless.android.sdk.stats.K2ModeEvent                               : loaded 2 times (x 197B)
Class com.google.wireless.android.sdk.stats.MarketingEmailEvent                       : loaded 2 times (x 201B)
Class com.google.wireless.android.sdk.stats.AvdLaunchEvent                            : loaded 2 times (x 199B)
Class com.google.wireless.android.sdk.stats.K2ModeEventOrBuilder                      : loaded 2 times (x 72B)
Class com.google.wireless.android.sdk.stats.GradleCppSyncStatsOrBuilder               : loaded 2 times (x 72B)
Class com.google.common.hash.MessageDigestHashFunction$MessageDigestHasher            : loaded 2 times (x 149B)
Class com.android.build.gradle.internal.testFixtures.TestFixturesUtil                 : loaded 2 times (x 73B)
Class [Lorg.objectweb.asm.Attribute;                                                  : loaded 2 times (x 71B)
Class com.google.devtools.ksp.gradle.KspAATask$Companion$registerKspAATask$kspTaskProvider$1$EntriesMappings: loaded 2 times (x 73B)
Class com.google.wireless.android.sdk.stats.GradleBuildProfile$Builder                : loaded 2 times (x 349B)
Class org.jetbrains.kotlin.gradle.utils.ProviderApiUtilsKt$mapOrNull$1$1              : loaded 2 times (x 77B)
Class [Lorg.jetbrains.kotlin.build.report.metrics.BuildAttribute;                     : loaded 2 times (x 71B)
Class com.android.build.gradle.internal.ide.v2.SourceSetContainerImpl$Companion       : loaded 2 times (x 73B)
Class com.google.protobuf.Descriptors$EnumDescriptor                                  : loaded 2 times (x 81B)
Class com.sun.xml.bind.v2.runtime.property.ArrayElementLeafProperty                   : loaded 2 times (x 107B)
Class com.android.sdklib.repository.generated.common.v1.ApiDetailsType                : loaded 2 times (x 115B)
Class javax.xml.bind.annotation.adapters.XmlJavaTypeAdapter$DEFAULT                   : loaded 2 times (x 73B)
Class com.sun.xml.bind.v2.model.impl.ElementPropertyInfoImpl$1                        : loaded 2 times (x 202B)
Class com.sun.xml.bind.v2.model.impl.ERPropertyInfoImpl                               : loaded 2 times (x 110B)
Class com.sun.xml.bind.v2.model.impl.RuntimeBuiltinLeafInfoImpl$1                     : loaded 2 times (x 78B)
Class com.android.build.gradle.internal.utils.ConsoleProgressIndicatorFactory$isTerminalSmart$2$1: loaded 2 times (x 76B)
Class [Lcom.google.protobuf.Descriptors$OneofDescriptor;                              : loaded 2 times (x 71B)
Class org.jetbrains.kotlin.tooling.core.TypeUtils                                     : loaded 2 times (x 73B)
Class com.google.wireless.android.sdk.stats.AndroidStudioEvent$IdeBrand               : loaded 2 times (x 89B)
Class com.android.build.gradle.internal.publishing.VariantPublishingSpecImpl          : loaded 2 times (x 79B)
Class com.android.build.gradle.internal.dependency.ExtractProGuardRulesTransform$Inject_1: loaded 2 times (x 111B)
Class com.android.build.gradle.internal.tasks.BundleToStandaloneApkTask$CreationAction$handleProvider$1: loaded 2 times (x 133B)
Class com.android.build.gradle.internal.tasks.MergeArtProfileTask$CreationAction$handleProvider$1: loaded 2 times (x 133B)
Class com.android.build.gradle.tasks.PackageAndroidArtifact$Companion                 : loaded 2 times (x 73B)
Class com.android.build.api.variant.impl.SigningConfigImpl$enableV1Signing$1          : loaded 2 times (x 77B)
Class com.android.build.gradle.internal.tasks.DexArchiveBuilderTask$CreationAction$handleProvider$7: loaded 2 times (x 133B)
Class com.android.build.api.artifact.impl.InternalScopedArtifact$FINAL_TRANSFORMED_CLASSES: loaded 2 times (x 76B)
Class org.jetbrains.kotlin.gradle.plugin.mpp.InternalKotlinCompilationKt              : loaded 2 times (x 73B)
Class org.jetbrains.kotlin.gradle.plugin.mpp.compilationImpl.KotlinCompilationImpl$attributes$2: loaded 2 times (x 81B)
Class org.jetbrains.kotlin.gradle.tasks.configuration.AbstractKotlinCompileConfig     : loaded 2 times (x 74B)
Class com.android.build.gradle.internal.scope.InternalArtifactType$RUNTIME_APP_CLASSES_JAR: loaded 2 times (x 76B)
Class com.android.build.api.variant.SourceDirectories$Flat                            : loaded 2 times (x 72B)
Class com.android.build.api.variant.impl.ResourcesPackagingImpl$pickFirsts$1          : loaded 2 times (x 77B)
Class com.android.build.gradle.internal.TaskManager$createProcessJavaResTask$taskConfig$1: loaded 2 times (x 98B)
Class com.android.build.gradle.tasks.ProcessAndroidResources                          : loaded 2 times (x 340B)
Class com.android.build.gradle.tasks.MergeSourceSetFolders$CreationAction             : loaded 2 times (x 93B)
Class com.android.build.gradle.tasks.ProcessManifestForMetadataFeatureTask            : loaded 2 times (x 339B)
Class com.android.build.gradle.internal.scope.InternalArtifactType$COMPATIBLE_SCREEN_MANIFEST: loaded 2 times (x 76B)
Class com.android.build.api.component.analytics.AnalyticsEnabledUnitTest              : loaded 2 times (x 131B)
Class com.android.build.gradle.internal.variant.BaseVariantData$DiscoverableFilterType$ABI: loaded 2 times (x 82B)
Class com.android.build.gradle.internal.core.PostProcessingOptions                    : loaded 2 times (x 72B)
Class com.android.build.gradle.internal.core.MergedJavaCompileOptions                 : loaded 2 times (x 85B)
Class com.android.build.gradle.internal.core.dsl.impl.ApplicationVariantDslInfoImpl   : loaded 2 times (x 200B)
Class org.jetbrains.kotlin.gradle.plugin.AndroidGradlePluginVersionKt                 : loaded 2 times (x 73B)
Class com.android.build.gradle.internal.dsl.MinSdkProperties                          : loaded 2 times (x 72B)
Class com.android.build.gradle.internal.dsl.decorator.DslDecorator$Companion$lookupDefineClassMethod$2: loaded 2 times (x 80B)
Class org.jetbrains.kotlin.compilerRunner.btapi.UsesBuildSessionService               : loaded 2 times (x 72B)
Class org.jetbrains.kotlin.build.report.metrics.NON_INCREMENTAL_COMPILATION_IN_PROCESS: loaded 2 times (x 74B)
Class org.jetbrains.kotlin.build.report.metrics.COMPILER_PERFORMANCE                  : loaded 2 times (x 74B)
Class org.jetbrains.kotlin.gradle.utils.IsolatedKotlinClasspathClassCastException     : loaded 2 times (x 84B)
Class com.android.build.gradle.internal.plugins.BasePlugin$configureProject$3         : loaded 2 times (x 79B)
Class com.android.build.gradle.internal.ide.dependencies.MavenCoordinatesCacheBuildService: loaded 2 times (x 82B)
Class com.google.protobuf.ByteString$ByteIterator                                     : loaded 2 times (x 72B)
Class com.google.protobuf.DescriptorProtos$FieldDescriptorProto                       : loaded 2 times (x 223B)
Class com.google.protobuf.DescriptorProtos$FieldDescriptorProtoOrBuilder              : loaded 2 times (x 72B)
Class com.android.builder.profile.AnalyticsProfileWriter                              : loaded 2 times (x 74B)
Class com.android.build.gradle.internal.utils.AnalyticsEnabledValueSource             : loaded 2 times (x 80B)
Class org.jetbrains.kotlin.gradle.report.ConfigureReporingKt                          : loaded 2 times (x 73B)
Class org.jetbrains.kotlin.build.report.metrics.LOAD_SHRUNK_PREVIOUS_CLASSPATH_SNAPSHOT: loaded 2 times (x 74B)
Class com.android.build.gradle.internal.plugins.BasePlugin$buildOutputs$2             : loaded 2 times (x 81B)
Class com.android.build.gradle.internal.plugins.AndroidPluginBaseServices$androidProblemReporterProviderService$2: loaded 2 times (x 81B)
Class com.android.build.gradle.internal.component.ApkCreationConfig                   : loaded 2 times (x 72B)
Class com.android.build.gradle.internal.services.RunOnceBuildServiceImpl$RegistrationAction: loaded 2 times (x 75B)
Class org.jetbrains.kotlin.idea.gradleTooling.KotlinSourceSetContainer                : loaded 2 times (x 72B)
Class io.opentelemetry.context.ContextStorageWrappers                                 : loaded 2 times (x 73B)
Class io.opentelemetry.context.propagation.DefaultContextPropagators                  : loaded 2 times (x 77B)
Class org.jetbrains.plugins.gradle.model.IntelliJSettings                             : loaded 2 times (x 72B)
Class kotlin.Result                                                                   : loaded 2 times (x 74B)
Class org.gradle.internal.service.ServiceLocator                                      : loaded 2 times (x 72B)
Class com.google.wireless.android.sdk.stats.AndroidStudioEvent$EventCategory          : loaded 2 times (x 89B)
Class com.google.wireless.android.sdk.stats.AssetStudioWizardEvent                    : loaded 2 times (x 199B)
Class com.google.wireless.android.sdk.stats.UIActionStats                             : loaded 2 times (x 209B)
Class com.google.wireless.android.sdk.stats.SafeModeStatsEventOrBuilder               : loaded 2 times (x 72B)
Class com.android.build.gradle.internal.ide.v2.ModelBuilder$buildProjectGraphModel$1$1$1: loaded 2 times (x 77B)
Class org.jetbrains.kotlin.gradle.tasks.DefaultKotlinJavaToolchain$DefaultJavaToolchainSetter$useAsConvention$1: loaded 2 times (x 77B)
Class org.jetbrains.kotlin.gradle.plugin.KotlinCompilerArgumentsProducer$CreateCompilerArgumentsContext: loaded 2 times (x 72B)
Class com.android.build.gradle.internal.SdkDirectLoadingStrategy$DirectLoadComponents : loaded 2 times (x 74B)
Class com.sun.xml.bind.v2.runtime.CompositeStructureBeanInfo                          : loaded 2 times (x 100B)
Class com.sun.xml.bind.v2.runtime.property.ArrayERProperty                            : loaded 2 times (x 106B)
Class com.android.sdklib.repository.generated.sysimg.v1.SysImgDetailsType             : loaded 2 times (x 147B)
Class javax.xml.bind.annotation.XmlElementDecl$GLOBAL                                 : loaded 2 times (x 73B)
Class com.sun.xml.bind.v2.model.impl.RuntimeBuiltinLeafInfoImpl$2                     : loaded 2 times (x 138B)
Class com.sun.xml.bind.v2.util.QNameMap$Entry                                         : loaded 2 times (x 74B)
Class com.android.build.gradle.internal.SdkComponentsBuildService$VersionedSdkLoader$buildToolInfoProvider$1: loaded 2 times (x 77B)
Class org.jetbrains.kotlin.gradle.report.ReportingSettings$Companion                  : loaded 2 times (x 73B)
Class com.google.common.collect.HashBiMap$BiEntry                                     : loaded 2 times (x 84B)
Class com.android.build.gradle.internal.scope.InternalArtifactType$RENDERSCRIPT_HEADERS: loaded 2 times (x 76B)
Class com.android.build.gradle.internal.dsl.VariantOutputFactory                      : loaded 2 times (x 75B)
Class com.android.build.gradle.tasks.RenderscriptCompile                              : loaded 2 times (x 353B)
Class com.android.build.gradle.internal.test.AbstractTestDataImpl$testDirectories$1$1 : loaded 2 times (x 81B)
Class com.android.build.gradle.tasks.ProcessTestManifestPackaging$CreationAction      : loaded 2 times (x 92B)
Class com.android.build.gradle.internal.tasks.MergeNativeDebugMetadataTask$CreationAction$handleProvider$1: loaded 2 times (x 133B)
Class com.android.build.gradle.internal.tasks.BundleToStandaloneApkTask$CreationAction$handleProvider$2: loaded 2 times (x 77B)
Class com.android.build.gradle.internal.tasks.ParseIntegrityConfigTask                : loaded 2 times (x 337B)
Class com.android.build.gradle.internal.tasks.StripDebugSymbolsTask                   : loaded 2 times (x 344B)
Class com.android.build.gradle.internal.tasks.DexArchiveBuilderTask$CreationAction$handleProvider$8: loaded 2 times (x 133B)
Class com.android.build.gradle.internal.TaskManager$maybeCreateTransformClassesWithAsmTask$1: loaded 2 times (x 80B)
Class org.jetbrains.kotlin.compose.compiler.gradle.ComposeCompilerGradleSubplugin$applyToCompilation$allPluginProperties$1$10: loaded 2 times (x 78B)
Class com.android.build.gradle.tasks.JavaPreCompileTask$CreationAction$handleProvider$1: loaded 2 times (x 80B)
Class com.android.build.api.variant.impl.SourcesImpl$aidl$2                           : loaded 2 times (x 81B)
Class com.android.build.api.variant.impl.FileBasedFileEntry$asFile$1                  : loaded 2 times (x 77B)
Class com.android.build.gradle.internal.scope.InternalArtifactType$DATA_BINDING_LAYOUT_INFO_TYPE_MERGE: loaded 2 times (x 76B)
Class com.android.build.api.component.impl.features.InstrumentationCreationConfigImpl$instrumentation$2: loaded 2 times (x 81B)
Class com.android.build.gradle.internal.variant.BaseVariantData$Companion             : loaded 2 times (x 73B)
Class com.android.build.gradle.internal.dependency.ResolutionResultProvider           : loaded 2 times (x 72B)
Class com.android.build.api.component.impl.features.CommonOptimizationDslInfoImpl     : loaded 2 times (x 100B)
Class com.android.build.api.artifact.impl.ArtifactNamingContext                       : loaded 2 times (x 74B)
Class org.jetbrains.kotlin.gradle.plugin.mpp.KotlinTargetComponentWithPublication     : loaded 2 times (x 72B)
Class com.android.build.api.dsl.ExternalNativeBuild                                   : loaded 2 times (x 72B)
Class com.android.build.gradle.internal.dsl.BundleOptionsDensity                      : loaded 2 times (x 79B)
Class com.android.build.api.dsl.Bundle                                                : loaded 2 times (x 72B)
Class com.android.build.gradle.internal.dsl.decorator.SupportedPropertyType$Collection$List: loaded 2 times (x 76B)
Class com.android.build.api.dsl.LibraryProductFlavor                                  : loaded 2 times (x 72B)
Class org.jetbrains.kotlin.build.report.metrics.NATIVE_IN_PROCESS                     : loaded 2 times (x 74B)
Class com.android.build.gradle.internal.plugins.BasePlugin$configureProject$4         : loaded 2 times (x 76B)
Class com.android.repository.Revision                                                 : loaded 2 times (x 89B)
Class org.jetbrains.kotlin.gradle.plugin.mpp.KotlinAndroidTargetVariantDslImpl        : loaded 2 times (x 77B)
Class com.google.protobuf.DescriptorProtos$SourceCodeInfoOrBuilder                    : loaded 2 times (x 72B)
Class com.android.build.gradle.internal.variant.AbstractVariantInputManager$Companion : loaded 2 times (x 73B)
Class com.android.build.gradle.internal.dsl.decorator.SupportedPropertyType$Collection$Map: loaded 2 times (x 76B)
Class com.android.build.gradle.internal.res.Aapt2FromMaven$Companion$create$aapt2Directory$1: loaded 2 times (x 76B)
Class com.android.build.gradle.internal.dsl.SplitOptions                              : loaded 2 times (x 90B)
Class com.android.ide.common.blame.Message$Kind$Companion                             : loaded 2 times (x 73B)
Class com.android.build.gradle.internal.dsl.LibraryPublishingImpl                     : loaded 2 times (x 88B)
Class com.android.build.gradle.internal.core.dsl.ConsumableComponentDslInfo           : loaded 2 times (x 72B)
Class com.android.build.gradle.internal.tasks.factory.GlobalTaskCreationConfigImpl    : loaded 2 times (x 137B)
Class com.android.build.gradle.internal.variant.AbstractVariantInputManager           : loaded 2 times (x 99B)
Class com.android.build.gradle.AbstractAppExtension                                   : loaded 2 times (x 217B)
Class com.android.build.gradle.BasePlugin                                             : loaded 2 times (x 78B)
Class jdk.internal.jrtfs.JrtFileSystemProvider                                        : loaded 2 times (x 103B)
Class com.amazon.ion.impl.IonWriterSystem                                             : loaded 2 times (x 172B)
Class com.amazon.ion.impl.bin.Symbols$2                                               : loaded 2 times (x 109B)
Class com.amazon.ion.impl.bin._Private_IonManagedWriter                               : loaded 2 times (x 72B)
Class com.intellij.gradle.toolingExtension.util.GradleVersionUtil                     : loaded 2 times (x 73B)
Class com.android.ide.gradle.model.GradlePropertiesModel                              : loaded 2 times (x 72B)
Class kotlin.sequences.TransformingSequence$iterator$1                                : loaded 2 times (x 81B)
Class kotlin.Pair                                                                     : loaded 2 times (x 74B)
Class org.gradle.tooling.internal.adapter.ProtocolToModelAdapter$SupportedPropertyInvoker: loaded 2 times (x 78B)
Class org.gradle.tooling.model.UnsupportedMethodException                             : loaded 2 times (x 84B)
Class com.google.wireless.android.sdk.stats.FileType                                  : loaded 2 times (x 203B)
Class com.google.wireless.android.sdk.stats.FastPreviewEvent                          : loaded 2 times (x 200B)
Class com.google.wireless.android.sdk.stats.DeviceScreenshotEvent                     : loaded 2 times (x 199B)
Class com.google.wireless.android.sdk.stats.EssentialsModeEventOrBuilder              : loaded 2 times (x 72B)
Class com.google.wireless.android.sdk.stats.HeapReportEventOrBuilder                  : loaded 2 times (x 72B)
Class com.google.wireless.android.sdk.stats.AutoImportEventOrBuilder                  : loaded 2 times (x 72B)
Class com.android.build.gradle.internal.dsl.ConfigurableFilesImpl                     : loaded 2 times (x 82B)
Class com.sun.xml.bind.v2.runtime.Name                                                : loaded 2 times (x 77B)
Class com.sun.xml.bind.v2.model.impl.RuntimeBuiltinLeafInfoImpl$3                     : loaded 2 times (x 138B)
Class com.sun.xml.bind.v2.model.core.BuiltinLeafInfo                                  : loaded 2 times (x 72B)
Class com.android.repository.impl.generated.v2.DependenciesType                       : loaded 2 times (x 77B)
Class com.android.sdklib.repository.AndroidSdkHandler$InstanceProvider                : loaded 2 times (x 72B)
Class com.android.sdklib.OptionalLibrary                                              : loaded 2 times (x 72B)
Class com.google.common.base.Enums$StringConverter                                    : loaded 2 times (x 92B)
Class kotlinx.coroutines.flow.FlowKt__TransformKt$onEach$$inlined$unsafeTransform$1   : loaded 2 times (x 77B)
Class com.google.common.cache.LocalCache$AbstractCacheSet                             : loaded 2 times (x 138B)
Class com.google.protobuf.CodedOutputStream$AbstractBufferedEncoder                   : loaded 2 times (x 111B)
Class [Lcom.google.protobuf.Descriptors$FieldDescriptor$JavaType;                     : loaded 2 times (x 71B)
Class com.android.build.api.variant.impl.ArtifactMetadataProcessor$Companion          : loaded 2 times (x 73B)
Class com.android.build.api.artifact.SingleArtifact$OBFUSCATION_MAPPING_PARTITION_FILE: loaded 2 times (x 76B)
Class com.android.build.gradle.internal.dependency.DexingOutputSplitTransform$Inject_1: loaded 2 times (x 111B)
Class com.android.build.gradle.internal.dependency.DexingNoClasspathTransform         : loaded 2 times (x 83B)
Class com.android.build.gradle.internal.dependency.MockableJarTransform$Parameters_Decorated: loaded 2 times (x 137B)
Class com.android.build.gradle.internal.api.DefaultAndroidSourceSet_Decorated         : loaded 2 times (x 274B)
Class com.android.build.gradle.internal.test.AbstractTestDataImpl$testDirectories$1$2 : loaded 2 times (x 81B)
Class com.android.build.api.variant.impl.SigningConfigImpl$keyAlias$1                 : loaded 2 times (x 77B)
Class com.android.build.gradle.internal.tasks.DexArchiveBuilderTask$CreationAction$handleProvider$9: loaded 2 times (x 80B)
Class com.android.build.gradle.internal.TaskManager$maybeCreateTransformClassesWithAsmTask$2: loaded 2 times (x 133B)
Class org.jetbrains.kotlin.gradle.plugin.KotlinCompilationWithResources               : loaded 2 times (x 72B)
Class org.jetbrains.kotlin.compose.compiler.gradle.ComposeCompilerGradleSubplugin$applyToCompilation$allPluginProperties$1$11: loaded 2 times (x 76B)
Class com.android.build.api.component.impl.DefaultSourcesProviderImpl$defaultAssetsSources$1: loaded 2 times (x 80B)
Class com.android.build.gradle.internal.res.GenerateLibraryRFileTask$CreationAction   : loaded 2 times (x 92B)
Class com.android.build.gradle.internal.scope.InternalArtifactType$MERGED_RES         : loaded 2 times (x 76B)
Class com.android.build.api.artifact.SingleArtifact$MERGED_MANIFEST                   : loaded 2 times (x 76B)
Class com.android.build.api.component.impl.OldVariantApiLegacySupportImpl$JavaCompileOptionsForOldVariantAPI$_annotationProcessorOptions$1: loaded 2 times (x 79B)
Class com.android.build.gradle.tasks.ExtractDeepLinksTask                             : loaded 2 times (x 341B)
Class com.android.build.gradle.internal.tasks.NonIncrementalTask                      : loaded 2 times (x 335B)
Class [Lcom.google.wireless.android.sdk.stats.GradleBuildVariant$DexBuilderTool;      : loaded 2 times (x 71B)
Class dagger.hilt.android.plugin.task.HiltCollectClassesTask                          : loaded 2 times (x 326B)
Class com.android.build.gradle.internal.core.dsl.impl.AndroidTestComponentDslInfoImpl$namespace$2: loaded 2 times (x 81B)
Class com.android.build.gradle.internal.core.MergedExternalNativeCmakeOptions         : loaded 2 times (x 88B)
Class com.android.build.api.component.impl.features.NativeBuildCreationConfigImpl     : loaded 2 times (x 83B)
Class com.android.build.api.variant.JavaCompilation                                   : loaded 2 times (x 72B)
Class com.android.build.api.variant.impl.VariantImpl                                  : loaded 2 times (x 371B)
Class com.google.wireless.android.sdk.stats.AsmFramesComputationModeUpdateOrBuilder   : loaded 2 times (x 72B)
Class com.android.build.api.variant.impl.InternalVariantBuilder                       : loaded 2 times (x 72B)
Class com.android.builder.model.LintOptions                                           : loaded 2 times (x 72B)
Class com.google.devtools.ksp.gradle.KspGradleSubplugin$apply$1                       : loaded 2 times (x 76B)
Class com.google.devtools.ksp.gradle.KspConfigurations                                : loaded 2 times (x 74B)
Class [Lcom.android.build.gradle.ProguardFiles$ProguardFile;                          : loaded 2 times (x 71B)
Class com.android.build.gradle.internal.ide.v2.NativeModelBuilder$scopes$2            : loaded 2 times (x 81B)
Class com.android.build.api.dsl.SingleVariant                                         : loaded 2 times (x 72B)
Class com.android.build.gradle.internal.dsl.BundleOptionsLanguage$AgpDecorated        : loaded 2 times (x 83B)
Class com.android.build.gradle.internal.dsl.BundleOptionsStoreArchive$AgpDecorated_Decorated: loaded 2 times (x 127B)
Class org.jetbrains.kotlin.gradle.plugin.KotlinTargetPreset                           : loaded 2 times (x 72B)
Class org.jetbrains.kotlin.gradle.utils.FileUtilsKt$localProperties$1                 : loaded 2 times (x 77B)
Class org.jetbrains.kotlin.compilerRunner.btapi.BuildSessionService$Companion$registerIfAbsent$1$1: loaded 2 times (x 81B)
Class org.jetbrains.kotlin.gradle.plugin.diagnostics.DefaultCompilerDiagnosticsProblemsReporter$Factory: loaded 2 times (x 78B)
Class org.jetbrains.kotlin.gradle.dsl.HasConfigurableKotlinCompilerOptions            : loaded 2 times (x 72B)
Class com.android.build.gradle.internal.plugins.BasePlugin$configureProject$5         : loaded 2 times (x 76B)
Class com.android.build.gradle.internal.lint.LintFixBuildService                      : loaded 2 times (x 77B)
Class com.google.protobuf.UnsafeUtil$1                                                : loaded 2 times (x 78B)
Class com.android.build.gradle.internal.errors.SyncIssueReporterImpl$GlobalSyncIssueService: loaded 2 times (x 84B)
Class com.android.build.gradle.LintLifecycleExtensionImpl_Decorated                   : loaded 2 times (x 126B)
Class com.google.wireless.android.sdk.stats.GradleBuildProject                        : loaded 2 times (x 261B)
Class com.google.wireless.android.sdk.stats.GradleBuildProfileSpan$ExecutionType      : loaded 2 times (x 89B)
Class com.android.build.gradle.internal.errors.DeprecationReporterImpl                : loaded 2 times (x 85B)
Class com.android.build.gradle.internal.errors.AndroidProblemReporterProvider$RegistrationAction: loaded 2 times (x 76B)
Class com.android.build.gradle.options.ProjectOptions                                 : loaded 2 times (x 74B)
Class com.android.build.gradle.internal.services.RunOnceBuildServiceImpl$ActionName   : loaded 2 times (x 74B)
Class org.gradle.accessors.dm.LibrariesForLibsInPluginsBlock$HiltLibraryAccessors     : loaded 2 times (x 79B)
Class com.amazon.ion.impl.lite.IonContainerLite                                       : loaded 2 times (x 250B)
Class com.amazon.ion.IonBufferConfiguration$OversizedSymbolTableHandler               : loaded 2 times (x 72B)
Class com.amazon.ion.system.IonWriterBuilder                                          : loaded 2 times (x 76B)
Class org.jetbrains.plugins.gradle.tooling.serialization.ToolingStreamApiUtils        : loaded 2 times (x 73B)
Class com.amazon.ion.facet.Faceted                                                    : loaded 2 times (x 72B)
Class kotlin.collections.CollectionsKt__MutableCollectionsKt                          : loaded 2 times (x 73B)
Class com.google.wireless.android.play.playlog.proto.ClientAnalytics$LogEvent$Builder : loaded 2 times (x 299B)
Class com.google.wireless.android.sdk.stats.SmlChatBotEventOrBuilder                  : loaded 2 times (x 72B)
Class com.google.wireless.android.sdk.stats.EmulatorDetailsOrBuilder                  : loaded 2 times (x 72B)
Class com.google.common.hash.AbstractHashFunction                                     : loaded 2 times (x 97B)
Class com.android.build.gradle.internal.ide.v2.ModelBuilder$buildProjectGraphModel$1  : loaded 2 times (x 81B)
Class com.android.build.gradle.internal.ide.v2.JavaCompileOptionsImpl                 : loaded 2 times (x 80B)
Class dagger.hilt.android.plugin.rules.HiltArtifactCompatibilityRule$Inject_          : loaded 2 times (x 111B)
Class com.android.build.gradle.internal.TaskManager$Companion$createTasksBeforeEvaluate$3: loaded 2 times (x 76B)
Class org.jetbrains.kotlin.gradle.tasks.DefaultKotlinJavaToolchain_Decorated          : loaded 2 times (x 124B)
Class org.jetbrains.kotlin.gradle.tasks.GradleCompileTaskProvider$special$$inlined$variantImplementationFactoryProvider$1: loaded 2 times (x 76B)
Class com.android.build.gradle.internal.scope.InternalArtifactType$BUILT_IN_KAPT_CLASSES_DIR: loaded 2 times (x 76B)
Class com.android.build.gradle.tasks.JdkImageInput                                    : loaded 2 times (x 77B)
Class com.sun.xml.bind.v2.model.runtime.RuntimeAttributePropertyInfo                  : loaded 2 times (x 72B)
Class com.sun.xml.bind.v2.model.impl.RuntimeBuiltinLeafInfoImpl$4                     : loaded 2 times (x 138B)
Class com.sun.xml.bind.v2.runtime.ClassBeanInfoImpl                                   : loaded 2 times (x 94B)
Class com.sun.xml.bind.v2.model.runtime.RuntimeNonElement                             : loaded 2 times (x 72B)
Class com.sun.xml.bind.v2.model.core.ErrorHandler                                     : loaded 2 times (x 72B)
Class javax.xml.bind.Marshaller                                                       : loaded 2 times (x 72B)
Class com.android.repository.impl.generated.v1.CompleteType                           : loaded 2 times (x 85B)
Class [Ljavax.xml.bind.annotation.XmlNsForm;                                          : loaded 2 times (x 71B)
Class com.google.protobuf.CodedOutputStream                                           : loaded 2 times (x 111B)
Class com.android.build.gradle.internal.AndroidTestTaskManager$createConnectedTestForVariant$1: loaded 2 times (x 77B)
Class com.android.build.gradle.internal.tasks.creationconfig.BaseProcessTestManifestCreationConfig: loaded 2 times (x 146B)
Class com.android.build.gradle.internal.tasks.CompileArtProfileTask$CreationAction$handleProvider$1: loaded 2 times (x 133B)
Class com.android.build.gradle.internal.tasks.SigningConfigVersionsWriterTask$CreationAction$handleProvider$1: loaded 2 times (x 133B)
Class com.android.build.gradle.internal.TaskManager$maybeCreateTransformClassesWithAsmTask$3: loaded 2 times (x 133B)
Class org.jetbrains.kotlin.gradle.plugin.mpp.DefaultKotlinCompilationOutput$allOutputs$1$1: loaded 2 times (x 77B)
Class org.jetbrains.kotlin.gradle.plugin.mpp.HasBinaries                              : loaded 2 times (x 72B)
Class org.jetbrains.kotlin.gradle.dsl.KotlinCommonOptions                             : loaded 2 times (x 72B)
Class com.android.build.gradle.internal.services.BuiltInKaptSupportMode$Supported     : loaded 2 times (x 73B)
Class com.android.build.gradle.internal.res.LinkApplicationAndroidResourcesTask$BaseCreationAction$handleProvider$1: loaded 2 times (x 133B)
Class com.android.build.gradle.internal.dependency.VariantDependencies$computeLocalFileDependencies$1: loaded 2 times (x 82B)
Class com.android.build.api.instrumentation.InstrumentationContext                    : loaded 2 times (x 72B)
Class com.android.build.gradle.internal.tasks.factory.VariantTaskCreationAction       : loaded 2 times (x 92B)
Class com.android.builder.dexing.DexingType                                           : loaded 2 times (x 81B)
Class com.google.wireless.android.sdk.stats.VariantAccessOrBuilder                    : loaded 2 times (x 72B)
Class com.google.wireless.android.sdk.stats.VariantApiUsage$Builder                   : loaded 2 times (x 310B)
Class com.android.build.api.component.impl.DeviceTestImpl$resValues$2                 : loaded 2 times (x 81B)
Class com.android.build.api.variant.impl.TestedApkPackagingImpl                       : loaded 2 times (x 97B)
Class com.android.build.api.component.analytics.AnalyticsEnabledApplicationAndroidResourcesBuilder: loaded 2 times (x 80B)
Class com.android.build.gradle.internal.tasks.factory.TaskProviderCallback            : loaded 2 times (x 72B)
Class com.android.build.gradle.internal.services.FakeDependencyJarBuildService$FakeDependencyJarCreator$Params_Decorated: loaded 2 times (x 134B)
Class com.android.build.gradle.internal.services.FakeDependencyJarBuildService$FakeDependencyJarCreator: loaded 2 times (x 82B)
Class com.android.build.gradle.internal.tasks.factory.BootClasspathConfigImpl$filteredBootClasspath$2: loaded 2 times (x 81B)
Class com.android.build.gradle.internal.dsl.BundleOptionsAiModelVersion$AgpDecorated  : loaded 2 times (x 87B)
Class com.android.build.gradle.internal.dsl.decorator.ApplicationInstallationImpl$AgpDecorated_Decorated: loaded 2 times (x 145B)
Class [Lcom.android.resources.Density;                                                : loaded 2 times (x 71B)
Class com.android.build.gradle.internal.dsl.ExternalNativeBuildOptions_Decorated      : loaded 2 times (x 140B)
Class com.android.build.gradle.internal.variant.BaseVariantFactory$Companion          : loaded 2 times (x 73B)
Class org.jetbrains.kotlin.gradle.targets.native.toolchain.UsesKotlinNativeBundleBuildService: loaded 2 times (x 72B)
Class org.jetbrains.kotlin.build.report.metrics.IR_LOWERING_LPS                       : loaded 2 times (x 74B)
Class com.android.build.gradle.internal.tasks.factory.GlobalTaskCreationAction        : loaded 2 times (x 91B)
Class org.jetbrains.kotlin.build.report.metrics.FIND_TRANSITIVELY_REFERENCED_CLASSES  : loaded 2 times (x 74B)
Class org.jetbrains.kotlin.gradle.plugin.KotlinCompilerArgumentsProducer              : loaded 2 times (x 72B)
Class com.android.build.gradle.internal.ide.dependencies.LibraryDependencyCacheBuildService$RegistrationAction: loaded 2 times (x 76B)
Class com.google.protobuf.LazyFieldLite                                               : loaded 2 times (x 86B)
Class [Ldagger.hilt.processor.internal.optionvalues.GradleProjectType;                : loaded 2 times (x 71B)
Class com.google.common.util.concurrent.AbstractFuture$UnsafeAtomicHelper$1           : loaded 2 times (x 78B)
Class com.android.utils.DateProvider$1                                                : loaded 2 times (x 77B)
Class com.android.sdklib.SdkVersionInfo                                               : loaded 2 times (x 73B)
Class com.android.build.gradle.internal.variant.VariantPathHelper$deploymentApkLocation$2: loaded 2 times (x 81B)
Class com.android.build.gradle.internal.variant.BaseVariantFactory                    : loaded 2 times (x 108B)
Class com.amazon.ion.impl.bin.utf8.Poolable                                           : loaded 2 times (x 81B)
Class com.amazon.ion.IonSymbol                                                        : loaded 2 times (x 72B)
Class io.opentelemetry.api.trace.SpanContext                                          : loaded 2 times (x 72B)
Class io.opentelemetry.api.trace.DefaultTracer$NoopSpanBuilder                        : loaded 2 times (x 93B)
Class org.jetbrains.plugins.gradle.tooling.serialization.AnnotationProcessingModelSerializationService$WriteContext: loaded 2 times (x 74B)
Class kotlin.io.TerminateException                                                    : loaded 2 times (x 84B)
Class kotlin.io.FilesKt__FilePathComponentsKt                                         : loaded 2 times (x 73B)
Class com.google.common.collect.ImmutableRangeSet$1                                   : loaded 2 times (x 212B)
Class kotlin.reflect.KCallable                                                        : loaded 2 times (x 72B)
Class com.google.wireless.android.sdk.stats.GcPauseEvent                              : loaded 2 times (x 203B)
Class com.google.wireless.android.sdk.stats.MarketingEmailEventOrBuilder              : loaded 2 times (x 72B)
Class com.google.wireless.android.sdk.stats.ModelProviderEventOrBuilder               : loaded 2 times (x 72B)
Class com.google.wireless.android.sdk.stats.SmlCompletionEventOrBuilder               : loaded 2 times (x 72B)
Class com.google.wireless.android.sdk.stats.AppLinksAssistantEventOrBuilder           : loaded 2 times (x 72B)
Class com.google.wireless.android.sdk.stats.DeviceMirroringAbnormalAgentTerminationOrBuilder: loaded 2 times (x 72B)
Class [Lcom.android.build.gradle.internal.ide.dependencies.ResolvedArtifact$DependencyType;: loaded 2 times (x 71B)
Class com.android.build.gradle.tasks.PackageAndroidArtifact$CreationAction$configure$1: loaded 2 times (x 77B)
Class com.android.build.gradle.internal.ide.v2.AndroidProjectImpl                     : loaded 2 times (x 89B)
Class com.android.build.gradle.internal.ide.v2.ModelBuilder$inspectManifestForInstantTag$1: loaded 2 times (x 76B)
Class org.jetbrains.kotlin.build.report.metrics.BuildTimes$Companion                  : loaded 2 times (x 73B)
Class com.android.build.gradle.internal.ide.v2.ModelBuilder$DefaultSourceSetContainerBuilder: loaded 2 times (x 85B)
Class com.sun.xml.bind.v2.runtime.unmarshaller.UnmarshallingContext$State             : loaded 2 times (x 74B)
Class com.sun.xml.bind.v2.runtime.unmarshaller.UnmarshallingContext$ExpectedTypeRootLoader: loaded 2 times (x 82B)
Class com.sun.xml.bind.v2.runtime.ElementBeanInfoImpl$1                               : loaded 2 times (x 108B)
Class com.sun.xml.bind.v2.runtime.property.ArrayERProperty$ItemsLoader                : loaded 2 times (x 80B)
Class com.sun.xml.bind.v2.model.impl.GetterSetterPropertySeed                         : loaded 2 times (x 92B)
Class com.sun.xml.bind.v2.model.impl.RuntimeBuiltinLeafInfoImpl$5                     : loaded 2 times (x 138B)
Class com.android.sdklib.repository.generated.common.v2.IdDisplayType                 : loaded 2 times (x 85B)
Class com.android.sdklib.repository.generated.sysimg.v3.package-info                  : loaded 2 times (x 72B)
Class com.android.build.api.variant.UnitTest                                          : loaded 2 times (x 72B)
Class com.google.protobuf.Descriptors$1                                               : loaded 2 times (x 73B)
Class [Lcom.android.build.api.artifact.Artifact;                                      : loaded 2 times (x 71B)
Class com.android.build.gradle.internal.scope.ArtifactPublishingUtil$publishArtifactToConfiguration$1$1$1: loaded 2 times (x 77B)
Class com.android.build.gradle.internal.scope.InternalArtifactType$DATA_BINDING_BASE_CLASS_LOG_ARTIFACT: loaded 2 times (x 76B)
Class com.android.build.gradle.internal.AndroidTestTaskManager$createConnectedTestForVariant$2: loaded 2 times (x 77B)
Class com.android.tools.utp.gradle.api.UtpDependency$1                                : loaded 2 times (x 133B)
Class com.android.build.gradle.internal.dependency.SubtractingArtifactCollection$SubtractingArtifactResult$removedFiles$1: loaded 2 times (x 81B)
Class com.android.build.gradle.internal.tasks.PerModuleBundleTask                     : loaded 2 times (x 354B)
Class com.android.build.gradle.internal.tasks.CompileArtProfileTask$CreationAction$handleProvider$2: loaded 2 times (x 133B)
Class com.android.build.api.artifact.impl.ScopedArtifactsImpl$ScopedArtifactsOperationImpl$toTransform$2: loaded 2 times (x 77B)
Class com.android.build.gradle.internal.TaskManager$maybeCreateTransformClassesWithAsmTask$4: loaded 2 times (x 133B)
Class org.jetbrains.kotlin.compose.compiler.gradle.internal.ComposeWithAgpConfig      : loaded 2 times (x 74B)
Class org.jetbrains.kotlin.gradle.plugin.sources.FragmentConsistencyChecker           : loaded 2 times (x 74B)
Class org.jetbrains.kotlin.gradle.tasks.configuration.BaseKotlinCompileConfig$1$classpathConfiguration$1: loaded 2 times (x 77B)
Class com.android.build.gradle.internal.tasks.creationconfig.BaseJavaCompileCreationConfig: loaded 2 times (x 134B)
Class com.android.build.gradle.internal.instrumentation.InstrumentationUtilsKt        : loaded 2 times (x 73B)
Class com.android.build.gradle.internal.tasks.PrepareLintJarForPublish$CreationAction$handleProvider$1: loaded 2 times (x 133B)
Class com.android.build.gradle.internal.tasks.featuresplit.PackagedDependenciesWriterTask$CreationAction: loaded 2 times (x 92B)
Class com.android.build.gradle.internal.core.dsl.impl.features.NativeBuildDslInfoImpl$mergeOptions$1: loaded 2 times (x 80B)
Class com.android.build.api.attributes.BuildTypeAttr$Impl                             : loaded 2 times (x 90B)
Class [Lcom.android.build.gradle.internal.dsl.ModulePropertyKey$BooleanWithDefault;   : loaded 2 times (x 71B)
Class com.android.build.gradle.internal.profile.ProfilingMode$Companion               : loaded 2 times (x 73B)
Class [Lcom.android.build.api.AndroidPluginVersion$PreviewType;                       : loaded 2 times (x 71B)
Class com.android.build.gradle.internal.services.VariantBuilderServices               : loaded 2 times (x 72B)
Class com.android.build.api.extension.impl.OperationsRegistrar                        : loaded 2 times (x 74B)
Class com.android.tools.lint.model.LintModelSeverity                                  : loaded 2 times (x 81B)
Class com.android.build.gradle.internal.dsl.BundleOptionsAbi$AgpDecorated             : loaded 2 times (x 83B)
Class com.android.build.gradle.internal.dsl.ApplicationAndroidResourcesImpl$AgpDecorated: loaded 2 times (x 131B)
Class com.android.builder.core.AbstractProductFlavor$DimensionRequest                 : loaded 2 times (x 74B)
Class com.android.build.gradle.internal.dsl.LintImpl                                  : loaded 2 times (x 218B)
Class com.android.build.api.dsl.SigningConfig                                         : loaded 2 times (x 72B)
Class org.jetbrains.kotlin.gradle.dsl.DefaultToolchainSupport_Decorated               : loaded 2 times (x 122B)
Class org.jetbrains.kotlin.gradle.internal.properties.NativePropertiesLoader$jvmArgs$1: loaded 2 times (x 77B)
Class org.jetbrains.kotlin.build.report.metrics.START_WORKER_EXECUTION                : loaded 2 times (x 74B)
Class org.jetbrains.kotlin.build.report.metrics.JPS_COMPILATION_ROUND                 : loaded 2 times (x 74B)
Class com.android.build.gradle.internal.core.dsl.features.NativeBuildDslInfo          : loaded 2 times (x 72B)
Class org.jetbrains.kotlin.gradle.report.BuildMetricsService$Companion                : loaded 2 times (x 73B)
Class org.jetbrains.kotlin.gradle.plugin.VariantImplementationFactories$Parameters_Decorated: loaded 2 times (x 132B)
Class org.jetbrains.kotlin.gradle.plugin.PropertiesProvider$PropertyNames             : loaded 2 times (x 73B)
Class org.jetbrains.kotlin.gradle.tasks.KotlinCompileTool                             : loaded 2 times (x 72B)
Class org.jetbrains.kotlin.gradle.utils.SingleAction$PerformedActions                 : loaded 2 times (x 74B)
Class org.jetbrains.kotlin.gradle.utils.GradleUtilsKt                                 : loaded 2 times (x 73B)
Class org.jetbrains.kotlin.gradle.plugin.HasProject                                   : loaded 2 times (x 72B)
Class com.android.io.CancellableFileIo                                                : loaded 2 times (x 73B)
Class com.android.build.gradle.internal.instrumentation.AsmClassVisitorsFactoryRegistry: loaded 2 times (x 74B)
Class com.android.build.api.component.impl.OldVariantApiLegacySupportImpl$outputs$2   : loaded 2 times (x 81B)
Class com.android.build.gradle.internal.errors.SyncIssueReporterImpl$GlobalSyncIssueService$Parameters: loaded 2 times (x 72B)
Class com.google.protobuf.Descriptors$FieldDescriptor                                 : loaded 2 times (x 90B)
Class com.android.build.gradle.internal.profile.AnalyticsConfiguratorService$RegistrationAction: loaded 2 times (x 76B)
Class com.android.build.api.variant.ComponentIdentity                                 : loaded 2 times (x 72B)
Class com.android.build.gradle.internal.testing.ManagedDeviceRegistry                 : loaded 2 times (x 77B)
Class com.android.build.gradle.internal.dsl.BaseAppModuleExtension                    : loaded 2 times (x 461B)
Class com.android.build.gradle.AndroidConfig                                          : loaded 2 times (x 72B)
Class com.android.build.gradle.internal.tasks.ApplicationTaskManager                  : loaded 2 times (x 89B)
Class org.gradle.accessors.dm.LibrariesForLibsInPluginsBlock$KtorClientLibraryAccessors: loaded 2 times (x 79B)
Class org.jetbrains.kotlin.idea.gradleTooling.KotlinGradlePluginVersion               : loaded 2 times (x 72B)
Class com.intellij.compose.ide.plugin.gradleTooling.rt.ComposeResourcesModel          : loaded 2 times (x 72B)
Class com.intellij.gradle.toolingExtension.impl.util.collectionUtil.GradleCollections : loaded 2 times (x 73B)
Class com.amazon.ion.impl.lite.IonStructLite                                          : loaded 2 times (x 300B)
Class com.amazon.ion.impl._Private_ReaderWriter                                       : loaded 2 times (x 72B)
Class com.amazon.ion.impl.bin.AbstractSymbolTable                                     : loaded 2 times (x 109B)
Class com.amazon.ion.Decimal                                                          : loaded 2 times (x 136B)
Class com.amazon.ion.impl.bin._Private_IonManagedBinaryWriterBuilder$AllocatorMode$1  : loaded 2 times (x 82B)
Class org.jetbrains.plugins.gradle.tooling.serialization.ProjectDependenciesSerializationService$WriteContext: loaded 2 times (x 74B)
Class org.jetbrains.plugins.gradle.tooling.serialization.ProjectDependenciesSerializationService: loaded 2 times (x 79B)
Class kotlin.collections.AbstractIterator                                             : loaded 2 times (x 85B)
Class kotlin.text.CharsKt                                                             : loaded 2 times (x 73B)
Class com.google.common.collect.Range                                                 : loaded 2 times (x 88B)
Class org.gradle.tooling.model.kotlin.dsl.KotlinDslScriptModel                        : loaded 2 times (x 72B)
Class org.gradle.tooling.internal.adapter.CollectionMapper                            : loaded 2 times (x 75B)
Class org.jetbrains.kotlin.gradle.plugin.mpp.compilationImpl.KotlinCompilationLanguageSettingsConfigurator: loaded 2 times (x 76B)
Class com.google.wireless.android.sdk.stats.StartupEvent                              : loaded 2 times (x 199B)
Class com.google.wireless.android.sdk.stats.AdbServerStateOrBuilder                   : loaded 2 times (x 72B)
Class com.google.wireless.android.sdk.stats.GradleFailureDetailsOrBuilder             : loaded 2 times (x 72B)
Class com.google.wireless.android.sdk.stats.WearTileAnimationToolingEventOrBuilder    : loaded 2 times (x 72B)
Class com.google.wireless.android.sdk.stats.SystemHealthEventOrBuilder                : loaded 2 times (x 72B)
Class com.google.wireless.android.sdk.stats.UpgradeAssistantComponentEventOrBuilder   : loaded 2 times (x 72B)
Class [Lorg.jetbrains.kotlin.gradle.internal.config.LanguageVersion;                  : loaded 2 times (x 71B)
Class [Lorg.jetbrains.kotlin.gradle.plugin.KotlinCompilation;                         : loaded 2 times (x 71B)
Class com.android.build.gradle.internal.tasks.MergeFileTask                           : loaded 2 times (x 337B)
Class com.google.common.io.ByteSink$AsCharSink                                        : loaded 2 times (x 82B)
Class com.android.build.gradle.tasks.PackageAndroidArtifact$CreationAction$configure$2: loaded 2 times (x 76B)
Class com.android.build.gradle.internal.core.dsl.impl.features.ManifestPlaceholdersDslInfoImpl: loaded 2 times (x 77B)
Class com.android.build.gradle.internal.tasks.PrepareLintJarForPublishKt$getPublishedCustomLintChecks$attributes$1: loaded 2 times (x 76B)
Class com.android.build.gradle.internal.scope.InternalArtifactType$GLOBAL_SYNTHETICS_DEX: loaded 2 times (x 76B)
Class com.sun.xml.bind.v2.runtime.property.SingleElementNodeProperty                  : loaded 2 times (x 104B)
Class com.sun.xml.bind.api.impl.NameConverter$1                                       : loaded 2 times (x 95B)
Class com.android.repository.impl.generated.v2.TypeDetails                            : loaded 2 times (x 77B)
Class com.sun.xml.bind.v2.model.impl.RuntimeBuiltinLeafInfoImpl$6                     : loaded 2 times (x 138B)
Class com.android.repository.impl.generated.v1.ChannelType                            : loaded 2 times (x 85B)
Class com.android.sdklib.repository.generated.repository.v2.package-info              : loaded 2 times (x 72B)
Class com.google.protobuf.CodedOutputStream$OutOfSpaceException                       : loaded 2 times (x 84B)
Class com.google.protobuf.DescriptorProtos$DescriptorProto$1                          : loaded 2 times (x 153B)
Class com.android.tools.utp.gradle.api.UtpDependency$2                                : loaded 2 times (x 133B)
Class com.android.build.gradle.internal.tasks.CompileArtProfileTask$CreationAction$handleProvider$3: loaded 2 times (x 133B)
Class com.android.build.gradle.internal.tasks.OptimizeResourcesTask$CreateAction$handleProvider$operationRequest$1: loaded 2 times (x 133B)
Class com.android.build.gradle.internal.tasks.BundleIdeModelProducerTask$CreationAction$handleProvider$1: loaded 2 times (x 133B)
Class com.android.tools.r8.Version                                                    : loaded 2 times (x 73B)
Class com.android.build.api.artifact.impl.ScopedArtifactsImpl$ScopedArtifactsOperationImpl$toTransform$3: loaded 2 times (x 77B)
Class org.jetbrains.kotlin.gradle.plugin.mpp.compilationImpl.factory.KotlinCompilationImplFactory$KotlinCompilationTaskNamesContainerFactory: loaded 2 times (x 72B)
Class org.jetbrains.kotlin.gradle.plugin.diagnostics.ToolingDiagnosticRenderingOptionsKt$isAttachedToTerminal$1: loaded 2 times (x 76B)
Class org.jetbrains.kotlin.gradle.tasks.configuration.BaseKotlinCompileConfig         : loaded 2 times (x 74B)
Class com.android.build.gradle.internal.services.TaskCreationServicesImpl$sam$java_util_concurrent_Callable$0: loaded 2 times (x 77B)
Class com.android.build.gradle.internal.scope.InternalArtifactType$AP_GENERATED_SOURCES: loaded 2 times (x 76B)
Class [Lcom.android.builder.compiling.BuildConfigType;                                : loaded 2 times (x 71B)
Class com.android.build.api.variant.impl.ResourcesPackagingImpl                       : loaded 2 times (x 82B)
Class com.android.build.gradle.internal.scope.InternalArtifactType$UPDATED_NAVIGATION_XML: loaded 2 times (x 76B)
Class com.android.build.api.artifact.impl.InAndOutDirectoryOperationRequestImpl$Companion: loaded 2 times (x 73B)
Class com.android.build.gradle.tasks.ProcessPackagedManifestTask$CreationAction       : loaded 2 times (x 92B)
Class com.android.build.gradle.tasks.ProcessManifestForMetadataFeatureTask$CreationAction$handleProvider$1: loaded 2 times (x 133B)
Class com.android.build.gradle.internal.core.dsl.impl.InstrumentedTestDslInfoImpl$functionalTest$fromFlavor$1: loaded 2 times (x 80B)
Class com.android.build.gradle.internal.core.dsl.impl.AndroidTestComponentDslInfoImpl : loaded 2 times (x 155B)
Class com.android.build.gradle.internal.core.dsl.impl.ApplicationVariantDslInfoImpl$versionCode$2$2: loaded 2 times (x 77B)
Class com.android.build.gradle.internal.core.dsl.impl.features.NativeBuildDslInfoImpl$mergeOptions$2: loaded 2 times (x 80B)
Class com.android.build.api.variant.HostTest                                          : loaded 2 times (x 72B)
Class com.android.build.api.variant.AndroidResources                                  : loaded 2 times (x 72B)
Class [Lcom.android.build.gradle.internal.publishing.AndroidArtifacts$PublishedConfigType;: loaded 2 times (x 71B)
Class com.android.build.gradle.internal.attributes.VariantAttr$Impl                   : loaded 2 times (x 90B)
Class com.android.build.gradle.internal.core.dsl.impl.features.DexingDslInfoImpl      : loaded 2 times (x 79B)
Class org.jetbrains.kotlin.compose.compiler.gradle.ComposeCompilerGradlePluginExtension_Decorated: loaded 2 times (x 134B)
Class com.android.build.gradle.internal.lint.AndroidLintGlobalTask$GlobalCreationAction$Companion: loaded 2 times (x 73B)
Class com.android.build.gradle.internal.tasks.LintCompile$CreationAction              : loaded 2 times (x 93B)
Class com.android.build.gradle.internal.dsl.AndroidTestImpl$AgpDecorated              : loaded 2 times (x 82B)
Class com.android.build.gradle.internal.tasks.factory.GlobalTaskCreationConfigImpl$testOptionExecutionEnum$2: loaded 2 times (x 81B)
Class com.android.build.gradle.internal.tasks.factory.BootClasspathConfigImpl$androidJar$2: loaded 2 times (x 81B)
Class com.android.build.gradle.internal.dsl.BundleOptionsCodeTransparency$AgpDecorated_Decorated: loaded 2 times (x 127B)
Class com.android.build.gradle.internal.dsl.ApplicationExtensionImpl$lintOptions$2    : loaded 2 times (x 81B)
Class com.android.build.gradle.internal.dsl.ManagedDevices$localDevices$1$1           : loaded 2 times (x 77B)
Class com.android.build.gradle.internal.dsl.AarMetadataImpl$AgpDecorated              : loaded 2 times (x 98B)
Class com.android.build.gradle.internal.dsl.AnnotationProcessorOptions$AgpDecorated_Decorated: loaded 2 times (x 151B)
Class com.android.resources.Density                                                   : loaded 2 times (x 94B)
Class com.android.build.gradle.internal.scope.InternalArtifactType$DEX_NUMBER_OF_BUCKETS_FILE: loaded 2 times (x 76B)
Class com.android.build.api.dsl.CompileSdkBetaSpec                                    : loaded 2 times (x 72B)
Class com.android.build.gradle.internal.dsl.decorator.SupportedPropertyType           : loaded 2 times (x 75B)
Class com.android.build.gradle.internal.dsl.InternalSigningConfig                     : loaded 2 times (x 72B)
Class org.jetbrains.kotlin.gradle.plugin.mpp.KotlinAndroidTarget_Decorated            : loaded 2 times (x 211B)
Class org.jetbrains.kotlin.gradle.dsl.abi.AbiValidationKlibKindExtension              : loaded 2 times (x 72B)
Class org.jetbrains.kotlin.gradle.ExperimentalKotlinGradlePluginApi                   : loaded 2 times (x 72B)
Class org.jetbrains.kotlin.gradle.dsl.KotlinAndroidProjectExtension                   : loaded 2 times (x 148B)
Class org.jetbrains.kotlin.gradle.internal.properties.NativePropertiesLoader          : loaded 2 times (x 85B)
Class org.jetbrains.kotlin.build.report.metrics.DAEMON_INCREASED_MEMORY               : loaded 2 times (x 74B)
Class org.jetbrains.kotlin.gradle.plugin.KotlinGradleBuildServices$Parameters$Inject_ : loaded 2 times (x 108B)
Class org.jetbrains.kotlin.gradle.plugin.statistics.BuildFusService                   : loaded 2 times (x 86B)
Class com.android.build.gradle.internal.dependency.JacocoInstrumentationService       : loaded 2 times (x 83B)
Class com.android.build.gradle.internal.ide.v2.GlobalSyncService$Parameters_Decorated : loaded 2 times (x 132B)
Class [Lcom.google.protobuf.Descriptors$EnumDescriptor;                               : loaded 2 times (x 71B)
Class com.android.build.gradle.internal.profile.TaskMetadata                          : loaded 2 times (x 74B)
Class com.android.tools.analytics.StubbableLazy                                       : loaded 2 times (x 78B)
Class com.android.build.gradle.internal.tasks.OptimizeResourcesTask$CreateAction      : loaded 2 times (x 95B)
Class com.android.build.gradle.internal.scope.ProjectInfo$Companion                   : loaded 2 times (x 73B)
Class com.android.build.gradle.tasks.factory.AndroidUnitTest$CreationAction           : loaded 2 times (x 93B)
Class com.google.protobuf.Internal$EnumLite                                           : loaded 2 times (x 72B)
Class com.android.build.gradle.internal.AbstractAppTaskManager                        : loaded 2 times (x 89B)
Class com.android.build.gradle.internal.plugins.VersionCheckPlugin                    : loaded 2 times (x 76B)
Class jdk.internal.jimage.ImageLocation                                               : loaded 2 times (x 92B)
Class jdk.internal.jrtfs.JrtDirectoryStream$1                                         : loaded 2 times (x 85B)
Class org.gradle.accessors.dm.LibrariesForLibsInPluginsBlock$SupabaseLibraryAccessors : loaded 2 times (x 80B)
Class com.amazon.ion.impl.lite.IonFloatLite                                           : loaded 2 times (x 189B)
Class com.amazon.ion.impl._Private_IonTextWriterBuilder                               : loaded 2 times (x 103B)
Class com.amazon.ion.impl.bin._Private_IonManagedBinaryWriterBuilder$AllocatorMode$2  : loaded 2 times (x 82B)
Class io.opentelemetry.api.trace.DefaultTracerProvider                                : loaded 2 times (x 81B)
Class com.google.common.collect.ExplicitOrdering                                      : loaded 2 times (x 117B)
Class com.google.wireless.android.sdk.stats.AppQualityInsightsUsageEvent              : loaded 2 times (x 257B)
Class com.google.wireless.android.sdk.stats.KotlinProjectConfiguration                : loaded 2 times (x 216B)
Class com.google.wireless.android.sdk.stats.FirebaseContextDetails                    : loaded 2 times (x 210B)
Class com.google.wireless.android.sdk.stats.LLDBFrontendDetails                       : loaded 2 times (x 197B)
Class com.google.wireless.android.sdk.stats.SmlGeolocationEventOrBuilder              : loaded 2 times (x 72B)
Class com.android.build.gradle.internal.ide.dependencies.ResolvedArtifact$DependencyType: loaded 2 times (x 81B)
Class com.android.build.gradle.internal.cxx.configure.NativeModelBuilderOutcome       : loaded 2 times (x 223B)
Class org.jetbrains.kotlin.gradle.tasks.KotlinCompile$scriptSources$1                 : loaded 2 times (x 77B)
Class org.jetbrains.kotlin.build.report.metrics.BuildAttribute$Companion              : loaded 2 times (x 73B)
Class com.android.build.api.component.impl.features.AndroidResourcesCreationConfigImpl$WhenMappings: loaded 2 times (x 73B)
Class com.android.sdklib.repository.targets.PlatformTarget$Library                    : loaded 2 times (x 74B)
Class com.sun.xml.bind.v2.runtime.reflect.PrimitiveArrayListerDouble                  : loaded 2 times (x 78B)
Class com.sun.xml.bind.v2.runtime.unmarshaller.Loader                                 : loaded 2 times (x 79B)
Class com.sun.xml.bind.api.impl.NameConverter$2                                       : loaded 2 times (x 95B)
Class com.sun.xml.bind.v2.model.impl.RuntimeBuiltinLeafInfoImpl$7                     : loaded 2 times (x 138B)
Class com.sun.xml.bind.v2.model.runtime.RuntimeClassInfo                              : loaded 2 times (x 72B)
Class com.android.sdklib.repository.generated.repository.v3.LayoutlibType             : loaded 2 times (x 76B)
Class com.android.build.gradle.internal.ide.v2.VersionImpl$Companion                  : loaded 2 times (x 73B)
Class kotlinx.coroutines.flow.internal.AbstractSharedFlowSlot                         : loaded 2 times (x 75B)
Class com.google.protobuf.ByteOutput                                                  : loaded 2 times (x 78B)
Class com.google.protobuf.DescriptorProtos$FieldOptions$EditionDefault                : loaded 2 times (x 200B)
Class com.android.build.gradle.internal.publishing.PublishingSpecs$Companion          : loaded 2 times (x 73B)
Class com.android.tools.utp.gradle.api.UtpDependency$3                                : loaded 2 times (x 133B)
Class com.android.build.gradle.internal.scope.InternalArtifactType$ANDROID_TEST_RESULTS: loaded 2 times (x 76B)
Class com.android.build.gradle.internal.tasks.OptimizeResourcesTask$CreateAction$handleProvider$operationRequest$2: loaded 2 times (x 133B)
Class com.android.build.gradle.internal.scope.InternalArtifactType$APK_FROM_BUNDLE_IDE_REDIRECT_FILE: loaded 2 times (x 76B)
Class com.android.build.gradle.internal.tasks.CompileArtProfileTask$CreationAction$handleProvider$4: loaded 2 times (x 133B)
Class com.android.build.api.artifact.impl.ScopedArtifactsImpl$ScopedArtifactsOperationImpl$toTransform$4: loaded 2 times (x 77B)
Class com.google.devtools.ksp.gradle.IsolatedClassLoaderCacheBuildService             : loaded 2 times (x 81B)
Class org.jetbrains.kotlin.gradle.plugin.mpp.compilationImpl.factory.DefaultKotlinCompilationDependencyConfigurationsFactory$WithRuntime: loaded 2 times (x 77B)
Class org.jetbrains.kotlin.gradle.plugin.diagnostics.IsAttachedToTerminalValueSource$Inject_: loaded 2 times (x 102B)
Class org.jetbrains.kotlin.gradle.plugin.diagnostics.ToolingDiagnosticRenderingOptionsKt$isAttachedToTerminal$2: loaded 2 times (x 76B)
Class org.jetbrains.kotlin.gradle.plugin.diagnostics.ToolingDiagnosticsContext        : loaded 2 times (x 74B)
Class com.android.build.api.variant.impl.SourcesImpl$renderscript$2                   : loaded 2 times (x 81B)
Class com.android.build.gradle.internal.res.LinkApplicationAndroidResourcesTask$BaseCreationAction$handleProvider$4: loaded 2 times (x 133B)
Class com.android.build.gradle.internal.core.dsl.impl.features.NativeBuildDslInfoImpl$mergeOptions$3: loaded 2 times (x 80B)
Class com.android.build.gradle.internal.variant.BaseVariantData$WhenMappings          : loaded 2 times (x 73B)
Class com.android.build.api.component.impl.JavaCompilationImpl                        : loaded 2 times (x 78B)
Class com.android.build.gradle.internal.component.TestSuiteCreationConfig             : loaded 2 times (x 72B)
Class com.google.wireless.android.sdk.stats.AsmClassesTransformRegistration           : loaded 2 times (x 200B)
Class com.android.build.api.variant.impl.HostTestBuilderImpl$Companion                : loaded 2 times (x 73B)
Class com.android.build.api.instrumentation.InstrumentationParameters                 : loaded 2 times (x 72B)
Class com.android.build.gradle.internal.dsl.VcsInfoImpl$AgpDecorated_Decorated        : loaded 2 times (x 127B)
Class com.android.build.gradle.internal.dsl.BuildType$AgpDecorated                    : loaded 2 times (x 374B)
Class com.android.build.gradle.internal.dsl.ManagedDevices$localDevices$1$2           : loaded 2 times (x 77B)
Class com.android.build.gradle.internal.dsl.decorator.DslDecorator$ClassInfoVisitor   : loaded 2 times (x 72B)
Class com.android.build.api.dsl.DependencySelection                                   : loaded 2 times (x 72B)
Class com.android.build.gradle.api.JavaCompileOptions                                 : loaded 2 times (x 72B)
Class org.bouncycastle.jce.provider.BouncyCastleProvider                              : loaded 2 times (x 171B)
Class com.android.build.api.dsl.DynamicFeatureBuildType                               : loaded 2 times (x 72B)
Class org.jetbrains.kotlin.gradle.utils.FutureImpl                                    : loaded 2 times (x 82B)
Class org.jetbrains.kotlin.gradle.dsl.abi.AbiValidationLegacyDumpExtension            : loaded 2 times (x 72B)
Class org.jetbrains.kotlin.gradle.internal.properties.NativePropertiesLoader$isToolchainEnabled$1: loaded 2 times (x 77B)
Class org.jetbrains.kotlin.build.report.metrics.JPS_IC_COMPILE_ITERATION              : loaded 2 times (x 74B)
Class org.jetbrains.kotlin.build.report.metrics.PRECISE_BACKUP_OUTPUT                 : loaded 2 times (x 74B)
Class org.jetbrains.kotlin.gradle.plugin.mpp.KotlinJvmAndroidCompilation              : loaded 2 times (x 199B)
Class com.google.protobuf.DescriptorProtos$FileOptions$1                              : loaded 2 times (x 153B)
Class com.google.wireless.android.sdk.stats.GradleBuildMemorySampleOrBuilder          : loaded 2 times (x 72B)
Class com.android.build.gradle.tasks.AnalyzeDependenciesTask                          : loaded 2 times (x 344B)
Class org.gradle.accessors.dm.LibrariesForLibsInPluginsBlock$AndroidxLifecycleLibraryAccessors: loaded 2 times (x 80B)
Class org.gradle.accessors.dm.LibrariesForLibs_Decorated                              : loaded 2 times (x 134B)
Class org.jetbrains.plugins.gradle.ExternalDependencyId                               : loaded 2 times (x 72B)
Class com.amazon.ion.impl._Private_IonReaderBuilder                                   : loaded 2 times (x 99B)
Class com.amazon.ion.IonMutableCatalog                                                : loaded 2 times (x 72B)
Class gnu.trove.THash                                                                 : loaded 2 times (x 83B)
Class com.intellij.gradle.toolingExtension.impl.model.buildScriptClasspathModel.GradleBuildScriptClasspathSerializationService$WriteContext: loaded 2 times (x 74B)
Class org.gradle.tooling.internal.adapter.ProtocolToModelAdapter                      : loaded 2 times (x 82B)
Class com.google.wireless.android.sdk.stats.WearTileAnimationToolingEvent             : loaded 2 times (x 199B)
Class com.google.wireless.android.sdk.stats.StudioCoreGeminiActionsEvent              : loaded 2 times (x 207B)
Class com.google.wireless.android.sdk.stats.GradleFailureDetails                      : loaded 2 times (x 200B)
Class com.google.wireless.android.sdk.stats.Align16kbEventOrBuilder                   : loaded 2 times (x 72B)
Class com.google.wireless.android.sdk.stats.AndroidTestRetentionEventOrBuilder        : loaded 2 times (x 72B)
Class com.google.wireless.android.sdk.stats.GradleSyncStatsOrBuilder                  : loaded 2 times (x 72B)
Class com.android.build.gradle.internal.SdkComponentsBuildService$Parameters$Inject_  : loaded 2 times (x 122B)
Class org.jetbrains.kotlin.cli.common.arguments.Disables                              : loaded 2 times (x 72B)
Class com.android.build.gradle.internal.cxx.configure.ExperimentalPropertyExtensionsKt: loaded 2 times (x 73B)
Class com.android.build.gradle.internal.scope.BootClasspathBuilder$computeAdditionalAndRequestedOptionalLibraries$4$1: loaded 2 times (x 81B)
Class com.sun.xml.bind.v2.model.impl.RuntimeBuiltinLeafInfoImpl$8                     : loaded 2 times (x 138B)
Class com.sun.xml.bind.api.ErrorListener                                              : loaded 2 times (x 72B)
Class com.sun.istack.FinalArrayList                                                   : loaded 2 times (x 211B)
Class com.android.sdklib.repository.generated.repository.v2.ObjectFactory             : loaded 2 times (x 81B)
Class com.android.build.gradle.internal.SdkComponentsBuildService$VersionedSdkLoader$targetBootClasspathProvider$1: loaded 2 times (x 77B)
Class com.google.protobuf.DescriptorProtos$FieldDescriptorProto$Builder               : loaded 2 times (x 323B)
Class com.android.build.gradle.internal.dependency.AndroidAttributes$toAttributeMapString$$inlined$sortedBy$1: loaded 2 times (x 91B)
Class com.android.build.gradle.internal.cxx.configure.Ninja                           : loaded 2 times (x 74B)
Class com.android.build.gradle.internal.DependencyConfigurator$configureGeneralTransforms$4: loaded 2 times (x 77B)
Class com.android.tools.utp.gradle.api.UtpDependency$4                                : loaded 2 times (x 133B)
Class com.android.build.gradle.internal.AndroidTestTaskManager$createConnectedTestForVariant$connectedCheckSerials$1: loaded 2 times (x 76B)
Class com.android.build.api.variant.impl.SigningConfigImpl$keyPassword$1              : loaded 2 times (x 77B)
Class com.android.build.api.artifact.ScopedArtifact$JAVA_RES                          : loaded 2 times (x 76B)
Class com.android.build.gradle.internal.TaskManager$sam$org_gradle_api_Action$0       : loaded 2 times (x 77B)
Class org.jetbrains.kotlin.gradle.plugin.mpp.KotlinJvmAgpCompilation_Decorated        : loaded 2 times (x 247B)
Class [Lorg.jetbrains.kotlin.gradle.plugin.HasKotlinDependencies;                     : loaded 2 times (x 71B)
Class org.jetbrains.kotlin.gradle.plugin.mpp.compilationImpl.factory.KotlinCompilationImplFactory$PostConfigure$Companion: loaded 2 times (x 73B)
Class org.jetbrains.kotlin.gradle.tasks.CompileUsingKotlinDaemonWithNormalization     : loaded 2 times (x 72B)
Class com.android.build.api.variant.impl.ManifestFilesImpl$all$1                      : loaded 2 times (x 76B)
Class com.android.build.gradle.tasks.GenerateManifestJarTask                          : loaded 2 times (x 338B)
Class com.android.build.api.component.impl.DeviceTestImpl$instrumentationRunner$2     : loaded 2 times (x 81B)
Class com.android.build.api.component.impl.DeviceTestImpl_Decorated                   : loaded 2 times (x 749B)
Class com.android.build.api.component.impl.DeviceTestImpl                             : loaded 2 times (x 693B)
Class com.android.build.gradle.internal.core.dsl.impl.features.NativeBuildDslInfoImpl$mergeOptions$4: loaded 2 times (x 80B)
Class com.android.build.api.variant.BundleConfig                                      : loaded 2 times (x 72B)
Class [Lcom.android.build.gradle.internal.dsl.ModulePropertyKey;                      : loaded 2 times (x 71B)
Class com.android.build.api.dsl.LibraryBuildFeatures                                  : loaded 2 times (x 72B)
Class com.android.build.gradle.internal.dsl.Splits$AgpDecorated                       : loaded 2 times (x 87B)
Class com.android.build.gradle.internal.dsl.decorator.DslDecorator$findAbstractProperties$1$2: loaded 2 times (x 80B)
Class com.android.build.gradle.internal.dependency.DexingOutputSplitTransform         : loaded 2 times (x 80B)
Class com.android.build.api.dsl.BundleDensity                                         : loaded 2 times (x 72B)
Class com.android.builder.internal.BaseConfigImpl                                     : loaded 2 times (x 117B)
Class com.android.build.api.dsl.AndroidSourceSet                                      : loaded 2 times (x 72B)
Class com.android.build.gradle.internal.tasks.factory.BootClasspathConfigImpl$fullBootClasspathProvider$2$1: loaded 2 times (x 133B)
Class org.jetbrains.kotlin.gradle.tasks.DefaultKotlinJavaToolchain$Companion$wireJvmTargetToToolchain$1: loaded 2 times (x 77B)
Class org.jetbrains.kotlin.gradle.plugin.KotlinPlatformType                           : loaded 2 times (x 84B)
Class org.jetbrains.kotlin.gradle.internal.properties.PropertiesBuildServiceKt        : loaded 2 times (x 73B)
Class org.jetbrains.kotlin.gradle.plugin.KotlinGradleBuildServices$Companion          : loaded 2 times (x 73B)
Class com.android.build.gradle.internal.SdkComponentsBuildService                     : loaded 2 times (x 82B)
Class [Lcom.android.prefs.VariableValue;                                              : loaded 2 times (x 71B)
Class com.android.build.gradle.internal.utils.EnvironmentProviderImpl                 : loaded 2 times (x 80B)
Class com.android.build.gradle.internal.services.Aapt2ThreadPoolBuildService          : loaded 2 times (x 82B)
Class com.google.wireless.android.sdk.stats.GradleBuildProfileSpan$ExecutionType$1    : loaded 2 times (x 78B)
Class com.google.protobuf.UnsafeUtil$Android32MemoryAccessor                          : loaded 2 times (x 93B)
Class com.google.protobuf.Descriptors$OneofDescriptor                                 : loaded 2 times (x 78B)
Class com.android.build.gradle.internal.profile.AnalyticsResourceManager$getProjectBuilder$1: loaded 2 times (x 81B)
Class com.android.build.gradle.internal.api.ApplicationVariantImpl                    : loaded 2 times (x 264B)
Class org.jetbrains.kotlin.gradle.dsl.KotlinTargetContainerWithJsPresetFunctions      : loaded 2 times (x 72B)
Class com.google.protobuf.Extension$ExtensionType                                     : loaded 2 times (x 81B)
Class com.google.protobuf.AbstractMessageLite$Builder$LimitedInputStream              : loaded 2 times (x 94B)
Class com.android.sdklib.repository.meta.DetailsTypes$ApiDetailsType                  : loaded 2 times (x 72B)
Class com.android.build.gradle.options.StringOption                                   : loaded 2 times (x 87B)
Class com.google.common.util.concurrent.ListeningExecutorService                      : loaded 2 times (x 72B)
Class jdk.internal.jimage.ImageBufferCache$1                                          : loaded 2 times (x 84B)
Class org.gradle.accessors.dm.LibrariesForLibs$KtorLibraryAccessors                   : loaded 2 times (x 79B)
Class [Lio.opentelemetry.context.ThreadLocalContextStorage$NoopScope;                 : loaded 2 times (x 71B)
Class io.opentelemetry.context.ThreadLocalContextStorage$NoopScope                    : loaded 2 times (x 87B)
Class ijInit1_bpuig6iy9o5dhcz8v7cl2fgyw                                               : loaded 2 times (x 173B)
Class kotlin.collections.MapsKt__MapsJVMKt                                            : loaded 2 times (x 73B)
Class kotlin.collections.EmptyList                                                    : loaded 2 times (x 176B)
Class org.gradle.internal.time.DefaultTimer                                           : loaded 2 times (x 82B)
Class sync_studio_tooling9_d3r6ej5zo0do14vwbjxummxmk$_run_closure1                    : loaded 2 times (x 140B)
Class com.google.wireless.android.sdk.stats.AndroidStudioEvent$EventKind$1            : loaded 2 times (x 78B)
Class com.google.wireless.android.sdk.stats.AutoSyncSettingChangeEvent                : loaded 2 times (x 199B)
Class com.google.wireless.android.sdk.stats.SoongSyncStats                            : loaded 2 times (x 208B)
Class com.google.wireless.android.sdk.stats.AdbAssistantStatsOrBuilder                : loaded 2 times (x 72B)
Class com.google.wireless.android.sdk.stats.RollbackToolCallEventOrBuilder            : loaded 2 times (x 72B)
Class com.android.build.gradle.internal.ide.v2.AndroidDslImpl                         : loaded 2 times (x 88B)
Class com.android.build.gradle.internal.ide.v2.InstallationImpl                       : loaded 2 times (x 78B)
Class javax.xml.bind.annotation.XmlSchemaType$DEFAULT                                 : loaded 2 times (x 73B)
Class com.sun.xml.bind.v2.model.annotation.XmlSchemaTypeQuick                         : loaded 2 times (x 95B)
Class com.sun.xml.bind.v2.model.impl.RuntimeBuiltinLeafInfoImpl$10                    : loaded 2 times (x 138B)
Class com.sun.xml.bind.v2.model.impl.RuntimeBuiltinLeafInfoImpl$9                     : loaded 2 times (x 138B)
Class com.sun.xml.bind.v2.runtime.BridgeImpl                                          : loaded 2 times (x 89B)
Class com.android.repository.api.ProgressIndicator                                    : loaded 2 times (x 72B)
Class com.android.tools.analytics.JournalingUsageTracker$State                        : loaded 2 times (x 81B)
Class kotlinx.coroutines.flow.FlowKt__TransformKt                                     : loaded 2 times (x 73B)
Class com.android.repository.impl.meta.RemotePackageImpl$ChannelRef                   : loaded 2 times (x 75B)
Class com.sun.xml.bind.v2.runtime.JAXBContextImpl$2                                   : loaded 2 times (x 80B)
Class com.android.build.gradle.internal.dependency.AndroidAttributes$toAttributeMapString$$inlined$sortedBy$2: loaded 2 times (x 91B)
Class com.android.build.gradle.internal.dependency.EnumerateClassesTransform$Inject_1 : loaded 2 times (x 111B)
Class com.android.build.gradle.internal.dependency.IdentityTransform$Inject_1         : loaded 2 times (x 111B)
Class com.android.build.gradle.internal.variant.DefaultFlavorComparator               : loaded 2 times (x 91B)
Class com.android.tools.utp.gradle.api.UtpDependency$5                                : loaded 2 times (x 133B)
Class com.android.build.gradle.internal.tasks.PerModuleReportDependenciesTask$CreationAction$handleProvider$1: loaded 2 times (x 133B)
Class com.android.build.gradle.tasks.PackageApplication$CreationAction$handleProvider$1: loaded 2 times (x 131B)
Class com.android.build.gradle.internal.scope.InternalArtifactType$MODULE_BUNDLE      : loaded 2 times (x 76B)
Class com.android.build.gradle.internal.tasks.featuresplit.FeatureSetMetadataWriterTask$CreationAction: loaded 2 times (x 92B)
Class org.jetbrains.kotlin.gradle.plugin.mpp.DefaultKotlinCompilationOutput           : loaded 2 times (x 84B)
Class org.jetbrains.kotlin.gradle.plugin.diagnostics.ToolingDiagnosticRenderingOptions$Companion: loaded 2 times (x 73B)
Class org.jetbrains.kotlin.gradle.dsl.KotlinJvmCompilerOptionsHelper                  : loaded 2 times (x 73B)
Class com.android.build.gradle.internal.tasks.ProcessJavaResTask                      : loaded 2 times (x 576B)
Class com.android.build.gradle.internal.tasks.R8ResourceShrinkingParametersKt         : loaded 2 times (x 73B)
Class com.android.build.gradle.tasks.GenerateManifestJarTask$CreationAction$handleProvider$1: loaded 2 times (x 133B)
Class com.android.build.gradle.internal.AndroidTestTaskManager$createMockableJarTask$1: loaded 2 times (x 77B)
Class com.android.build.api.artifact.MultipleArtifact                                 : loaded 2 times (x 76B)
Class com.android.build.api.component.impl.features.InstrumentationCreationConfigImpl$projectClassesPostInstrumentation$2: loaded 2 times (x 81B)
Class com.android.build.gradle.internal.variant.BaseVariantData$DiscoverableFilterType: loaded 2 times (x 82B)
Class com.android.build.api.variant.impl.BundleConfigImpl$metadataFiles$1             : loaded 2 times (x 80B)
Class com.google.wireless.android.sdk.stats.VariantApiUsageOrBuilder                  : loaded 2 times (x 72B)
Class com.android.build.api.variant.DeviceTestBuilder                                 : loaded 2 times (x 72B)
Class com.android.build.gradle.internal.core.dsl.impl.VariantDslInfoImpl              : loaded 2 times (x 147B)
Class dagger.hilt.android.plugin.transform.AggregatedPackagesTransform$Inject_1       : loaded 2 times (x 111B)
Class com.android.build.gradle.internal.dsl.decorator.DslDecorator$findAbstractProperties$1$3: loaded 2 times (x 80B)
Class javax.xml.bind.annotation.XmlEnum                                               : loaded 2 times (x 72B)
Class com.android.build.gradle.internal.dsl.DependencySelectionImpl                   : loaded 2 times (x 80B)
Class com.android.build.api.dsl.BundleDeviceGroup                                     : loaded 2 times (x 72B)
Class com.android.build.gradle.api.AnnotationProcessorOptions                         : loaded 2 times (x 72B)
Class com.android.build.api.dsl.ApplicationBaseFlavor                                 : loaded 2 times (x 72B)
Class com.android.build.gradle.internal.dsl.CoreBuildType                             : loaded 2 times (x 72B)
Class org.jetbrains.kotlin.gradle.tasks.DefaultKotlinJavaToolchain$Companion$wireJvmTargetToToolchain$2: loaded 2 times (x 77B)
Class org.jetbrains.kotlin.gradle.plugin.ProjectLocalConfigurations$ProjectLocalDisambiguation: loaded 2 times (x 78B)
Class org.jetbrains.kotlin.gradle.internal.properties.PropertiesBuildService$NullableStringGradleProperty: loaded 2 times (x 78B)
Class org.jetbrains.kotlin.gradle.targets.native.KonanPropertiesBuildService          : loaded 2 times (x 78B)
Class org.jetbrains.kotlin.build.report.metrics.SNAPSHOT_SIZE                         : loaded 2 times (x 74B)
Class org.jetbrains.kotlin.build.report.metrics.LOAD_CLASSPATH_ENTRY_SNAPSHOT_CACHE_HITS: loaded 2 times (x 74B)
Class org.jetbrains.kotlin.build.report.metrics.BACKEND_LPS                           : loaded 2 times (x 74B)
Class org.jetbrains.kotlin.gradle.plugin.KotlinGradleBuildServices$detectKotlinPluginLoadedInMultipleProjects$onRegister$1$1: loaded 2 times (x 77B)
Class org.jetbrains.kotlin.gradle.internal.properties.PropertiesBuildService$Inject_  : loaded 2 times (x 98B)
Class org.jetbrains.kotlin.gradle.plugin.internal.ConfigurationCacheStartParameterAccessor$Factory: loaded 2 times (x 72B)
Class com.android.build.gradle.internal.services.FakeDependencyJarBuildService$Params_Decorated: loaded 2 times (x 132B)
Class com.google.protobuf.DescriptorProtos$FileDescriptorProtoOrBuilder               : loaded 2 times (x 72B)
Class com.google.wireless.android.sdk.stats.GradlePluginDataOrBuilder                 : loaded 2 times (x 72B)
Class com.sun.xml.bind.v2.runtime.reflect.Utils                                       : loaded 2 times (x 73B)
Class [Lcom.sun.xml.bind.v2.runtime.property.Property;                                : loaded 2 times (x 71B)
Class javax.xml.bind.DatatypeConverterInterface                                       : loaded 2 times (x 72B)
Class org.jetbrains.kotlin.build.report.metrics.BuildPerformanceMetrics               : loaded 2 times (x 74B)
Class com.android.build.gradle.internal.ide.dependencies.ArtifactUtils$resolveArtifacts$lintJars$1: loaded 2 times (x 80B)
Class com.android.build.gradle.api.KotlinMultiplatformAndroidPlugin                   : loaded 2 times (x 78B)
Class com.android.build.api.variant.HasDeviceTests                                    : loaded 2 times (x 72B)
Class jdk.internal.jimage.ImageBufferCache$2                                          : loaded 2 times (x 93B)
Class org.gradle.accessors.dm.LibrariesForLibsInPluginsBlock$AndroidxLifecycleViewmodelLibraryAccessors: loaded 2 times (x 79B)
Class com.amazon.ion.impl.bin.PooledBlockAllocatorProvider$PooledBlockAllocator$1     : loaded 2 times (x 81B)
Class com.amazon.ion.impl.lite.IonStringLite                                          : loaded 2 times (x 215B)
Class io.opentelemetry.context.ImplicitContextKeyed                                   : loaded 2 times (x 72B)
Class org.gradle.tooling.internal.adapter.ProtocolToModelAdapter$ViewKey              : loaded 2 times (x 74B)
Class org.gradle.api.internal.classpath.DefaultModuleRegistry$DefaultModule           : loaded 2 times (x 84B)
Class sync_studio_tooling4_4qo5hbc0yfz8pz0hwr0uvlpo3                                  : loaded 2 times (x 173B)
Class com.google.wireless.android.sdk.stats.AndroidCliInvocation                      : loaded 2 times (x 216B)
Class com.google.wireless.android.sdk.stats.WhatsNewAssistantEvent                    : loaded 2 times (x 197B)
Class com.google.wireless.android.sdk.stats.GradlePluginDslUsageStats                 : loaded 2 times (x 200B)
Class com.google.wireless.android.sdk.stats.BuildAttributionUiEvent                   : loaded 2 times (x 217B)
Class com.google.wireless.android.sdk.stats.ComposePreviewLiteModeEventOrBuilder      : loaded 2 times (x 72B)
Class com.google.wireless.android.sdk.stats.EditorPickerEventOrBuilder                : loaded 2 times (x 72B)
Class com.google.wireless.android.sdk.stats.DaggerEditorEventOrBuilder                : loaded 2 times (x 72B)
Class com.android.build.gradle.internal.cxx.configure.NativeModelBuilderOutcome$Outcome$1: loaded 2 times (x 78B)
Class com.android.repository.impl.meta.SchemaModuleUtil$NamespaceFallbackFilter       : loaded 2 times (x 154B)
Class [Lcom.sun.xml.bind.v2.runtime.unmarshaller.Scope;                               : loaded 2 times (x 71B)
Class com.android.repository.impl.generated.generic.v2.GenericDetailsType             : loaded 2 times (x 78B)
Class com.sun.xml.bind.v2.model.impl.RuntimeBuiltinLeafInfoImpl$11                    : loaded 2 times (x 138B)
Class com.sun.xml.bind.v2.model.core.ElementInfo                                      : loaded 2 times (x 72B)
Class com.sun.xml.bind.v2.model.runtime.RuntimeEnumLeafInfo                           : loaded 2 times (x 72B)
Class javax.xml.bind.GetPropertyAction                                                : loaded 2 times (x 77B)
Class com.android.repository.api.Checksum                                             : loaded 2 times (x 82B)
Class com.android.build.gradle.internal.PlatformComponents$Companion                  : loaded 2 times (x 73B)
Class com.android.build.gradle.internal.ide.dependencies.LocalJarCacheImpl$cache$1$jarFiles$1: loaded 2 times (x 76B)
Class com.android.build.gradle.internal.scope.InternalArtifactType$SUPPORTED_LOCALE_LIST: loaded 2 times (x 76B)
Class com.android.build.gradle.internal.scope.ArtifactPublishingUtil                  : loaded 2 times (x 73B)
Class com.android.build.gradle.internal.dependency.BaseDexingTransform                : loaded 2 times (x 82B)
Class com.android.build.gradle.internal.cxx.logging.ThreadLoggingEnvironment$Companion$loggerStack$1: loaded 2 times (x 76B)
Class com.android.tools.utp.gradle.api.UtpDependency$6                                : loaded 2 times (x 133B)
Class com.android.tools.utp.gradle.api.UtpDependencies                                : loaded 2 times (x 86B)
Class com.android.build.gradle.internal.tasks.MergeStartupProfileTask                 : loaded 2 times (x 338B)
Class com.android.build.gradle.internal.tasks.ExtractNativeDebugMetadataTask$FullCreationAction$handleProvider$1: loaded 2 times (x 133B)
Class org.jetbrains.kotlin.gradle.plugin.mpp.compilationImpl.KotlinCompilationSourceSetInclusion$DefaultAddSourcesToCompileTask$addSources$1: loaded 2 times (x 81B)
Class com.android.build.api.component.impl.DeviceTestImpl$pseudoLocalesEnabled$2      : loaded 2 times (x 81B)
Class com.android.build.gradle.internal.core.dsl.impl.DslInfoCommonKt                 : loaded 2 times (x 73B)
Class com.android.build.api.variant.impl.ApplicationVariantImpl$signingConfig$2       : loaded 2 times (x 81B)
Class com.android.build.api.variant.impl.VariantOutputList                            : loaded 2 times (x 175B)
Class com.android.build.gradle.internal.services.VariantBuilderServices$Value         : loaded 2 times (x 72B)
Class com.android.build.gradle.internal.variant.VariantPathHelper$renderscriptObjOutputDir$2: loaded 2 times (x 81B)
Class com.android.build.gradle.internal.PropertiesValueSource                         : loaded 2 times (x 80B)
Class com.android.build.gradle.internal.core.Abi                                      : loaded 2 times (x 81B)
Class com.android.build.gradle.internal.dsl.DataBindingOptions$AgpDecorated_Decorated : loaded 2 times (x 164B)
Class com.android.build.gradle.internal.api.artifact.SourceArtifactType$ML_MODELS     : loaded 2 times (x 76B)
Class com.google.wireless.android.sdk.stats.PreviewRefreshEventOrBuilder              : loaded 2 times (x 72B)
Class com.google.wireless.android.sdk.stats.PromptLibraryEventOrBuilder               : loaded 2 times (x 72B)
Class com.android.build.gradle.internal.dsl.AgpTestSuiteImpl                          : loaded 2 times (x 104B)
Class com.android.build.gradle.internal.dsl.BundleOptionsAbi                          : loaded 2 times (x 79B)
Class org.jetbrains.kotlin.tooling.core.ExtrasUtilsKt                                 : loaded 2 times (x 73B)
Class org.jetbrains.kotlin.buildtools.api.ExperimentalBuildToolsApi                   : loaded 2 times (x 72B)
Class org.jetbrains.kotlin.gradle.targets.native.KonanPropertiesBuildService$Companion$registerIfAbsent$2$1$1: loaded 2 times (x 77B)
Class org.jetbrains.kotlin.build.report.metrics.SAVE_CLASSPATH_ENTRY_SNAPSHOT         : loaded 2 times (x 74B)
Class org.jetbrains.kotlin.build.report.metrics.COMPUTE_CLASSPATH_CHANGES             : loaded 2 times (x 74B)
Class org.jetbrains.kotlin.gradle.utils.ResourceUtilsKt                               : loaded 2 times (x 73B)
Class org.jetbrains.kotlin.gradle.plugin.KotlinPluginWrapperKt$kotlinPluginVersionFromResources$1: loaded 2 times (x 80B)
Class com.android.build.gradle.internal.services.VersionedSdkLoaderService$versionedSdkLoader$2: loaded 2 times (x 81B)
Class com.android.build.gradle.internal.services.ClassesHierarchyBuildService$RegistrationAction: loaded 2 times (x 76B)
Class com.android.build.gradle.internal.services.AndroidLocationsBuildService$AndroidLocations: loaded 2 times (x 84B)
Class com.google.wireless.android.sdk.stats.SuppressedSyncEventOrBuilder              : loaded 2 times (x 72B)
Class com.google.protobuf.CodedInputStream$IterableDirectByteBufferDecoder            : loaded 2 times (x 121B)
Class com.google.protobuf.Internal$DoubleList                                         : loaded 2 times (x 72B)
Class com.google.wireless.android.sdk.stats.McpEnablementEventOrBuilder               : loaded 2 times (x 72B)
Class com.android.build.gradle.internal.plugins.BasePlugin$globalConfig$2             : loaded 2 times (x 81B)
Class com.android.build.gradle.internal.plugins.BasePlugin$variantApiOperations$2     : loaded 2 times (x 81B)
Class com.android.build.gradle.internal.plugins.AndroidPluginBaseServices$configuratorService$2: loaded 2 times (x 81B)
Class com.android.build.api.variant.GeneratesApk                                      : loaded 2 times (x 72B)
Class com.android.build.gradle.internal.dsl.TestedExtensionImpl                       : loaded 2 times (x 224B)
Class com.android.build.gradle.LibraryPlugin                                          : loaded 2 times (x 78B)
Class com.android.build.gradle.internal.services.BuildServicesKt                      : loaded 2 times (x 73B)
Class org.gradle.accessors.dm.LibrariesForLibsInPluginsBlock$AndroidxCoreLibraryAccessors: loaded 2 times (x 79B)
Class com.amazon.ion.impl.bin.Block                                                   : loaded 2 times (x 81B)
Class io.opentelemetry.context.DefaultContextKey                                      : loaded 2 times (x 74B)
Class com.google.common.collect.NullsFirstOrdering                                    : loaded 2 times (x 117B)
Class kotlin.jvm.internal.KotlinGenericDeclaration                                    : loaded 2 times (x 72B)
Class kotlin.ResultKt                                                                 : loaded 2 times (x 73B)
Class org.gradle.tooling.internal.adapter.ProtocolToModelAdapter$PropertyCachingMethodInvoker: loaded 2 times (x 78B)
Class com.google.wireless.android.sdk.stats.UpgradeAssistantProcessorEvent            : loaded 2 times (x 218B)
Class com.google.wireless.android.sdk.stats.KotlinSupportOrBuilder                    : loaded 2 times (x 72B)
Class com.google.wireless.android.sdk.stats.ServerPushNotificationEventOrBuilder      : loaded 2 times (x 72B)
Class com.google.wireless.android.sdk.stats.MemoryUsageReportEventOrBuilder           : loaded 2 times (x 72B)
Class org.jetbrains.kotlin.gradle.internal.config.LanguageOrApiVersion                : loaded 2 times (x 72B)
Class com.android.build.gradle.internal.ide.dependencies.LibraryCacheImpl$getProjectInfo$1: loaded 2 times (x 81B)
Class com.android.build.api.variant.BuiltArtifacts                                    : loaded 2 times (x 72B)
Class org.jetbrains.kotlin.gradle.tasks.UsesKotlinJavaToolchain$DefaultImpls          : loaded 2 times (x 73B)
Class org.jetbrains.kotlin.build.report.metrics.BuildAttributeKind$Companion          : loaded 2 times (x 73B)
Class com.android.build.gradle.internal.tasks.factory.BootClasspathConfigImpl$androidJar$2$1: loaded 2 times (x 77B)
Class com.android.build.gradle.internal.ide.v2.BasicAndroidProjectImpl$Companion      : loaded 2 times (x 73B)
Class com.android.build.gradle.internal.ide.v2.SourceProviderImpl                     : loaded 2 times (x 92B)
Class com.sun.xml.bind.v2.runtime.property.ArrayElementProperty                       : loaded 2 times (x 107B)
Class com.sun.xml.bind.api.impl.NameUtil                                              : loaded 2 times (x 82B)
Class com.sun.xml.bind.v2.util.ByteArrayOutputStreamEx                                : loaded 2 times (x 96B)
Class com.sun.xml.bind.v2.model.impl.RuntimeBuiltinLeafInfoImpl$12                    : loaded 2 times (x 138B)
Class com.sun.xml.bind.v2.model.impl.RuntimeBuiltinLeafInfoImpl$PcdataImpl            : loaded 2 times (x 136B)
Class com.sun.xml.bind.v2.model.impl.ElementInfoImpl                                  : loaded 2 times (x 110B)
Class com.sun.xml.bind.v2.model.annotation.AbstractInlineAnnotationReaderImpl         : loaded 2 times (x 106B)
Class com.android.sdklib.repository.meta.RepoFactory                                  : loaded 2 times (x 76B)
Class com.android.build.gradle.internal.errors.SyncIssueReporterImpl$GlobalSyncIssueService$Parameters$Inject_: loaded 2 times (x 114B)
Class org.jetbrains.kotlin.konan.target.KonanTarget$Companion$toleratedDeprecatedTargets$2: loaded 2 times (x 80B)
Class com.google.wireless.android.sdk.stats.WearPairingEvent                          : loaded 2 times (x 197B)
Class kotlin.collections.AbstractList$Companion                                       : loaded 2 times (x 73B)
Class com.google.protobuf.DescriptorProtos$OneofOptionsOrBuilder                      : loaded 2 times (x 72B)
Class com.google.wireless.android.sdk.stats.AndroidStudioStats                        : loaded 2 times (x 73B)
Class com.android.build.gradle.internal.dependency.AsmClassesTransform$Companion      : loaded 2 times (x 73B)
Class com.android.build.gradle.internal.dependency.AarTransform$Inject_1              : loaded 2 times (x 111B)
Class [Lcom.android.build.gradle.internal.cxx.gradle.generator.NativeProjectPath;     : loaded 2 times (x 71B)
Class com.android.tools.utp.gradle.api.UtpDependency$7                                : loaded 2 times (x 133B)
Class com.android.build.gradle.internal.core.dsl.impl.DslInfoUtilsKt$getInstrumentationRunner$fromFlavor$1: loaded 2 times (x 80B)
Class com.android.build.gradle.tasks.PackageApplication$CreationAction$handleProvider$3: loaded 2 times (x 131B)
Class org.jetbrains.kotlin.gradle.plugin.mpp.compilationImpl.KotlinCompilationSourceSetInclusion$DefaultAddSourcesToCompileTask$addSources$2: loaded 2 times (x 81B)
Class org.jetbrains.kotlin.gradle.plugin.KotlinCompilationOutput                      : loaded 2 times (x 72B)
Class org.jetbrains.kotlin.gradle.tasks.AbstractKotlinCompile                         : loaded 2 times (x 469B)
Class com.android.build.api.artifact.impl.MultiplePropertyAdapter                     : loaded 2 times (x 80B)
Class com.android.build.api.variant.impl.FlatSourceDirectoriesForJavaImpl$all$2       : loaded 2 times (x 81B)
Class com.android.build.gradle.internal.variant.ComponentInfo                         : loaded 2 times (x 74B)
Class com.android.build.gradle.internal.core.ProductFlavor                            : loaded 2 times (x 74B)
Class com.android.build.gradle.internal.variant.VariantPathHelper$directorySegments$2 : loaded 2 times (x 81B)
Class com.android.build.api.attributes.AgpVersionAttr$ImplFactory                     : loaded 2 times (x 77B)
Class kotlin.sequences.SequencesKt___SequencesKt                                      : loaded 2 times (x 73B)
Class com.android.build.gradle.internal.manifest.ManifestValueSource                  : loaded 2 times (x 81B)
Class com.android.build.api.extension.impl.AndroidComponentsExtensionImpl$addKspConfigurations$1: loaded 2 times (x 80B)
Class com.android.build.gradle.internal.tasks.factory.TaskCreationAction              : loaded 2 times (x 91B)
Class com.android.build.gradle.internal.core.ExecutionProfileOptions                  : loaded 2 times (x 74B)
Class kotlin.text.MatcherMatchResult$groupValues$1                                    : loaded 2 times (x 200B)
Class com.android.build.gradle.internal.dsl.BundleOptionsDeviceTier$AgpDecorated_Decorated: loaded 2 times (x 132B)
Class com.android.build.gradle.internal.dsl.decorator.ApplicationInstallationImpl     : loaded 2 times (x 96B)
Class com.google.common.collect.ReverseNaturalOrdering                                : loaded 2 times (x 116B)
Class io.opentelemetry.context.Scope                                                  : loaded 2 times (x 72B)
Class com.android.build.gradle.internal.dsl.decorator.DslDecorator                    : loaded 2 times (x 74B)
Class com.android.build.api.dsl.AndroidTest                                           : loaded 2 times (x 72B)
Class com.android.builder.model.DimensionAware                                        : loaded 2 times (x 72B)
Class org.jetbrains.kotlin.gradle.targets.native.KonanPropertiesBuildService$Parameters_Decorated: loaded 2 times (x 132B)
Class org.jetbrains.kotlin.gradle.plugin.KotlinPluginWrapperKt$kotlinPluginVersionFromResources$1$1: loaded 2 times (x 73B)
Class com.amazon.ion.impl.bin.IonManagedBinaryWriter$ImportedSymbolResolverMode$2     : loaded 2 times (x 82B)
Class com.android.build.gradle.internal.res.Aapt2FromMaven$Companion$Aapt2Extractor$Inject_1: loaded 2 times (x 111B)
Class com.intellij.openapi.externalSystem.model.ExternalSystemException               : loaded 2 times (x 87B)
Class org.jetbrains.plugins.gradle.model.ExternalTask                                 : loaded 2 times (x 72B)
Class com.amazon.ion.impl.bin.utf8.Utf8StringEncoderPool$1                            : loaded 2 times (x 78B)
Class com.amazon.ion.impl.lite.IonLoaderLite                                          : loaded 2 times (x 84B)
Class com.amazon.ion.impl.lite.IonContext                                             : loaded 2 times (x 72B)
Class com.amazon.ion.impl.IonWriterSystemText                                         : loaded 2 times (x 191B)
Class [Lcom.amazon.ion.impl.bin.IonManagedBinaryWriter$ImportedSymbolResolverMode;    : loaded 2 times (x 71B)
Class com.amazon.ion.ValueFactory                                                     : loaded 2 times (x 72B)
Class io.opentelemetry.api.internal.IncubatingUtil                                    : loaded 2 times (x 73B)
Class io.opentelemetry.api.GlobalOpenTelemetry$ObfuscatedOpenTelemetry                : loaded 2 times (x 94B)
Class kotlin.collections.ArraysKt__ArraysKt                                           : loaded 2 times (x 73B)
Class kotlin.Result$Failure                                                           : loaded 2 times (x 74B)
Class org.gradle.internal.time.DefaultCountdownTimer                                  : loaded 2 times (x 90B)
Class com.google.wireless.android.sdk.stats.PreviewRefreshEvent                       : loaded 2 times (x 212B)
Class com.google.wireless.android.sdk.stats.LayoutEditorEvent                         : loaded 2 times (x 235B)
Class com.google.wireless.android.sdk.stats.StudioRunEventOrBuilder                   : loaded 2 times (x 72B)
Class org.jetbrains.kotlin.gradle.internal.config.LanguageFeatureBehaviorAfterSinceVersion$CannotBeDisabled: loaded 2 times (x 73B)
Class org.jetbrains.kotlin.gradle.internal.config.LanguageFeatureBehaviorAfterSinceVersion: loaded 2 times (x 73B)
Class com.android.build.gradle.tasks.ExtractDeepLinksTask$BaseCreationAction$configure$1: loaded 2 times (x 81B)
Class org.jetbrains.kotlin.gradle.internal.kapt.incremental.StructureTransformAction$Inject_1: loaded 2 times (x 111B)
Class com.sun.xml.bind.v2.runtime.unmarshaller.LeafPropertyXsiLoader                  : loaded 2 times (x 80B)
Class com.sun.xml.bind.v2.runtime.property.ArrayReferenceNodeProperty                 : loaded 2 times (x 106B)
Class [Lcom.sun.xml.bind.v2.runtime.property.AttributeProperty;                       : loaded 2 times (x 71B)
Class javax.xml.bind.annotation.XmlElements                                           : loaded 2 times (x 72B)
Class com.sun.xml.bind.v2.model.impl.ClassInfoImpl$ConflictException                  : loaded 2 times (x 84B)
Class com.sun.xml.bind.v2.model.annotation.XmlElementQuick                            : loaded 2 times (x 98B)
Class com.sun.xml.bind.v2.model.impl.RuntimeBuiltinLeafInfoImpl$13                    : loaded 2 times (x 139B)
Class com.sun.xml.bind.v2.model.impl.ModelBuilderI                                    : loaded 2 times (x 72B)
Class com.sun.xml.bind.v2.runtime.LeafBeanInfoImpl                                    : loaded 2 times (x 91B)
Class com.android.build.gradle.internal.SdkLibDataFactory$getSettingsController$1     : loaded 2 times (x 80B)
Class kotlinx.coroutines.flow.internal.NullSurrogateKt                                : loaded 2 times (x 73B)
Class com.android.build.gradle.internal.plugins.AbstractAppPlugin                     : loaded 2 times (x 96B)
Class kotlinx.coroutines.ExecutorsKt                                                  : loaded 2 times (x 73B)
Class com.android.tools.analytics.UsageTracker$Mode                                   : loaded 2 times (x 81B)
Class com.android.build.gradle.internal.core.dsl.impl.ComponentDslInfoImpl$computeApplicationIdSuffix$2: loaded 2 times (x 80B)
Class com.android.tools.utp.gradle.api.UtpDependency$8                                : loaded 2 times (x 133B)
Class com.android.build.gradle.internal.scope.InternalArtifactType$APP_INTEGRITY_CONFIG: loaded 2 times (x 76B)
Class com.android.build.gradle.internal.tasks.InstallVariantTask                      : loaded 2 times (x 342B)
Class org.jetbrains.kotlin.tooling.core.Extras$Entry                                  : loaded 2 times (x 74B)
Class org.jetbrains.kotlin.gradle.plugin.sources.InternalKotlinSourceSetKt            : loaded 2 times (x 73B)
Class com.android.build.api.variant.impl.LayeredSourceDirectoriesImpl                 : loaded 2 times (x 94B)
Class com.android.build.api.component.impl.DefaultSourcesProviderImpl                 : loaded 2 times (x 108B)
Class com.android.build.api.component.analytics.AnalyticsEnabledJavaCompilation_Decorated: loaded 2 times (x 124B)
Class com.android.build.gradle.internal.component.LibraryCreationConfig               : loaded 2 times (x 72B)
Class com.android.build.api.variant.VariantOutput                                     : loaded 2 times (x 72B)
Class com.android.build.gradle.internal.variant.VariantPathHelper                     : loaded 2 times (x 74B)
Class com.android.build.gradle.internal.dependency.VariantDependencies$Companion      : loaded 2 times (x 73B)
Class com.google.wireless.android.sdk.stats.AnnotationProcessorInfoOrBuilder          : loaded 2 times (x 72B)
Class com.android.build.gradle.internal.core.MergedOptions                            : loaded 2 times (x 72B)
Class dagger.hilt.processor.internal.optionvalues.GradleProjectType                   : loaded 2 times (x 81B)
Class com.android.build.api.dsl.ApplicationAndroidResources                           : loaded 2 times (x 72B)
Class com.android.build.gradle.internal.api.artifact.SourceArtifactType$BASELINE_PROFILES: loaded 2 times (x 76B)
Class com.android.build.api.dsl.AaptOptions                                           : loaded 2 times (x 72B)
Class com.android.build.api.dsl.LibraryBaseFlavor                                     : loaded 2 times (x 72B)
Class org.jetbrains.kotlin.gradle.dsl.KotlinJvmCompilerOptionsDefault_Decorated       : loaded 2 times (x 165B)
Class org.jetbrains.kotlin.gradle.internal.ClassLoadersCachingBuildService$Parameters_Decorated: loaded 2 times (x 132B)
Class org.jetbrains.kotlin.gradle.targets.native.toolchain.KotlinNativeBundleBuildService$Companion: loaded 2 times (x 73B)
Class com.android.build.gradle.options.BooleanOption                                  : loaded 2 times (x 90B)
Class org.jetbrains.kotlin.gradle.plugin.VariantImplementationFactoriesConfigurator   : loaded 2 times (x 78B)
Class org.jetbrains.kotlin.gradle.plugin.HasKotlinDependencies                        : loaded 2 times (x 72B)
Class org.jetbrains.kotlin.gradle.internal.Kapt3GradleSubplugin$Kapt3SubpluginContext : loaded 2 times (x 74B)
Class com.android.build.gradle.internal.services.Aapt2ThreadPoolBuildService$Params   : loaded 2 times (x 72B)
Class com.google.protobuf.ByteString$ArraysByteArrayCopier                            : loaded 2 times (x 76B)
Class com.google.protobuf.DescriptorProtos$FileOptionsOrBuilder                       : loaded 2 times (x 72B)
Class [Lcom.google.wireless.android.sdk.stats.GradleBuildProject$PluginGeneration;    : loaded 2 times (x 71B)
Class com.android.build.gradle.internal.DependencyResolutionChecksKt                  : loaded 2 times (x 73B)
Class com.google.protobuf.Internal$ProtobufList                                       : loaded 2 times (x 72B)
Class [Lcom.android.tools.analytics.AnalyticsLevel;                                   : loaded 2 times (x 71B)
Class com.android.build.gradle.internal.lint.LintFromMaven$Companion                  : loaded 2 times (x 73B)
Class [Lcom.android.build.gradle.options.IntegerOption;                               : loaded 2 times (x 71B)
Class com.android.ide.common.blame.SourceFile                                         : loaded 2 times (x 74B)
Class com.google.wireless.android.sdk.stats.GarbageCollectionStatsOrBuilder           : loaded 2 times (x 72B)
Class com.android.build.gradle.internal.plugins.BasePlugin$newExtension$2             : loaded 2 times (x 81B)
Class com.android.build.gradle.internal.services.VersionedSdkLoaderService            : loaded 2 times (x 74B)
Class com.android.build.gradle.internal.plugins.AppPlugin$Binding                     : loaded 2 times (x 77B)
Class org.gradle.accessors.dm.LibrariesForLibs$PluginAccessors                        : loaded 2 times (x 79B)
Class com.amazon.ion.impl.bin.IonManagedBinaryWriter$SymbolResolver                   : loaded 2 times (x 72B)
Class com.amazon.ion.impl._Private_SymbolToken                                        : loaded 2 times (x 72B)
Class com.amazon.ion.impl.bin._Private_IonManagedBinaryWriterBuilder$AllocatorMode    : loaded 2 times (x 82B)
Class org.jetbrains.plugins.gradle.model.GradleTaskModel                              : loaded 2 times (x 72B)
Class org.jetbrains.plugins.gradle.tooling.util.ObjectCollector                       : loaded 2 times (x 74B)
Class kotlin.collections.SetsKt__SetsJVMKt                                            : loaded 2 times (x 73B)
Class kotlin.Function                                                                 : loaded 2 times (x 72B)
Class org.gradle.tooling.internal.adapter.ProtocolToModelAdapter$AdaptingMethodInvoker: loaded 2 times (x 78B)
Class org.gradle.tooling.internal.gradle.DefaultBuildIdentifier                       : loaded 2 times (x 81B)
Class org.gradle.api.internal.classpath.Module                                        : loaded 2 times (x 72B)
Class com.google.wireless.android.sdk.stats.JvmDetails$Builder                        : loaded 2 times (x 316B)
Class com.google.wireless.android.sdk.stats.EmulatorConsoleEvent                      : loaded 2 times (x 202B)
Class com.google.wireless.android.sdk.stats.UnitTestGenerationEvent                   : loaded 2 times (x 219B)
Class com.google.wireless.android.sdk.stats.AdbServerStatus                           : loaded 2 times (x 208B)
Class com.google.wireless.android.sdk.stats.IDeviceUsageEvent                         : loaded 2 times (x 201B)
Class com.google.wireless.android.sdk.stats.SmlTransformEventOrBuilder                : loaded 2 times (x 72B)
Class org.jetbrains.kotlin.cli.common.arguments.Disables$Container                    : loaded 2 times (x 72B)
Class com.android.build.gradle.internal.ide.v2.AndroidLibraryDataImpl                 : loaded 2 times (x 89B)
Class com.android.build.gradle.tasks.ExtractDeepLinksTask$BaseCreationAction$configure$2: loaded 2 times (x 80B)
Class com.android.build.api.component.impl.features.ManifestPlaceholdersCreationConfigImpl$placeholders$2: loaded 2 times (x 81B)
Class com.android.build.gradle.internal.ide.v2.InstallationImpl$Companion             : loaded 2 times (x 73B)
Class com.google.devtools.ksp.gradle.KspSubpluginKt$getClassStructureFiles$1          : loaded 2 times (x 76B)
Class com.google.devtools.ksp.gradle.KspAATask$Companion$registerKspAATask$kspTaskProvider$1$1: loaded 2 times (x 76B)
Class org.jetbrains.kotlin.gradle.tasks.KotlinCompile$ClasspathSnapshotProperties_Decorated: loaded 2 times (x 131B)
Class com.android.build.gradle.tasks.JdkImageInput$jrtFsJar$1                         : loaded 2 times (x 76B)
Class com.android.build.gradle.internal.dependency.JdkImageTransformKt                : loaded 2 times (x 73B)
Class com.android.build.gradle.internal.ide.v2.ModelBuilder$BuildTypeSourceSetBuilder : loaded 2 times (x 85B)
Class com.sun.xml.bind.v2.runtime.reflect.AdaptedLister                               : loaded 2 times (x 79B)
Class com.android.repository.impl.generated.v1.TypeDetails                            : loaded 2 times (x 77B)
Class com.sun.xml.bind.v2.model.nav.ReflectionNavigator$10                            : loaded 2 times (x 79B)
Class com.sun.xml.bind.v2.model.impl.RuntimeBuiltinLeafInfoImpl$UUIDImpl              : loaded 2 times (x 138B)
Class com.sun.xml.bind.v2.model.impl.RuntimeBuiltinLeafInfoImpl$14                    : loaded 2 times (x 138B)
Class com.sun.xml.bind.v2.model.core.RegistryInfo                                     : loaded 2 times (x 72B)
Class com.android.repository.impl.generated.v2.ChecksumType                           : loaded 2 times (x 84B)
Class com.android.sdklib.repository.generated.addon.v1.ObjectFactory                  : loaded 2 times (x 82B)
Class com.android.build.gradle.internal.SdkComponentsBuildService$VersionedSdkLoader$sdkLoadStrategy$2: loaded 2 times (x 81B)
Class com.google.devtools.ksp.gradle.model.Ksp                                        : loaded 2 times (x 72B)
Class com.android.build.gradle.internal.profile.AnalyticsService                      : loaded 2 times (x 112B)
Class com.google.common.cache.LocalCache$EntrySet                                     : loaded 2 times (x 138B)
Class [Lcom.google.protobuf.DescriptorProtos$FieldDescriptorProto$Type;               : loaded 2 times (x 71B)
Class com.android.build.gradle.internal.scope.InternalArtifactType$LIBRARY_ART_PROFILE: loaded 2 times (x 76B)
Class com.android.build.gradle.internal.dependency.DexingRegistration$ComponentAgnosticParameters: loaded 2 times (x 74B)
Class com.android.build.gradle.internal.utils.DesugarLibUtils$getDesugarLibConfigFromTransform$1$1: loaded 2 times (x 76B)
Class com.android.build.gradle.internal.services.Aapt2Input_Decorated                 : loaded 2 times (x 157B)
Class com.android.tools.utp.gradle.api.UtpDependency$10                               : loaded 2 times (x 133B)
Class com.android.tools.utp.gradle.api.UtpDependency$9                                : loaded 2 times (x 133B)
Class com.android.build.gradle.internal.scope.InternalArtifactType$APK_FROM_BUNDLE_IDE_MODEL: loaded 2 times (x 76B)
Class com.android.build.gradle.internal.tasks.ValidateSigningTask                     : loaded 2 times (x 338B)
Class com.android.build.gradle.tasks.PackageApplication$CreationAction$handleProvider$5: loaded 2 times (x 133B)
Class com.android.build.gradle.internal.tasks.ExtractNativeDebugMetadataTask$SymbolTableCreationAction$handleProvider$1: loaded 2 times (x 133B)
Class com.android.builder.dexing.R8Version                                            : loaded 2 times (x 73B)
Class org.jetbrains.kotlin.gradle.plugin.mpp.compilationImpl.KotlinCompilationSourceSetInclusion$Companion$includedSourceSets$2: loaded 2 times (x 80B)
Class com.android.build.gradle.tasks.KotlinCompileCreationAction$handleProvider$1     : loaded 2 times (x 80B)
Class com.android.build.gradle.internal.dependency.VariantDependencies$Companion$computeLocalFileDependencies$dependencies$1: loaded 2 times (x 77B)
Class dagger.hilt.android.plugin.transform.AndroidEntryPointClassVisitor              : loaded 2 times (x 90B)
Class com.google.wireless.android.sdk.stats.GradleBuildVariant$DexMergerTool$1        : loaded 2 times (x 78B)
Class com.android.build.gradle.internal.core.dsl.features.AndroidResourcesDslInfo     : loaded 2 times (x 72B)
Class com.android.build.api.variant.VariantOutputConfiguration$OutputType             : loaded 2 times (x 81B)
Class com.android.build.api.variant.TestComponent                                     : loaded 2 times (x 72B)
Class com.android.build.api.attributes.BuildTypeAttr$Companion                        : loaded 2 times (x 73B)
Class com.android.build.api.variant.TestSuiteBuilder                                  : loaded 2 times (x 72B)
Class com.google.wireless.android.sdk.stats.GradleBuildProject$CompileOptions$Builder : loaded 2 times (x 301B)
Class com.android.build.gradle.internal.crash.CrashReporting$afterEvaluate$1          : loaded 2 times (x 77B)
Class com.android.build.gradle.internal.dsl.MinSdkSpecImpl                            : loaded 2 times (x 83B)
Class com.android.build.api.dsl.Packaging                                             : loaded 2 times (x 72B)
Class com.android.build.gradle.internal.dsl.ProductFlavor                             : loaded 2 times (x 471B)
Class org.jetbrains.kotlin.build.report.metrics.KlibSizeMetricKt                      : loaded 2 times (x 73B)
Class org.jetbrains.kotlin.build.report.metrics.START_TASK_ACTION_EXECUTION           : loaded 2 times (x 74B)
Class org.jetbrains.kotlin.gradle.plugin.KotlinGradleFinishBuildHandler$Companion     : loaded 2 times (x 73B)
Class org.jetbrains.kotlin.gradle.internal.IsInIdeaSyncValueSource                    : loaded 2 times (x 80B)
Class com.android.build.gradle.internal.SdkComponentsBuildService$RegistrationAction  : loaded 2 times (x 76B)
Class com.android.build.gradle.internal.ide.dependencies.LibraryDependencyCacheBuildService: loaded 2 times (x 82B)
Class com.google.protobuf.DescriptorProtos$EnumValueOptions$1                         : loaded 2 times (x 153B)
Class com.google.protobuf.ByteString$BoundedByteString                                : loaded 2 times (x 108B)
Class com.google.protobuf.Descriptors$FileDescriptor                                  : loaded 2 times (x 78B)
Class com.google.wireless.android.sdk.stats.GarbageCollectionStats                    : loaded 2 times (x 202B)
Class com.android.utils.EnvironmentProvider$DirectEnvironmentProvider                 : loaded 2 times (x 82B)
Class com.google.protobuf.ExtensionRegistry$ExtensionInfo                             : loaded 2 times (x 74B)
Class org.jetbrains.kotlin.gradle.report.BuildMetricsService                          : loaded 2 times (x 88B)
Class com.android.build.gradle.options.Option$Status$Removed                          : loaded 2 times (x 74B)
Class com.android.build.gradle.internal.plugins.AndroidPluginBaseServices$syncIssueReporter$2: loaded 2 times (x 81B)
Class com.android.build.api.variant.CanMinifyCode                                     : loaded 2 times (x 72B)
Class com.android.build.gradle.options.ProjectOptionService                           : loaded 2 times (x 79B)
Class org.gradle.accessors.dm.LibrariesForLibsInPluginsBlock$VersionAccessors         : loaded 2 times (x 94B)
Class [Lcom.amazon.ion.util.GzipStreamInterceptor;                                    : loaded 2 times (x 71B)
Class com.amazon.ion.impl._Private_IonReaderBuilder$Mutable                           : loaded 2 times (x 99B)
Class com.intellij.openapi.externalSystem.model.project.IExternalSystemSourceType     : loaded 2 times (x 72B)
Class kotlin.io.FileAlreadyExistsException                                            : loaded 2 times (x 84B)
Class kotlin.internal.ProgressionUtilKt                                               : loaded 2 times (x 73B)
Class org.gradle.api.internal.classpath.UnknownModuleException                        : loaded 2 times (x 84B)
Class com.google.wireless.android.sdk.stats.EmulatorWindowsHypervisorMigrationEvent   : loaded 2 times (x 197B)
Class com.google.wireless.android.sdk.stats.ApkAnalyzerStats                          : loaded 2 times (x 201B)
Class org.jetbrains.kotlin.build.report.metrics.INCREMENTAL_REMOVE_DUPLICATE_CLASSES  : loaded 2 times (x 74B)
Class org.jetbrains.kotlin.gradle.plugin.PropertiesProvider$classLoaderCacheTimeoutInSeconds$1: loaded 2 times (x 77B)
Class org.jetbrains.kotlin.gradle.tasks.KotlinCompile$createCompilerArguments$1$1     : loaded 2 times (x 81B)
Class com.android.build.gradle.internal.tasks.featuresplit.PackagedDependenciesWriterTask$CreationAction$configure$1$1$1: loaded 2 times (x 81B)
Class org.jetbrains.kotlin.gradle.plugin.statistics.BuildFusService$Parameters        : loaded 2 times (x 72B)
Class com.sun.xml.bind.v2.model.impl.ClassInfoImpl$SecondaryAnnotation                : loaded 2 times (x 81B)
Class com.sun.xml.bind.v2.model.impl.RuntimeBuiltinLeafInfoImpl$15                    : loaded 2 times (x 138B)
Class com.sun.xml.bind.v2.runtime.AnyTypeBeanInfo                                     : loaded 2 times (x 94B)
Class com.sun.xml.bind.v2.model.core.MaybeElement                                     : loaded 2 times (x 72B)
Class javax.xml.bind.ContextFinder                                                    : loaded 2 times (x 73B)
Class com.android.sdklib.repository.meta.DetailsTypes                                 : loaded 2 times (x 73B)
Class org.jetbrains.kotlin.gradle.plugin.KotlinTargetsContainer                       : loaded 2 times (x 72B)
Class org.jetbrains.kotlin.gradle.dsl.abi.ExperimentalAbiValidation                   : loaded 2 times (x 72B)
Class [Lcom.google.protobuf.WireFormat$JavaType;                                      : loaded 2 times (x 71B)
Class com.google.wireless.android.sdk.stats.GradleBuildProject$GradlePlugin$1         : loaded 2 times (x 78B)
Class com.android.build.gradle.internal.services.UsesAapt2DaemonBuildService          : loaded 2 times (x 72B)
Class com.android.build.gradle.internal.SdkComponentsBuildService$Inject_             : loaded 2 times (x 102B)
Class com.android.tools.utp.gradle.api.UtpDependency$11                               : loaded 2 times (x 133B)
Class com.android.build.gradle.internal.tasks.ExtractApksTask                         : loaded 2 times (x 344B)
Class com.android.build.gradle.internal.scope.InternalArtifactType$SIGNING_CONFIG_VERSIONS: loaded 2 times (x 76B)
Class com.android.build.gradle.internal.scope.InternalArtifactType$PACKAGED_DEPENDENCIES: loaded 2 times (x 76B)
Class com.android.build.gradle.internal.TaskManager$createPackagingTask$1             : loaded 2 times (x 77B)
Class com.android.build.gradle.tasks.PackageAndroidArtifact$CreationAction$Companion  : loaded 2 times (x 73B)
Class com.android.build.gradle.internal.tasks.DexFileDependenciesTask                 : loaded 2 times (x 345B)
Class com.android.build.gradle.internal.tasks.DexArchiveBuilderTask                   : loaded 2 times (x 354B)
Class org.jetbrains.kotlin.gradle.plugin.mpp.InternalKotlinTarget$DefaultImpls        : loaded 2 times (x 73B)
Class org.jetbrains.kotlin.gradle.plugin.mpp.compilationImpl.KotlinCompilationRegisterInSourceSetsConfigurator$configure$1: loaded 2 times (x 81B)
Class com.android.build.gradle.internal.tasks.creationconfig.JavaCompileCreationConfig: loaded 2 times (x 72B)
Class com.android.build.api.artifact.impl.InAndOutDirectoryOperationRequestImpl       : loaded 2 times (x 83B)
Class com.android.build.api.component.analytics.AnalyticsEnabledAnnotationProcessor_Decorated: loaded 2 times (x 128B)
Class com.android.build.gradle.internal.core.dsl.impl.features.OptimizationDslInfoImpl$postProcessingOptions$2$1: loaded 2 times (x 82B)
Class com.android.build.api.extension.impl.AndroidComponentsExtensionImpl$sam$java_util_function_Function$0: loaded 2 times (x 81B)
Class dagger.hilt.android.plugin.rules.HiltArtifactCompatibilityRule                  : loaded 2 times (x 80B)
Class com.android.build.gradle.internal.dsl.LintImpl$SeverityOverrideSet              : loaded 2 times (x 145B)
Class com.android.builder.model.AdbOptions                                            : loaded 2 times (x 72B)
Class com.android.build.api.dsl.MinSdkVersion                                         : loaded 2 times (x 72B)
Class com.android.build.api.dsl.CompileSdkSpec                                        : loaded 2 times (x 72B)
Class com.android.builder.model.DataBindingOptions                                    : loaded 2 times (x 72B)
Class org.jetbrains.kotlin.gradle.plugin.mpp.KotlinUsageContext                       : loaded 2 times (x 72B)
Class org.jetbrains.kotlin.gradle.utils.ConfigurationsKt                              : loaded 2 times (x 73B)
Class org.jetbrains.kotlin.gradle.plugin.diagnostics.DefaultProblemsReporter$Factory  : loaded 2 times (x 78B)
Class com.android.prefs.VariableValue                                                 : loaded 2 times (x 84B)
Class com.android.prefs.AbstractAndroidLocations$Companion                            : loaded 2 times (x 73B)
Class com.google.protobuf.SmallSortedMap                                              : loaded 2 times (x 133B)
Class com.android.build.gradle.internal.dsl.BaseFlavor                                : loaded 2 times (x 429B)
Class com.android.build.gradle.internal.dsl.SigningConfigFactory                      : loaded 2 times (x 79B)
Class com.android.build.gradle.internal.dsl.ShaderOptions                             : loaded 2 times (x 89B)
Class com.android.build.gradle.internal.cxx.model.CxxAbiModel                         : loaded 2 times (x 74B)
Class com.android.ide.common.blame.SourcePositionJsonTypeAdapter                      : loaded 2 times (x 77B)
Class com.android.build.gradle.options.FeatureStage$Removed                           : loaded 2 times (x 74B)
Class com.android.build.gradle.options.Stage                                          : loaded 2 times (x 74B)
Class jdk.internal.jimage.ImageHeader                                                 : loaded 2 times (x 73B)
Class io.opentelemetry.api.trace.TraceStateBuilder                                    : loaded 2 times (x 72B)
Class com.intellij.openapi.externalSystem.model.project.dependencies.ProjectDependencies: loaded 2 times (x 72B)
Class org.jetbrains.plugins.gradle.tooling.serialization.ProjectDependenciesSerializationService$ReadContext: loaded 2 times (x 74B)
Class com.google.wireless.android.sdk.stats.ApkDebugProject                           : loaded 2 times (x 198B)
Class com.google.wireless.android.sdk.stats.TestRecorderDetails                       : loaded 2 times (x 199B)
Class com.google.wireless.android.sdk.stats.SdkIndexProjectStatsOrBuilder             : loaded 2 times (x 72B)
Class com.google.wireless.android.sdk.stats.SigningWizardEventOrBuilder               : loaded 2 times (x 72B)
Class com.android.build.gradle.internal.TaskManager$Companion$createTasksBeforeEvaluate$2: loaded 2 times (x 76B)
Class org.jetbrains.kotlin.gradle.tasks.KotlinCompile$createCompilerArguments$1$2     : loaded 2 times (x 81B)
Class com.android.build.gradle.internal.ide.v2.TestInfoImpl                           : loaded 2 times (x 80B)
Class com.android.build.api.variant.impl.ApplicationAndroidResourcesBuilderImpl       : loaded 2 times (x 77B)
Class com.android.sdklib.repository.generated.addon.v1.MavenType                      : loaded 2 times (x 82B)
Class com.sun.xml.bind.v2.model.impl.ReferencePropertyInfoImpl                        : loaded 2 times (x 128B)
Class javax.xml.bind.annotation.XmlTransient                                          : loaded 2 times (x 72B)
Class com.sun.xml.bind.v2.model.impl.AnyTypeImpl                                      : loaded 2 times (x 91B)
Class com.sun.xml.bind.v2.model.impl.RuntimeBuiltinLeafInfoImpl$16                    : loaded 2 times (x 138B)
Class com.sun.xml.bind.v2.runtime.IllegalAnnotationsException                         : loaded 2 times (x 88B)
Class com.android.tools.analytics.AnonymousUsageTrackerWriter$Companion               : loaded 2 times (x 73B)
Class com.google.protobuf.CodedOutputStream$ByteOutputEncoder                         : loaded 2 times (x 112B)
Class com.android.build.gradle.internal.scope.InternalArtifactType$METADATA_FEATURE_DECLARATION: loaded 2 times (x 76B)
Class com.android.build.gradle.internal.VariantTaskManager$createReportTasks$1        : loaded 2 times (x 77B)
Class com.android.build.gradle.internal.lint.AndroidLintTextOutputTask                : loaded 2 times (x 343B)
Class com.android.tools.utp.gradle.api.UtpDependency$12                               : loaded 2 times (x 133B)
Class com.android.build.gradle.internal.tasks.SigningConfigWriterTask$CreationAction  : loaded 2 times (x 92B)
Class com.android.build.gradle.internal.TaskManager$createPackagingTask$2             : loaded 2 times (x 77B)
Class com.android.build.gradle.internal.tasks.MergeJavaResourcesInputsOutputs         : loaded 2 times (x 72B)
Class org.jetbrains.kotlin.gradle.targets.js.dsl.KotlinTargetWithNodeJsDsl            : loaded 2 times (x 72B)
Class org.jetbrains.kotlin.gradle.plugin.sources.DefaultKotlinSourceSetKt$defaultSourceSetLanguageSettingsChecker$1: loaded 2 times (x 80B)
Class org.jetbrains.kotlin.gradle.plugin.sources.InternalKotlinSourceSet              : loaded 2 times (x 72B)
Class com.android.build.gradle.internal.scope.InternalArtifactType$AAR_METADATA_CHECK : loaded 2 times (x 76B)
Class com.android.build.gradle.tasks.CompileNavigationXmlTask                         : loaded 2 times (x 344B)
Class com.android.build.api.artifact.impl.OutOperationRequestImpl                     : loaded 2 times (x 95B)
Class com.android.build.api.artifact.impl.ArtifactOperationRequest                    : loaded 2 times (x 72B)
Class com.android.build.gradle.internal.tasks.ValidateResourcesTask$CreateAction      : loaded 2 times (x 92B)
Class com.android.build.gradle.internal.tasks.factory.TaskManagerConfigImpl           : loaded 2 times (x 78B)
Class com.android.build.api.component.impl.DeviceTestImpl$buildConfigCreationConfig$2 : loaded 2 times (x 81B)
Class com.android.build.gradle.internal.dependency.ConstraintHandler                  : loaded 2 times (x 73B)
Class com.google.wireless.android.sdk.stats.ApiVersionOrBuilder                       : loaded 2 times (x 72B)
Class com.android.build.api.variant.impl.GlobalVariantBuilderConfig                   : loaded 2 times (x 72B)
Class com.android.build.gradle.internal.SdkLocator$PropertyLocation                   : loaded 2 times (x 81B)
Class com.android.build.gradle.internal.lint.LintTaskManager                          : loaded 2 times (x 74B)
Class com.android.build.gradle.internal.tasks.ExtractProguardFiles                    : loaded 2 times (x 331B)
Class com.android.build.gradle.internal.tasks.factory.GlobalTaskCreationConfigImpl$platformAttrs$2: loaded 2 times (x 81B)
Class com.android.build.api.variant.ScopedArtifacts                                   : loaded 2 times (x 72B)
Class com.android.build.gradle.internal.services.FakeDependencyJarBuildService$Params$Inject_: loaded 2 times (x 108B)
Class com.google.common.base.Converter$ConverterComposition                           : loaded 2 times (x 92B)
Class com.android.build.gradle.internal.dsl.decorator.SupportedPropertyType$Block     : loaded 2 times (x 76B)
Class com.android.build.api.dsl.CompileSdkVersion                                     : loaded 2 times (x 72B)
Class com.android.build.api.dsl.ApplicationDefaultConfig                              : loaded 2 times (x 72B)
Class org.jetbrains.kotlin.gradle.dsl.KotlinGradlePluginPublicDsl                     : loaded 2 times (x 72B)
Class org.jetbrains.kotlin.gradle.internal.properties.NativeProperties                : loaded 2 times (x 72B)
Class org.jetbrains.kotlin.build.report.metrics.JPS_ANALYSIS_LPS                      : loaded 2 times (x 74B)
Class org.jetbrains.kotlin.build.report.metrics.JPS_COMPILER_PERFORMANCE              : loaded 2 times (x 74B)
Class org.jetbrains.kotlin.gradle.plugin.internal.ConfigurationCacheStartParameterAccessor: loaded 2 times (x 72B)
Class org.jetbrains.kotlin.gradle.internal.diagnostics.GradleCompatibilityCheck$DefaultCurrentGradleVersionProvider: loaded 2 times (x 76B)
Class org.jetbrains.kotlin.gradle.dsl.KotlinBaseExtension                             : loaded 2 times (x 72B)
Class com.android.build.gradle.internal.plugins.AndroidPluginBaseServices$applyBaseServices$2: loaded 2 times (x 77B)
Class com.google.protobuf.SmallSortedMap$1                                            : loaded 2 times (x 133B)
Class com.google.wireless.android.sdk.stats.GradleBuildProject$PluginGeneration$1     : loaded 2 times (x 78B)
Class com.android.build.gradle.internal.core.dsl.impl.VariantDslInfoImpl$namespace$1  : loaded 2 times (x 77B)
Class com.android.builder.profile.NameAnonymizer$VariantIdCacheLoader                 : loaded 2 times (x 78B)
Class com.android.build.gradle.internal.profile.ProjectData                           : loaded 2 times (x 74B)
Class com.android.build.api.artifact.Artifact$Multiple                                : loaded 2 times (x 76B)
Class com.android.build.gradle.internal.core.dsl.MultiVariantComponentDslInfo         : loaded 2 times (x 72B)
Class org.gradle.accessors.dm.LibrariesForLibsInPluginsBlock$AndroidPluginAccessors   : loaded 2 times (x 76B)
Class com.google.wireless.android.sdk.stats.PlayPublishingEvent                       : loaded 2 times (x 209B)
Class com.google.wireless.android.sdk.stats.UpgradeAssistantComponentEvent            : loaded 2 times (x 216B)
Class com.google.wireless.android.sdk.stats.SuppressedSyncEvent                       : loaded 2 times (x 199B)
Class com.google.wireless.android.sdk.stats.MotionLayoutEditorEventOrBuilder          : loaded 2 times (x 72B)
Class com.google.wireless.android.sdk.stats.GradlePluginDslUsageStatsOrBuilder        : loaded 2 times (x 72B)
Class org.jetbrains.kotlin.gradle.tasks.KotlinCompile$createCompilerArguments$1$3     : loaded 2 times (x 81B)
Class com.android.build.gradle.tasks.PackageApplication_Decorated                     : loaded 2 times (x 462B)
Class com.android.build.gradle.internal.tasks.featuresplit.PackagedDependenciesWriterTaskKt$aarOrJarType$1: loaded 2 times (x 76B)
Class com.android.build.gradle.internal.ide.v2.NativeModelBuilder$buildAll$1$2        : loaded 2 times (x 81B)
Class com.android.build.gradle.internal.res.LinkApplicationAndroidResourcesTask$Companion: loaded 2 times (x 73B)
Class com.android.build.gradle.internal.ide.v2.AndroidArtifactImpl                    : loaded 2 times (x 104B)
Class com.android.build.gradle.tasks.KotlinCompileCreationActionKt                    : loaded 2 times (x 73B)
Class com.android.build.gradle.tasks.CommandLineArgumentProviderAdapter               : loaded 2 times (x 77B)
Class com.sun.xml.bind.v2.runtime.reflect.Lister$ArrayLister                          : loaded 2 times (x 79B)
Class com.sun.xml.bind.v2.runtime.property.PropertyImpl                               : loaded 2 times (x 104B)
Class com.sun.xml.bind.v2.model.impl.RuntimeBuiltinLeafInfoImpl$17                    : loaded 2 times (x 138B)
Class com.sun.xml.bind.v2.runtime.ElementBeanInfoImpl                                 : loaded 2 times (x 91B)
Class com.sun.xml.bind.v2.runtime.BridgeAdapter                                       : loaded 2 times (x 89B)
Class com.sun.xml.bind.v2.runtime.BridgeContextImpl                                   : loaded 2 times (x 79B)
Class com.android.repository.impl.meta.Archive$ArchiveFile                            : loaded 2 times (x 81B)
Class com.android.sdklib.repository.generated.repository.v4.LayoutlibType             : loaded 2 times (x 76B)
Class org.jetbrains.kotlin.gradle.dsl.KotlinMultiplatformExtension                    : loaded 2 times (x 609B)
Class com.android.tools.utp.gradle.api.UtpDependency$13                               : loaded 2 times (x 133B)
Class com.android.build.gradle.internal.TaskManager$createPackagingTask$3             : loaded 2 times (x 77B)
Class com.android.build.gradle.internal.scope.InternalArtifactType$GLOBAL_SYNTHETICS_SUBPROJECT: loaded 2 times (x 76B)
Class com.google.devtools.ksp.gradle.KspSubpluginKt                                   : loaded 2 times (x 73B)
Class org.jetbrains.kotlin.gradle.plugin.mpp.KotlinJvmAndroidCompilationKt            : loaded 2 times (x 73B)
Class org.jetbrains.kotlin.gradle.targets.js.dsl.KotlinWasmTargetDsl                  : loaded 2 times (x 72B)
Class org.jetbrains.kotlin.gradle.plugin.sources.ConsistencyCheck                     : loaded 2 times (x 74B)
Class org.jetbrains.kotlin.gradle.plugin.sources.DefaultKotlinSourceSetKt$defaultSourceSetLanguageSettingsChecker$2: loaded 2 times (x 80B)
Class org.jetbrains.kotlin.gradle.dsl.KotlinCommonToolOptions                         : loaded 2 times (x 72B)
Class org.jetbrains.kotlin.gradle.plugin.diagnostics.KotlinToolingDiagnosticsCollectorKt$kotlinToolingDiagnosticsCollectorProvider$1$execute$$inlined$variantImplementationFactoryProvider$1: loaded 2 times (x 76B)
Class org.jetbrains.kotlin.gradle.plugin.internal.BuildIdService$Companion$registerIfAbsent$1$1: loaded 2 times (x 77B)
Class com.android.build.gradle.internal.res.LinkApplicationAndroidResourcesTask$BaseCreationAction: loaded 2 times (x 98B)
Class dagger.hilt.android.plugin.HiltGradlePlugin$Companion$getHiltTransformedDependencies$1$1: loaded 2 times (x 77B)
Class com.android.build.api.extension.impl.AndroidComponentsExtensionImpl$calculateSourceSetNames$combinedFlavors$1: loaded 2 times (x 80B)
Class com.android.build.api.component.analytics.AnalyticsEnabledVariant$userVisiblePackaging$2: loaded 2 times (x 81B)
Class com.android.build.api.variant.impl.VariantImpl$externalExtensions$2             : loaded 2 times (x 81B)
Class com.android.build.gradle.internal.publishing.AndroidArtifacts$ConsumedConfigType: loaded 2 times (x 81B)
Class com.android.build.api.variant.impl.ApplicationAndroidResourcesImpl              : loaded 2 times (x 90B)
Class com.android.build.gradle.internal.dsl.BaseFlavor$targetSdk$1$1                  : loaded 2 times (x 81B)
Class com.android.build.gradle.internal.PropertiesValueSource$Params$Inject_          : loaded 2 times (x 108B)
Class org.jetbrains.kotlin.gradle.plugin.SubpluginOption                              : loaded 2 times (x 74B)
Class com.android.build.gradle.internal.tasks.factory.PreConfigAction                 : loaded 2 times (x 72B)
Class com.android.build.gradle.internal.plugins.BasePlugin$createVariantModel$1       : loaded 2 times (x 81B)
Class com.android.build.api.artifact.impl.StorageProviderImpl$directoryStorage$1      : loaded 2 times (x 80B)
Class com.android.build.gradle.api.VersionedVariant                                   : loaded 2 times (x 72B)
Class com.android.build.gradle.internal.dsl.ManagedDevices$allDevices$1$1             : loaded 2 times (x 77B)
Class com.android.build.OutputFile                                                    : loaded 2 times (x 72B)
Class com.android.build.gradle.internal.dsl.OptimizationImpl$AgpDecorated             : loaded 2 times (x 91B)
Class org.objectweb.asm.commons.Method                                                : loaded 2 times (x 78B)
Class org.bouncycastle.operator.OperatorException                                     : loaded 2 times (x 84B)
Class com.android.build.gradle.internal.plugins.AndroidPluginBaseServices$applyBaseServices$3: loaded 2 times (x 77B)
Class org.jetbrains.kotlin.gradle.tasks.DefaultKotlinJavaToolchain$Companion$wireJvmTargetToJvm$1: loaded 2 times (x 77B)
Class [Lorg.jetbrains.kotlin.gradle.dsl.abi.BinariesSource;                           : loaded 2 times (x 71B)
Class org.jetbrains.kotlin.build.report.metrics.CLEAR_OUTPUT_ON_REBUILD               : loaded 2 times (x 74B)
Class org.jetbrains.kotlin.gradle.plugin.PropertiesProvider$booleanProvider$1         : loaded 2 times (x 76B)
Class com.android.build.gradle.internal.services.BuildServicesKt$getBuildService$1    : loaded 2 times (x 77B)
Class com.google.protobuf.DescriptorProtos$EnumValueOptions                           : loaded 2 times (x 253B)
Class com.google.wireless.android.sdk.stats.GarbageCollectionStats$Builder            : loaded 2 times (x 302B)
Class com.android.build.api.component.analytics.AnalyticsEnabledScopedArtifactsOperation: loaded 2 times (x 84B)
Class com.android.build.api.artifact.Artifact$Appendable                              : loaded 2 times (x 72B)
Class com.android.build.api.artifact.impl.ArtifactTransformationRequestImpl           : loaded 2 times (x 78B)
Class com.android.build.gradle.internal.services.R8D8ThreadPoolBuildService           : loaded 2 times (x 82B)
Class [Lcom.android.build.gradle.options.Version;                                     : loaded 2 times (x 71B)
Class com.android.build.api.variant.HasTestSuitesBuilder                              : loaded 2 times (x 72B)
Class com.google.wireless.android.sdk.stats.GradleBuildProject$PluginType             : loaded 2 times (x 89B)
Class com.android.build.api.dsl.TestedExtension                                       : loaded 2 times (x 72B)
Class com.android.build.gradle.internal.services.BaseServices                         : loaded 2 times (x 72B)
Class com.android.build.gradle.internal.BadPluginException                            : loaded 2 times (x 84B)
Class com.amazon.ion.IonBufferConfiguration                                           : loaded 2 times (x 74B)
Class com.amazon.ion.impl.bin.Symbols                                                 : loaded 2 times (x 73B)
Class org.jetbrains.plugins.gradle.tooling.serialization.RepositoriesModelSerializationService: loaded 2 times (x 84B)
Class com.android.ide.gradle.model.artifacts.AdditionalClassifierArtifactsModel       : loaded 2 times (x 72B)
Class org.gradle.tooling.internal.gradle.GradleProjectIdentity                        : loaded 2 times (x 72B)
Class org.gradle.api.internal.DefaultClassPathRegistry                                : loaded 2 times (x 78B)
Class com.google.wireless.android.sdk.stats.SmlTransformEvent                         : loaded 2 times (x 218B)
Class com.google.wireless.android.sdk.stats.ApplyChangesAgentError                    : loaded 2 times (x 206B)
Class org.jetbrains.kotlin.gradle.internal.config.MavenComparableVersion              : loaded 2 times (x 80B)
Class org.jetbrains.kotlin.gradle.tasks.KotlinCompile$createCompilerArguments$1$4     : loaded 2 times (x 81B)
Class [Lcom.android.build.api.variant.impl.SourceType;                                : loaded 2 times (x 71B)
Class com.android.build.api.variant.impl.DirectoryEntry                               : loaded 2 times (x 72B)
Class com.android.build.gradle.internal.scope.ArtifactTypeUtil                        : loaded 2 times (x 73B)
Class com.sun.xml.bind.v2.model.impl.AttributePropertyInfoImpl$1                      : loaded 2 times (x 73B)
Class com.sun.xml.bind.v2.model.core.PropertyInfo                                     : loaded 2 times (x 72B)
Class com.sun.xml.bind.v2.model.impl.RuntimeBuiltinLeafInfoImpl$18                    : loaded 2 times (x 138B)
Class javax.activation.MimeTypeParseException                                         : loaded 2 times (x 84B)
Class com.sun.xml.bind.WhiteSpaceProcessor                                            : loaded 2 times (x 73B)
Class com.sun.xml.bind.v2.runtime.AttributeAccessor                                   : loaded 2 times (x 72B)
Class com.sun.xml.bind.v2.model.annotation.Locatable                                  : loaded 2 times (x 72B)
Class com.android.sdklib.repository.generated.repository.v3.ObjectFactory             : loaded 2 times (x 81B)
Class com.android.build.gradle.internal.publishing.ProcessedArtifactUtils             : loaded 2 times (x 73B)
Class com.android.build.gradle.internal.cxx.gradle.generator.CxxConfigurationModelKt  : loaded 2 times (x 73B)
Class com.android.build.gradle.internal.lint.AndroidLintTextOutputTask$VariantCreationAction: loaded 2 times (x 94B)
Class org.jetbrains.kotlin.gradle.plugin.sources.FragmentConsistencyChecks$unstableFeaturesCheck$1: loaded 2 times (x 81B)
Class org.jetbrains.kotlin.gradle.plugin.sources.DefaultKotlinSourceSet               : loaded 2 times (x 141B)
Class org.jetbrains.kotlin.gradle.plugin.diagnostics.KotlinToolingDiagnosticsCollector$Parameter_Decorated: loaded 2 times (x 132B)
Class com.android.build.gradle.internal.TaskManager$createMergeAssetsTask$mergeSourceSetFoldersCreationConfig$1: loaded 2 times (x 81B)
Class com.android.build.gradle.internal.publishing.AndroidArtifactsUtilKt             : loaded 2 times (x 73B)
Class com.android.build.gradle.internal.profile.AnalyticsUtil$1                       : loaded 2 times (x 73B)
Class com.android.build.gradle.internal.core.dsl.impl.InstrumentedTestDslInfoImpl$testLabel$1: loaded 2 times (x 76B)
Class com.android.build.gradle.internal.core.dsl.TestComponentDslInfo                 : loaded 2 times (x 72B)
Class com.android.build.gradle.internal.core.dsl.impl.ApplicationVariantDslInfoImpl$versionName$2$versionNameFromFlavors$1: loaded 2 times (x 80B)
Class com.android.build.api.variant.CodeTransparency                                  : loaded 2 times (x 72B)
Class com.android.build.gradle.internal.variant.VariantPathHelper$buildConfigSourceOutputDir$2: loaded 2 times (x 81B)
Class com.android.build.api.variant.impl.VariantBuilderImpl$registeredExtensionDelegate$1: loaded 2 times (x 80B)
Class com.android.build.gradle.internal.SdkLocator                                    : loaded 2 times (x 73B)
Class dagger.hilt.android.plugin.transform.CopyTransform                              : loaded 2 times (x 80B)
Class com.android.build.gradle.internal.plugins.AndroidPluginBaseServices$applyBaseServices$4: loaded 2 times (x 77B)
Class com.android.build.gradle.internal.plugins.BasePlugin$createVariantModel$2       : loaded 2 times (x 81B)
Class com.android.build.gradle.internal.dsl.DexPackagingImpl$AgpDecorated_Decorated   : loaded 2 times (x 129B)
Class com.android.build.gradle.internal.dsl.ManagedDevices$allDevices$1$2             : loaded 2 times (x 77B)
Class com.android.build.gradle.internal.dsl.ApplicationAndroidResourcesImpl$AgpDecorated_Decorated: loaded 2 times (x 181B)
Class com.android.build.gradle.internal.dependency.SourceSetManager$createConfigurationsForSourceSet$2: loaded 2 times (x 77B)
Class org.jetbrains.kotlin.compilerRunner.CompilerSystemPropertiesService$Parameters_Decorated: loaded 2 times (x 132B)
Class org.jetbrains.kotlin.gradle.plugin.diagnostics.UsesKotlinToolingDiagnosticsParameters: loaded 2 times (x 72B)
Class com.android.build.gradle.internal.dsl.LibraryKeepRulesImpl                      : loaded 2 times (x 90B)
Class com.android.build.gradle.internal.dsl.BundleOptionsCodeTransparency             : loaded 2 times (x 79B)
Class org.jetbrains.kotlin.build.report.metrics.CACHE_DIRECTORY_SIZE                  : loaded 2 times (x 74B)
Class org.jetbrains.kotlin.build.report.metrics.JAR_SNAPSHOT                          : loaded 2 times (x 74B)
Class org.jetbrains.kotlin.build.report.metrics.BACKEND                               : loaded 2 times (x 74B)
Class org.jetbrains.kotlin.gradle.plugin.diagnostics.ProblemsReporter                 : loaded 2 times (x 72B)
Class org.jetbrains.kotlin.gradle.plugin.VariantImplementationFactories$Parameters    : loaded 2 times (x 72B)
Class org.jetbrains.kotlin.gradle.utils.ConfigurationsKt$sam$org_gradle_api_Action$0  : loaded 2 times (x 77B)
Class org.jetbrains.kotlin.gradle.plugin.internal.JavaExecTaskParametersCompatibility$Factory: loaded 2 times (x 72B)
Class com.android.prefs.PathLocator$singlePathOf$values$1                             : loaded 2 times (x 81B)
Class com.google.protobuf.DescriptorProtos$EnumDescriptorProto$1                      : loaded 2 times (x 153B)
Class com.android.tools.analytics.AnalyticsSettings$optedIn$1                         : loaded 2 times (x 80B)
Class com.android.sdklib.AndroidApiLevel                                              : loaded 2 times (x 76B)
Class com.android.build.gradle.options.Option$Status$EXPERIMENTAL                     : loaded 2 times (x 73B)
Class com.android.build.gradle.internal.services.ServiceRegistrationAction            : loaded 2 times (x 76B)
Class com.android.build.gradle.internal.component.TargetSdkAwareConfig                : loaded 2 times (x 72B)
Class [Lcom.amazon.ion.impl.bin.AbstractIonWriter$WriteValueOptimization;             : loaded 2 times (x 71B)
Class io.opentelemetry.api.internal.AutoValue_ImmutableSpanContext                    : loaded 2 times (x 94B)
Class org.jetbrains.plugins.gradle.tooling.serialization.RepositoriesModelSerializationService$ReadContext: loaded 2 times (x 74B)
Class kotlin.ranges.ClosedRange                                                       : loaded 2 times (x 72B)
Class org.gradle.internal.classpath.DefaultClassPath$ImmutableUniqueList              : loaded 2 times (x 201B)
Class org.gradle.api.internal.ClassPathRegistry                                       : loaded 2 times (x 72B)
Class org.gradle.kotlin.dsl.DebugImplementationConfigurationAccessorsKt               : loaded 2 times (x 73B)
Class com.google.wireless.android.sdk.stats.DeviceExplorerEvent                       : loaded 2 times (x 203B)
Class com.google.wireless.android.sdk.stats.NavSafeArgsEvent                          : loaded 2 times (x 200B)
Class com.google.wireless.android.sdk.stats.WifiPairingEventOrBuilder                 : loaded 2 times (x 72B)
Class com.android.build.gradle.internal.core.dsl.impl.features.ManifestPlaceholdersDslInfoImpl$placeholders$2: loaded 2 times (x 81B)
Class com.android.build.gradle.internal.tasks.ListingFileRedirectTask_Decorated       : loaded 2 times (x 385B)
Class org.jetbrains.kotlin.gradle.utils.ProviderApiUtilsKt$providerWithLazyConvention$1: loaded 2 times (x 76B)
Class com.google.gson.internal.ConstructorConstructor$9                               : loaded 2 times (x 78B)
Class com.sun.xml.bind.v2.runtime.unmarshaller.XmlVisitor$TextPredictor               : loaded 2 times (x 72B)
Class com.sun.xml.bind.v2.runtime.SchemaTypeTransducer                                : loaded 2 times (x 90B)
Class com.android.sdklib.repository.generated.sysimg.v5.SysImgDetailsType             : loaded 2 times (x 149B)
Class com.android.repository.impl.meta.Archive$HostConfig                             : loaded 2 times (x 74B)
Class javax.xml.bind.annotation.XmlRegistry                                           : loaded 2 times (x 72B)
Class com.sun.xml.bind.v2.model.impl.RuntimeBuiltinLeafInfoImpl$19                    : loaded 2 times (x 138B)
Class com.android.repository.api.RepoManager$Companion                                : loaded 2 times (x 73B)
Class com.android.sdklib.repository.generated.common.v3.IdDisplayType                 : loaded 2 times (x 85B)
Class org.jetbrains.kotlin.konan.target.KonanTarget$Companion$predefinedTargets$2     : loaded 2 times (x 80B)
Class org.jetbrains.kotlin.gradle.plugin.diagnostics.ToolingDiagnosticRenderingOptions: loaded 2 times (x 74B)
Class [Lorg.jetbrains.kotlin.gradle.dsl.KotlinVersion;                                : loaded 2 times (x 71B)
Class com.android.tools.analytics.UsageTracker$modeChanged$3$1                        : loaded 2 times (x 97B)
Class org.jetbrains.kotlin.gradle.plugin.KotlinTargetWithTests                        : loaded 2 times (x 72B)
Class com.google.devtools.ksp.gradle.KspAATask$Companion$registerKspAATask$incomingProcessors$1: loaded 2 times (x 76B)
Class com.android.build.gradle.internal.scope.InternalArtifactType$LINT_PARTIAL_RESULTS: loaded 2 times (x 76B)
Class com.android.build.gradle.internal.utils.KgpUtils$configureKotlinCompileTasks$1  : loaded 2 times (x 77B)
Class com.android.build.gradle.internal.dependency.DexingOutputSplitTransformKt$registerTransformWithOutputType$1: loaded 2 times (x 77B)
Class com.android.build.gradle.internal.DependencyConfigurator$configureGeneralTransforms$7$1: loaded 2 times (x 76B)
Class com.android.build.gradle.internal.dependency.AarTransform$Parameters_Decorated  : loaded 2 times (x 143B)
Class com.android.build.gradle.internal.dependency.PlatformAttrTransform              : loaded 2 times (x 80B)
Class com.android.build.gradle.internal.tasks.DeviceProviderInstrumentTestTask        : loaded 2 times (x 364B)
Class com.android.build.gradle.internal.tasks.PackageBundleTask                       : loaded 2 times (x 358B)
Class com.android.build.gradle.tasks.PackageAndroidArtifact$CreationAction            : loaded 2 times (x 94B)
Class com.android.build.api.variant.impl.SigningConfigImpl$storePassword$1            : loaded 2 times (x 77B)
Class com.android.build.gradle.internal.tasks.MergeGeneratedProguardFilesCreationAction: loaded 2 times (x 92B)
Class org.jetbrains.kotlin.gradle.utils.KlibUtilsKt                                   : loaded 2 times (x 73B)
Class org.jetbrains.kotlin.gradle.plugin.KotlinCompilation$DefaultImpls               : loaded 2 times (x 73B)
Class org.jetbrains.kotlin.gradle.plugin.sources.FragmentConsistencyChecks$unstableFeaturesCheck$2: loaded 2 times (x 80B)
Class com.android.build.api.variant.impl.LayeredSourceDirectoriesImpl$all$1           : loaded 2 times (x 76B)
Class com.android.build.gradle.internal.component.DynamicFeatureCreationConfig        : loaded 2 times (x 72B)
Class com.android.build.api.variant.BuiltArtifactsLoader                              : loaded 2 times (x 72B)
Class com.android.build.api.component.analytics.AnalyticsEnabledTestComponent         : loaded 2 times (x 124B)
Class com.android.build.api.variant.Sources                                           : loaded 2 times (x 72B)
Class com.android.build.gradle.internal.variant.TestedVariantData                     : loaded 2 times (x 72B)
Class com.google.wireless.android.sdk.stats.AnnotationProcessorInfo                   : loaded 2 times (x 202B)
Class org.jetbrains.kotlin.gradle.plugin.internal.state.TaskLoggers                   : loaded 2 times (x 73B)
Class com.android.build.gradle.internal.SdkLocator$SdkLocationSource$getSdkLocation$1$1: loaded 2 times (x 81B)
Class com.google.devtools.ksp.gradle.AndroidPluginIntegration$decorateAndroidExtension$1: loaded 2 times (x 77B)
Class com.google.devtools.ksp.gradle.AndroidPluginIntegration                         : loaded 2 times (x 73B)
Class com.android.build.gradle.internal.plugins.BasePlugin$createVariantModel$3       : loaded 2 times (x 81B)
Class com.android.build.api.variant.impl.DeferredActionManager                        : loaded 2 times (x 74B)
Class com.android.build.gradle.internal.dsl.DataBindingOptions$AgpDecorated           : loaded 2 times (x 113B)
Class com.android.build.gradle.internal.DefaultConfigData                             : loaded 2 times (x 74B)
Class com.android.build.gradle.internal.dsl.VectorDrawablesOptions_Decorated          : loaded 2 times (x 133B)
Class com.android.build.gradle.internal.dsl.decorator.annotation.WithLazyInitialization: loaded 2 times (x 72B)
Class com.android.build.api.dsl.ResourcesPackaging                                    : loaded 2 times (x 72B)
Class com.android.build.gradle.internal.model.CoreNdkBuildOptions                     : loaded 2 times (x 72B)
Class com.android.build.gradle.internal.utils.KgpVersion                              : loaded 2 times (x 77B)
Class org.jetbrains.kotlin.gradle.dsl.KotlinCommonCompilerOptionsDefault              : loaded 2 times (x 96B)
Class org.jetbrains.kotlin.gradle.dsl.KotlinCommonCompilerToolOptionsDefault          : loaded 2 times (x 86B)
Class org.jetbrains.kotlin.gradle.internal.properties.NativePropertiesLoader$isUseXcodeMessageStyleEnabled$1: loaded 2 times (x 77B)
Class org.jetbrains.kotlin.gradle.internal.ClassLoadersCachingBuildService$Companion$registerIfAbsent$2$1: loaded 2 times (x 81B)
Class org.jetbrains.kotlin.gradle.report.BuildReportMode$Companion                    : loaded 2 times (x 73B)
Class com.android.build.gradle.internal.tasks.DexArchiveBuilderTask$CreationAction    : loaded 2 times (x 95B)
Class org.jetbrains.kotlin.gradle.plugin.internal.CopySpecAccessor$Factory            : loaded 2 times (x 72B)
Class org.jetbrains.kotlin.gradle.plugin.diagnostics.CompilerDiagnosticsProblemsReporter$Factory: loaded 2 times (x 72B)
Class org.jetbrains.kotlin.gradle.plugin.VariantImplementationFactories$VariantImplementationFactory: loaded 2 times (x 72B)
Class com.android.prefs.PathLocator$singlePathOf$values$2                             : loaded 2 times (x 80B)
Class com.android.build.gradle.internal.services.StringCachingBuildService            : loaded 2 times (x 86B)
Class com.google.protobuf.DescriptorProtos$FileOptions                                : loaded 2 times (x 299B)
Class com.android.build.gradle.internal.errors.AndroidProblemReporterProvider$reporter$1: loaded 2 times (x 76B)
Class com.android.build.gradle.internal.component.ComponentCreationConfig             : loaded 2 times (x 72B)
Class com.android.build.gradle.internal.variant.VariantModel                          : loaded 2 times (x 72B)
Class jdk.internal.jimage.decompressor.ResourceDecompressor                           : loaded 2 times (x 72B)
Class com.amazon.ion.impl.bin.IonManagedBinaryWriter$UserState                        : loaded 2 times (x 87B)
Class com.amazon.ion.impl._Private_IonWriter                                          : loaded 2 times (x 72B)
Class com.amazon.ion.impl.bin._Private_IonManagedBinaryWriterBuilder                  : loaded 2 times (x 74B)
Class com.intellij.gradle.toolingExtension.impl.model.projectModel.GradleExternalProjectSerializationService$WriteContext: loaded 2 times (x 75B)
Class kotlin.text.StringsKt__StringsJVMKt                                             : loaded 2 times (x 73B)
Class kotlin.collections.IntIterator                                                  : loaded 2 times (x 84B)
Class com.google.common.collect.NullnessCasts                                         : loaded 2 times (x 73B)
Class com.android.build.gradle.internal.scope.InternalArtifactType$EXTERNAL_LIBS_DEX_ARCHIVE: loaded 2 times (x 76B)
Class com.google.wireless.android.sdk.stats.SdkIndexLoadingDetails                    : loaded 2 times (x 199B)
Class com.google.wireless.android.sdk.stats.BuildAttributionStatsOrBuilder            : loaded 2 times (x 72B)
Class com.android.build.gradle.internal.tasks.FinalizeBundleTask$CreationAction       : loaded 2 times (x 92B)
Class com.android.build.gradle.internal.ide.dependencies.ArtifactUtils$resolveArtifacts$projectJarsMap$2: loaded 2 times (x 81B)
Class com.google.common.io.ByteSink                                                   : loaded 2 times (x 78B)
Class com.android.build.gradle.internal.core.dsl.impl.DslInfoUtilsKt$getInstrumentationRunner$1: loaded 2 times (x 77B)
Class org.jetbrains.kotlin.gradle.tasks.configuration.BaseKotlinCompileConfig$1$1$classpathEntrySnapshotFiles$1: loaded 2 times (x 76B)
Class com.google.gson.internal.ConstructorConstructor$13                              : loaded 2 times (x 77B)
Class com.sun.xml.bind.v2.runtime.reflect.Lister$CollectionLister                     : loaded 2 times (x 79B)
Class javax.xml.bind.annotation.XmlAccessOrder                                        : loaded 2 times (x 81B)
Class com.sun.xml.bind.v2.model.impl.RuntimeAnyTypeImpl                               : loaded 2 times (x 96B)
Class com.sun.xml.bind.v2.model.nav.Navigator                                         : loaded 2 times (x 72B)
Class org.jetbrains.kotlin.konan.target.KonanTarget$LINUX_X64                         : loaded 2 times (x 80B)
Class [Lorg.jetbrains.kotlin.konan.target.Architecture;                               : loaded 2 times (x 71B)
Class com.android.build.gradle.internal.DependencyConfigurator$configureGeneralTransforms$3: loaded 2 times (x 77B)
Class [Lkotlinx.coroutines.flow.internal.AbstractSharedFlowSlot;                      : loaded 2 times (x 71B)
Class com.google.protobuf.WireFormat$FieldType$1                                      : loaded 2 times (x 84B)
Class com.android.build.gradle.internal.scope.InternalArtifactType$TEST_FIXTURES_LINT_MODEL: loaded 2 times (x 76B)
Class com.android.build.gradle.internal.scope.BootClasspathBuilder                    : loaded 2 times (x 73B)
Class com.android.build.gradle.internal.publishing.AarOrJarTypeToConsume              : loaded 2 times (x 74B)
Class com.android.build.api.artifact.SingleArtifact$METADATA_LIBRARY_DEPENDENCIES_REPORT: loaded 2 times (x 76B)
Class com.android.build.gradle.internal.tasks.FinalizeBundleTask$CreationAction$handleProvider$1: loaded 2 times (x 133B)
Class com.android.build.gradle.internal.tasks.SigningConfigVersionsWriterTask         : loaded 2 times (x 342B)
Class com.android.build.gradle.internal.tasks.featuresplit.PackagedDependenciesWriterTask$CreationAction$handleProvider$1: loaded 2 times (x 133B)
Class com.android.build.gradle.internal.scope.InternalArtifactType$GLOBAL_SYNTHETICS_EXTERNAL_LIBS_ARTIFACT_TRANSFORM: loaded 2 times (x 76B)
Class com.android.build.gradle.internal.scope.InternalArtifactType$MIXED_SCOPE_DEX_ARCHIVE: loaded 2 times (x 76B)
Class com.android.build.gradle.internal.tasks.MergeJavaResourceTask$CreationAction$handleProvider$1: loaded 2 times (x 133B)
Class org.jetbrains.kotlin.gradle.plugin.mpp.compilationImpl.KotlinCompilationImpl$1  : loaded 2 times (x 81B)
Class org.jetbrains.kotlin.gradle.plugin.mpp.compilationImpl.factory.KotlinJvmCompilerOptionsFactory: loaded 2 times (x 76B)
Class org.jetbrains.kotlin.compilerRunner.CompilerSystemPropertiesService             : loaded 2 times (x 82B)
Class com.android.build.api.variant.impl.SourcesImpl$manifestOverlayFiles$1           : loaded 2 times (x 76B)
Class com.android.build.api.component.impl.DefaultSourcesProviderImpl$getKeepRules$1  : loaded 2 times (x 133B)
Class com.android.build.gradle.internal.scope.InternalArtifactType$MANIFEST_MERGE_REPORT: loaded 2 times (x 76B)
Class com.android.build.gradle.internal.tasks.PrepareLintJarForPublish$CreationAction : loaded 2 times (x 92B)
Class com.android.build.gradle.internal.tasks.CheckMultiApkLibrariesTask$CreationAction: loaded 2 times (x 92B)
Class android.databinding.tool.DataBindingBuilder                                     : loaded 2 times (x 81B)
Class com.google.devtools.ksp.gradle.KspAATask$Companion                              : loaded 2 times (x 73B)
Class com.android.build.gradle.internal.component.InstrumentedTestCreationConfig      : loaded 2 times (x 72B)
Class com.android.build.api.component.impl.ComponentImpl$builtInKotlinSupportMode$2   : loaded 2 times (x 81B)
Class com.android.build.gradle.internal.profile.AnalyticsResourceManager$getVariantBuilder$projectData$1: loaded 2 times (x 81B)
Class com.android.build.gradle.internal.SdkLocator$ValidationResult                   : loaded 2 times (x 74B)
Class org.jetbrains.kotlin.compose.compiler.gradle.internal.ComposeAgpMappingFileKt$configureComposeMappingFile$1$configuration$2: loaded 2 times (x 77B)
Class com.android.build.gradle.tasks.ExternalNativeBuildTask                          : loaded 2 times (x 337B)
Class com.android.build.gradle.internal.plugins.BasePlugin$createVariantModel$4       : loaded 2 times (x 81B)
Class com.android.build.api.variant.VariantFilter                                     : loaded 2 times (x 72B)
Class com.android.build.gradle.internal.tasks.factory.BootClasspathConfigImpl$bootClasspath$2: loaded 2 times (x 81B)
Class com.android.build.gradle.internal.dsl.ExternalNativeBuild$AgpDecorated          : loaded 2 times (x 98B)
Class com.android.build.gradle.internal.dsl.ResourcesPackagingImpl$AgpDecorated       : loaded 2 times (x 88B)
Class [Lcom.android.builder.model.TestOptions$Execution;                              : loaded 2 times (x 71B)
Class com.android.build.gradle.internal.dsl.LintOptions                               : loaded 2 times (x 203B)
Class com.android.build.gradle.internal.api.DefaultAndroidSourceDirectorySet$directories$1: loaded 2 times (x 145B)
Class com.android.build.api.dsl.Cmake                                                 : loaded 2 times (x 72B)
Class com.android.build.api.dsl.AarMetadata                                           : loaded 2 times (x 72B)
Class com.android.build.gradle.internal.services.BuiltInKotlinServices                : loaded 2 times (x 74B)
Class org.jetbrains.kotlin.gradle.dsl.ExplicitApiMode                                 : loaded 2 times (x 81B)
Class org.jetbrains.kotlin.gradle.plugin.mpp.KotlinUsages$KotlinCinteropCompatibility : loaded 2 times (x 79B)
Class org.jetbrains.kotlin.gradle.plugin.mpp.KotlinUsages$KotlinUsagesCompatibility   : loaded 2 times (x 78B)
Class org.jetbrains.kotlin.build.report.metrics.IR_SERIALIZATION_LPS                  : loaded 2 times (x 74B)
Class org.jetbrains.kotlin.build.report.metrics.SHRINK_CURRENT_CLASSPATH_SNAPSHOT     : loaded 2 times (x 74B)
Class org.jetbrains.kotlin.gradle.plugin.VariantImplementationFactories$Parameters$Inject_: loaded 2 times (x 108B)
Class org.jetbrains.kotlin.gradle.plugin.VariantImplementationFactories$Companion     : loaded 2 times (x 73B)
Class org.jetbrains.kotlin.gradle.plugin.internal.CustomPropertiesFileValueSource$Parameters_Decorated: loaded 2 times (x 132B)
Class org.jetbrains.kotlin.gradle.dsl.KotlinTopLevelExtensionConfig                   : loaded 2 times (x 72B)
Class com.google.protobuf.Utf8$UnsafeProcessor                                        : loaded 2 times (x 79B)
Class com.google.protobuf.ByteString$LiteralByteString                                : loaded 2 times (x 108B)
Class com.android.build.FilterData                                                    : loaded 2 times (x 72B)
Class com.google.wireless.android.sdk.stats.GradleIntegerOptionEntry                  : loaded 2 times (x 199B)
Class com.google.protobuf.Descriptors$FieldDescriptor$JavaType                        : loaded 2 times (x 81B)
Class com.google.protobuf.UnknownFieldSet$Parser                                      : loaded 2 times (x 152B)
Class com.android.build.gradle.internal.dependency.GenericTransformParameters_Decorated: loaded 2 times (x 132B)
Class com.android.sdklib.repository.legacy.remote.internal.DownloadCache$Strategy     : loaded 2 times (x 81B)
Class com.google.common.collect.AbstractBiMap                                         : loaded 2 times (x 161B)
Class com.sun.xml.bind.v2.runtime.JAXBContextImpl$1                                   : loaded 2 times (x 80B)
Class [Lcom.android.build.gradle.options.SyncOptions$ErrorFormatMode;                 : loaded 2 times (x 71B)
Class [Lcom.android.build.gradle.options.HasFutureStage;                              : loaded 2 times (x 71B)
Class com.android.build.gradle.internal.utils.GradlePluginUtils                       : loaded 2 times (x 73B)
Class Settings_gradle$1                                                               : loaded 2 times (x 76B)
Class [Lcom.amazon.ion.SymbolToken;                                                   : loaded 2 times (x 71B)
Class io.opentelemetry.api.trace.ImmutableTraceFlags                                  : loaded 2 times (x 79B)
Class kotlin.text.StringsKt__IndentKt                                                 : loaded 2 times (x 73B)
Class kotlin.collections.SetsKt                                                       : loaded 2 times (x 73B)
Class org.gradle.internal.classpath.ClassPath                                         : loaded 2 times (x 72B)
Class com.google.wireless.android.sdk.stats.SmlCompletionRequestErrorEvent            : loaded 2 times (x 200B)
Class com.google.wireless.android.sdk.stats.DaggerEditorEvent                         : loaded 2 times (x 206B)
Class com.google.wireless.android.sdk.stats.AdbDelegateUsageEventOrBuilder            : loaded 2 times (x 72B)
Class com.google.wireless.android.sdk.stats.UiToolsPreferencesEventOrBuilder          : loaded 2 times (x 72B)
Class com.google.wireless.android.sdk.stats.GradlePluginUpgradeDialogStatsOrBuilder   : loaded 2 times (x 72B)
Class org.jetbrains.kotlin.gradle.internal.config.LanguageVersion                     : loaded 2 times (x 92B)
Class com.google.common.io.Files$FileByteSource                                       : loaded 2 times (x 87B)
Class com.android.build.gradle.internal.ide.v2.ProductFlavorImpl$Companion            : loaded 2 times (x 73B)
Class com.android.build.gradle.internal.ide.v2.VariantImpl                            : loaded 2 times (x 90B)
Class com.android.build.gradle.internal.UsesSdkComponentsBuildService                 : loaded 2 times (x 72B)
Class org.jetbrains.kotlin.gradle.incremental.IncrementalModuleInfoProvider           : loaded 2 times (x 72B)
Class javax.xml.bind.annotation.XmlElementWrapper                                     : loaded 2 times (x 72B)
Class javax.xml.bind.annotation.adapters.XmlJavaTypeAdapter                           : loaded 2 times (x 72B)
Class com.sun.xml.bind.v2.model.annotation.AnnotationSource                           : loaded 2 times (x 72B)
Class com.android.repository.impl.generated.v1.LocalPackage                           : loaded 2 times (x 142B)
Class com.android.sdklib.repository.legacy.io.FileOpImpl                              : loaded 2 times (x 80B)
Class com.android.tools.analytics.JournalingUsageTracker$scheduleJournalTimeout$1     : loaded 2 times (x 77B)
Class com.google.protobuf.WireFormat$FieldType$2                                      : loaded 2 times (x 84B)
Class com.android.build.gradle.internal.TaskManager$configureTestData$1               : loaded 2 times (x 133B)
Class com.android.build.gradle.internal.scope.InternalArtifactType$STRIPPED_NATIVE_LIBS: loaded 2 times (x 76B)
Class com.android.build.gradle.internal.tasks.MergeJavaResourceTask$CreationAction$handleProvider$2: loaded 2 times (x 133B)
Class org.jetbrains.kotlin.gradle.plugin.mpp.KotlinJvmAgpCompilation                  : loaded 2 times (x 199B)
Class org.jetbrains.kotlin.gradle.plugin.mpp.compilationImpl.KotlinCompilationImpl$2  : loaded 2 times (x 81B)
Class com.android.build.api.variant.impl.FlatSourceDirectoriesForJavaImpl             : loaded 2 times (x 95B)
Class com.android.build.api.artifact.SingleArtifact$MERGED_NATIVE_LIBS                : loaded 2 times (x 76B)
Class com.android.build.gradle.tasks.MapSourceSetPathsTask$CreateAction$handleProvider$1: loaded 2 times (x 133B)
Class com.android.build.gradle.internal.tasks.CheckManifest                           : loaded 2 times (x 336B)
Class com.google.wireless.android.sdk.stats.TestRun$TestExecution                     : loaded 2 times (x 89B)
Class com.android.build.gradle.internal.core.dsl.impl.features.NativeBuildDslInfoImpl : loaded 2 times (x 83B)
Class com.android.build.api.variant.TestedApkPackaging                                : loaded 2 times (x 72B)
Class com.android.build.api.variant.impl.ApplicationVariantBuilderImpl_Decorated      : loaded 2 times (x 274B)
Class com.sun.xml.bind.v2.model.impl.TypeInfoImpl                                     : loaded 2 times (x 87B)
Class com.android.build.api.AndroidPluginVersion$Companion$comparator$1               : loaded 2 times (x 76B)
Class com.android.build.gradle.internal.plugins.BasePlugin$createVariantModel$5       : loaded 2 times (x 81B)
Class com.android.build.gradle.internal.dsl.decorator.LockableList                    : loaded 2 times (x 210B)
Class com.android.build.gradle.internal.dsl.decorator.SupportedPropertyType$Var$Int   : loaded 2 times (x 76B)
Class com.android.build.gradle.internal.dsl.decorator.SupportedPropertyType$Var$NullableBoolean: loaded 2 times (x 76B)
Class com.android.builder.model.ProductFlavor                                         : loaded 2 times (x 72B)
Class org.jetbrains.kotlin.gradle.dsl.KotlinJvmCompilerOptionsDefault                 : loaded 2 times (x 108B)
Class org.jetbrains.kotlin.gradle.internal.UsesClassLoadersCachingBuildService        : loaded 2 times (x 72B)
Class com.android.build.gradle.internal.services.ConfigPhaseFileCreator$Params        : loaded 2 times (x 72B)
Class com.google.wireless.android.sdk.stats.GradleIntegerOptionEntry$1                : loaded 2 times (x 153B)
Class com.google.protobuf.Descriptors                                                 : loaded 2 times (x 73B)
Class com.google.protobuf.DescriptorProtos$EnumValueDescriptorProto$1                 : loaded 2 times (x 153B)
Class com.android.sdklib.repository.generated.addon.v4.ExtraDetailsType               : loaded 2 times (x 87B)
Class com.android.tools.analytics.HostData$classLoadingBean$2                         : loaded 2 times (x 80B)
Class com.android.build.gradle.internal.core.dsl.PublishableComponentDslInfo          : loaded 2 times (x 72B)
Class com.android.build.gradle.TestedAndroidConfig                                    : loaded 2 times (x 72B)
Class org.jetbrains.plugins.gradle.model.ExternalProjectDependency                    : loaded 2 times (x 72B)
Class org.jetbrains.plugins.gradle.tooling.serialization.KotlinDslScriptsModelSerializationService: loaded 2 times (x 83B)
Class kotlin.reflect.KFunction                                                        : loaded 2 times (x 72B)
Class kotlin.collections.ArrayDeque                                                   : loaded 2 times (x 209B)
Class com.google.wireless.android.sdk.stats.ParallelAndroidTestReportUiEvent          : loaded 2 times (x 203B)
Class com.google.wireless.android.sdk.stats.EditorNotification                        : loaded 2 times (x 197B)
Class com.google.wireless.android.sdk.stats.InteractivePreviewEvent                   : loaded 2 times (x 209B)
Class com.google.wireless.android.sdk.stats.UnitTestGenerationEventOrBuilder          : loaded 2 times (x 72B)
Class [Lorg.jetbrains.kotlin.gradle.internal.config.LanguageOrApiVersion;             : loaded 2 times (x 71B)
Class org.jetbrains.kotlin.cli.common.arguments.Enables                               : loaded 2 times (x 72B)
Class org.jetbrains.kotlin.gradle.plugin.ide.IdeMultiplatformImport                   : loaded 2 times (x 72B)
Class org.jetbrains.kotlin.gradle.plugin.AbstractKotlinPluginWrapper                  : loaded 2 times (x 88B)
Class com.android.build.gradle.internal.ide.v2.LibraryInfoImpl$toKeyComponent$2       : loaded 2 times (x 80B)
Class com.android.build.gradle.internal.scope.InternalArtifactType$COMPILE_BUILD_CONFIG_JAR: loaded 2 times (x 76B)
Class org.jetbrains.kotlin.compilerRunner.KotlinCompilerArgumentsLogLevel$Companion   : loaded 2 times (x 73B)
Class org.jetbrains.kotlin.gradle.tasks.AbstractKotlinCompile$defaultKotlinJavaToolchain$1: loaded 2 times (x 80B)
Class org.jetbrains.kotlin.daemon.common.MultiModuleICSettings                        : loaded 2 times (x 74B)
Class com.android.sdklib.repository.generated.sysimg.v4.SysImgDetailsType             : loaded 2 times (x 146B)
Class com.sun.xml.bind.annotation.OverrideAnnotationOf                                : loaded 2 times (x 72B)
Class com.sun.xml.bind.v2.model.impl.RuntimeValuePropertyInfoImpl                     : loaded 2 times (x 137B)
Class com.android.repository.impl.meta.LocalPackageImpl                               : loaded 2 times (x 133B)
Class com.android.repository.impl.generated.v1.RemotePackage                          : loaded 2 times (x 159B)
Class com.android.build.gradle.internal.SdkDirectLoadingStrategy                      : loaded 2 times (x 74B)
Class org.jetbrains.kotlin.konan.target.KonanTarget$MINGW_X64                         : loaded 2 times (x 80B)
Class com.sun.xml.bind.v2.runtime.property.Utils$1                                    : loaded 2 times (x 79B)
Class com.android.build.gradle.internal.services.VariantServicesImpl$fileTreeFactory$1: loaded 2 times (x 81B)
Class com.google.protobuf.WireFormat$FieldType$3                                      : loaded 2 times (x 84B)
Class com.android.builder.dexing.DependencyGraphUpdater                               : loaded 2 times (x 72B)
Class com.android.build.gradle.tasks.AnalyzeDependenciesTask$CreationAction           : loaded 2 times (x 92B)
Class com.android.build.gradle.internal.tasks.DeviceProviderInstrumentTestTask$CreationAction: loaded 2 times (x 93B)
Class com.android.build.gradle.internal.scope.InternalArtifactType$APKS_FROM_BUNDLE   : loaded 2 times (x 76B)
Class com.android.build.gradle.internal.tasks.MergeStartupProfileTask$CreationAction  : loaded 2 times (x 92B)
Class com.android.build.gradle.internal.tasks.ApkZipPackagingTask$CreationAction$handleProvider$1: loaded 2 times (x 133B)
Class com.android.build.gradle.tasks.PackageAndroidArtifact                           : loaded 2 times (x 373B)
Class com.google.devtools.ksp.gradle.KspGradleSubplugin$Companion$getKspJavaOutputDir$1: loaded 2 times (x 76B)
Class org.jetbrains.kotlin.gradle.utils.ObservableSet                                 : loaded 2 times (x 72B)
Class org.jetbrains.kotlin.gradle.plugin.diagnostics.KotlinToolingDiagnosticsCollectorKt: loaded 2 times (x 73B)
Class org.jetbrains.kotlin.gradle.tasks.KotlinCompile                                 : loaded 2 times (x 509B)
Class com.android.build.gradle.internal.scope.InternalArtifactType$PACKAGED_RES       : loaded 2 times (x 76B)
Class com.google.wireless.android.sdk.stats.TestRun$TestExecution$1                   : loaded 2 times (x 78B)
Class com.android.build.gradle.internal.component.HostTestCreationConfig              : loaded 2 times (x 72B)
Class com.android.build.gradle.internal.component.TestCreationConfig                  : loaded 2 times (x 72B)
Class com.android.build.api.attributes.BuildTypeAttr                                  : loaded 2 times (x 72B)
Class com.android.build.gradle.internal.core.dsl.impl.features.OptimizationDslInfoImpl$postProcessingOptions$2: loaded 2 times (x 81B)
Class com.android.build.api.variant.impl.DeviceTestBuilderImpl                        : loaded 2 times (x 104B)
Class com.android.build.api.variant.impl.MutableAndroidVersion                        : loaded 2 times (x 78B)
Class com.android.build.gradle.internal.scope.BuildFeatureValuesImpl                  : loaded 2 times (x 102B)
Class com.android.build.gradle.internal.SdkType                                       : loaded 2 times (x 81B)
Class com.android.build.gradle.internal.dsl.CompileSdkVersionImpl                     : loaded 2 times (x 84B)
Class com.android.build.api.AndroidPluginVersion$Companion$comparator$2               : loaded 2 times (x 76B)
Class com.android.build.gradle.internal.tasks.factory.GlobalTaskNames                 : loaded 2 times (x 72B)
Class com.android.build.api.artifact.impl.ArtifactsImpl$2$1                           : loaded 2 times (x 82B)
Class com.android.build.api.dsl.PublishingOptions                                     : loaded 2 times (x 72B)
Class com.android.build.gradle.internal.dsl.ExternalNativeCmakeOptions                : loaded 2 times (x 110B)
Class org.jetbrains.kotlin.gradle.plugin.PropertiesProvider$kotlinCompilerArgumentsLogLevel$1: loaded 2 times (x 76B)
Class com.android.build.gradle.internal.dsl.NdkBuildOptions                           : loaded 2 times (x 94B)
Class com.android.build.gradle.internal.dsl.DataBindingOptions                        : loaded 2 times (x 110B)
Class org.jetbrains.kotlin.gradle.plugin.mpp.HierarchyAttributeContainer              : loaded 2 times (x 87B)
Class org.jetbrains.kotlin.gradle.plugin.abi.internal.AbiFiltersSpecImpl              : loaded 2 times (x 100B)
Class org.jetbrains.kotlin.gradle.tasks.UsesKotlinJavaToolchain                       : loaded 2 times (x 72B)
Class org.jetbrains.kotlin.build.report.metrics.JPS_CODE_ANALYSIS                     : loaded 2 times (x 74B)
Class com.android.build.gradle.internal.ide.dependencies.StringCache                  : loaded 2 times (x 72B)
Class org.jetbrains.kotlin.gradle.plugin.DefaultKotlinBasePlugin$apply$1              : loaded 2 times (x 77B)
Class org.jetbrains.kotlin.gradle.internal.properties.PropertiesBuildService$Params_Decorated: loaded 2 times (x 132B)
Class com.android.build.gradle.internal.services.AndroidLocationsBuildService$AndroidDirectoryCreator: loaded 2 times (x 82B)
Class [Lcom.google.protobuf.Descriptors$DescriptorPool$SearchFilter;                  : loaded 2 times (x 71B)
Class [Lcom.google.protobuf.Descriptors$FieldDescriptor;                              : loaded 2 times (x 71B)
Class com.android.builder.profile.NameAnonymizer$Project                              : loaded 2 times (x 74B)
Class com.google.common.util.concurrent.AbstractFuture$AtomicHelper                   : loaded 2 times (x 80B)
Class org.jetbrains.kotlin.gradle.plugin.CreateCompilerArgumentsContextImpl$ContributeCompilerArgumentsContextImpl: loaded 2 times (x 81B)
Class com.android.build.gradle.internal.res.Aapt2FromMaven$Companion$create$1         : loaded 2 times (x 77B)
Class com.android.sdklib.AndroidApiLevel$Companion                                    : loaded 2 times (x 73B)
Class com.android.build.gradle.options.Option$Status                                  : loaded 2 times (x 73B)
Class com.android.prefs.AndroidLocationsProvider                                      : loaded 2 times (x 72B)
Class com.android.build.api.variant.ApplicationVariant                                : loaded 2 times (x 72B)
Class com.amazon.ion.system.IonSystemBuilder$Mutable                                  : loaded 2 times (x 77B)
Class com.amazon.ion.impl.bin.IonManagedBinaryWriter$SymbolResolverBuilder            : loaded 2 times (x 72B)
Class org.jetbrains.kotlin.idea.gradleTooling.KotlinGradleModel                       : loaded 2 times (x 72B)
Class [Lio.opentelemetry.api.trace.TraceFlags;                                        : loaded 2 times (x 71B)
Class [Lio.opentelemetry.context.ContextStorage;                                      : loaded 2 times (x 71B)
Class com.intellij.platform.diagnostic.telemetry.rt.context.TelemetryContext          : loaded 2 times (x 135B)
Class org.jetbrains.plugins.gradle.tooling.serialization.ExternalTestsSerializationService$WriteContext: loaded 2 times (x 74B)
Class kotlin.collections.MapsKt__MapsKt                                               : loaded 2 times (x 73B)
Class org.gradle.api.internal.classpath.DefaultModuleRegistry$DefaultModuleAlias      : loaded 2 times (x 82B)
Class com.google.wireless.android.sdk.stats.JvmDetails                                : loaded 2 times (x 216B)
Class com.google.wireless.android.sdk.stats.AdbDelegateUsageEvent                     : loaded 2 times (x 201B)
Class com.google.wireless.android.sdk.stats.GradleSyncStats                           : loaded 2 times (x 235B)
Class com.google.wireless.android.sdk.stats.LldbPerformanceStats                      : loaded 2 times (x 200B)
Class com.google.wireless.android.sdk.stats.SoongRunEventOrBuilder                    : loaded 2 times (x 72B)
Class com.google.wireless.android.sdk.stats.EditingMetricsEventOrBuilder              : loaded 2 times (x 72B)
Class com.android.tools.analytics.AnalyticsSettingsKt                                 : loaded 2 times (x 73B)
Class com.android.build.gradle.internal.ide.v2.ProjectInfoImpl$Companion              : loaded 2 times (x 73B)
Class com.android.build.gradle.internal.ide.v2.ArtifactDependenciesAdjacencyListImpl$Companion: loaded 2 times (x 73B)
Class com.android.build.gradle.internal.ide.v2.SigningConfigImpl$Companion            : loaded 2 times (x 73B)
Class com.android.build.gradle.internal.ide.v2.DependenciesInfoImpl$Companion         : loaded 2 times (x 73B)
Class com.android.build.gradle.internal.ide.v2.ProjectSyncIssuesImpl                  : loaded 2 times (x 77B)
Class com.android.build.gradle.internal.scope.InternalArtifactType$AIDL_SOURCE_OUTPUT_DIR: loaded 2 times (x 76B)
Class com.android.build.gradle.tasks.KotlinCompileCreationAction$ensureConsistentJvmTargetWithJavaCompileTask$1: loaded 2 times (x 77B)
Class com.sun.xml.bind.v2.runtime.property.SingleElementLeafProperty                  : loaded 2 times (x 104B)
Class com.android.sdklib.repository.generated.addon.v3.AddonDetailsType               : loaded 2 times (x 143B)
Class com.sun.xml.bind.api.impl.NameConverter$Standard                                : loaded 2 times (x 95B)
Class com.sun.xml.bind.v2.model.annotation.Init                                       : loaded 2 times (x 73B)
Class com.android.repository.impl.generated.v1.RevisionType                           : loaded 2 times (x 84B)
Class com.android.sdklib.repository.generated.common.v1.ObjectFactory                 : loaded 2 times (x 77B)
Class com.android.build.gradle.internal.SdkComponentsBuildService$VersionedSdkLoader$adbHelper$1: loaded 2 times (x 77B)
Class com.android.tools.analytics.UsageTracker$listener$1                             : loaded 2 times (x 80B)
Class com.google.wireless.android.sdk.stats.GradlePluginData$1                        : loaded 2 times (x 153B)
Class com.google.protobuf.WireFormat$FieldType$4                                      : loaded 2 times (x 84B)
Class com.google.protobuf.DescriptorProtos$EnumOptions$1                              : loaded 2 times (x 153B)
Class com.android.build.gradle.internal.scope.BuildArtifactSpec$Companion             : loaded 2 times (x 73B)
Class com.android.build.gradle.internal.dependency.ExtractJniTransform                : loaded 2 times (x 80B)
Class com.android.build.gradle.internal.scope.InternalMultipleArtifactType$EXTERNAL_LIBS_DEX: loaded 2 times (x 76B)
Class org.jetbrains.kotlin.gradle.incremental.UsesIncrementalModuleInfoBuildService   : loaded 2 times (x 72B)
Class com.android.build.gradle.tasks.JavaCompileCreationAction$handleProvider$1       : loaded 2 times (x 80B)
Class com.android.build.api.variant.ScopedArtifactsOperation                          : loaded 2 times (x 72B)
Class com.google.wireless.android.sdk.stats.AsmClassesTransformRegistration$Builder   : loaded 2 times (x 300B)
Class com.android.build.api.component.impl.DeviceTestImpl$androidResources$2          : loaded 2 times (x 81B)
Class com.android.build.api.variant.impl.ApplicationVariantImpl$dependenciesInfo$2    : loaded 2 times (x 81B)
Class com.android.build.api.AndroidPluginVersion$Companion$comparator$3               : loaded 2 times (x 76B)
Class com.android.build.api.dsl.Device                                                : loaded 2 times (x 72B)
Class [Lcom.google.common.base.CaseFormat;                                            : loaded 2 times (x 71B)
Class com.google.common.hash.AbstractHasher                                           : loaded 2 times (x 144B)
Class com.android.build.gradle.internal.dsl.VectorDrawablesOptions                    : loaded 2 times (x 89B)
Class org.jetbrains.kotlin.gradle.utils.CompilerOptionsKt$configureExperimentalTryNext$1$1: loaded 2 times (x 80B)
Class org.jetbrains.kotlin.gradle.utils.CompilerOptionsKt                             : loaded 2 times (x 73B)
Class org.jetbrains.kotlin.gradle.plugin.PropertiesProvider$Companion                 : loaded 2 times (x 73B)
Class org.jetbrains.kotlin.gradle.utils.SingleAction                                  : loaded 2 times (x 75B)
Class com.google.protobuf.Descriptors$DescriptorPool$PackageDescriptor                : loaded 2 times (x 78B)
Class com.google.wireless.android.sdk.stats.StudioBotToolWindowAutoOpenEventOrBuilder : loaded 2 times (x 72B)
Class com.google.wireless.android.sdk.stats.JavaProcessStats$Builder                  : loaded 2 times (x 308B)
Class com.google.wireless.android.sdk.stats.KotlinSupportDeclinedOrBuilder            : loaded 2 times (x 72B)
Class com.google.wireless.android.sdk.stats.GradleBuildVariant$Builder                : loaded 2 times (x 383B)
Class com.google.wireless.android.sdk.stats.IntellijIndexingStats                     : loaded 2 times (x 206B)
Class com.google.wireless.android.sdk.stats.EditorHighlightingStats                   : loaded 2 times (x 200B)
Class com.android.build.gradle.internal.errors.AndroidProblemReporterProvider         : loaded 2 times (x 78B)
Class com.android.build.gradle.internal.tasks.factory.BootClasspathConfigImpl         : loaded 2 times (x 81B)
Class com.android.build.gradle.internal.tasks.factory.GlobalTaskCreationConfig        : loaded 2 times (x 72B)
Class com.android.build.gradle.internal.tasks.factory.BootClasspathConfig             : loaded 2 times (x 72B)
Class jdk.internal.jimage.ImageStringsReader                                          : loaded 2 times (x 82B)
Class com.amazon.ion.impl.bin.IonManagedBinaryWriter$LocalSymbolTableView             : loaded 2 times (x 121B)
Class com.amazon.ion.impl.bin.IonRawBinaryWriter$ThrowingRunnable                     : loaded 2 times (x 72B)
Class io.opentelemetry.context.ThreadLocalContextStorage                              : loaded 2 times (x 87B)
Class org.gradle.tooling.model.Model                                                  : loaded 2 times (x 72B)
Class com.google.wireless.android.sdk.stats.MetaMetrics                               : loaded 2 times (x 201B)
Class com.google.wireless.android.sdk.stats.SmlConfigurationEvent                     : loaded 2 times (x 223B)
Class org.jetbrains.kotlin.gradle.tasks.KotlinCompile$defaultKotlinJavaToolchain$1    : loaded 2 times (x 81B)
Class org.jetbrains.kotlin.gradle.tasks.KotlinJavaToolchain$JavaToolchainSetter       : loaded 2 times (x 72B)
Class com.android.build.gradle.tasks.JavaCompileUtils$checkDeprecatedSourceAndTargetAtExecutionTime$1: loaded 2 times (x 77B)
Class com.android.build.gradle.internal.variant.BaseVariantData$getGeneratedBytecode$1: loaded 2 times (x 76B)
Class com.sun.xml.bind.v2.runtime.Utils                                               : loaded 2 times (x 73B)
Class com.sun.xml.bind.v2.runtime.property.ArrayReferenceNodeProperty$MixedTextLoader : loaded 2 times (x 80B)
Class com.sun.xml.bind.v2.runtime.unmarshaller.XsiNilLoader$Array                     : loaded 2 times (x 82B)
Class com.android.sdklib.repository.generated.repository.v3.SourceDetailsType         : loaded 2 times (x 122B)
Class com.sun.xml.bind.v2.model.annotation.ClassLocatable                             : loaded 2 times (x 80B)
Class com.sun.xml.bind.AccessorFactory                                                : loaded 2 times (x 72B)
Class com.google.protobuf.DescriptorProtos$FieldDescriptorProto$Type                  : loaded 2 times (x 89B)
Class com.android.build.gradle.internal.publishing.TestFixturesVariantSpecBuilder     : loaded 2 times (x 92B)
Class com.android.build.gradle.internal.dependency.DexingOutputSplitTransformKt$registerTransformWithOutputType$1$WhenMappings: loaded 2 times (x 73B)
Class com.android.build.gradle.internal.dependency.ExtractJniTransform$Inject_1       : loaded 2 times (x 111B)
Class com.android.build.gradle.internal.tasks.AndroidTestTask                         : loaded 2 times (x 72B)
Class com.android.build.api.variant.CanProduceConsumerProguardFiles                   : loaded 2 times (x 72B)
Class [Lcom.android.build.gradle.internal.tasks.DexMergingAction;                     : loaded 2 times (x 71B)
Class com.android.build.gradle.internal.tasks.ClassesClasspathUtils                   : loaded 2 times (x 74B)
Class com.google.devtools.ksp.gradle.utils.KgpUtilsKt                                 : loaded 2 times (x 73B)
Class org.jetbrains.kotlin.tooling.core.ExtrasPropertyKt$extrasLazyProperty$1         : loaded 2 times (x 96B)
Class org.jetbrains.kotlin.gradle.plugin.diagnostics.UsesKotlinToolingDiagnostics     : loaded 2 times (x 72B)
Class com.android.build.gradle.tasks.JavaCompileCreationAction$handleProvider$2       : loaded 2 times (x 80B)
Class com.android.build.gradle.internal.scope.InternalArtifactType$LINKED_RESOURCES_FOR_BUNDLE_PROTO_FORMAT: loaded 2 times (x 76B)
Class com.android.build.gradle.internal.scope.InternalArtifactType$LINKED_RESOURCES_BINARY_FORMAT: loaded 2 times (x 76B)
Class com.android.build.gradle.internal.tasks.ProcessNavigationXmlTask$CreationAction$handleProvider$1: loaded 2 times (x 133B)
Class com.android.build.gradle.internal.tasks.ExtractNativeDebugMetadataTask$SymbolTableCreationAction: loaded 2 times (x 93B)
Class com.google.wireless.android.sdk.stats.GradleBuildVariant$DexBuilderTool         : loaded 2 times (x 89B)
Class com.android.build.gradle.internal.services.BuiltInKaptSupportMode$NotSupported  : loaded 2 times (x 73B)
Class [Lcom.android.build.gradle.internal.variant.BaseVariantData$DiscoverableFilterType;: loaded 2 times (x 71B)
Class com.google.wireless.android.sdk.stats.RenderToolEvent                           : loaded 2 times (x 209B)
Class com.google.wireless.android.sdk.stats.IntellijProjectSizeStatsOrBuilder         : loaded 2 times (x 72B)
Class com.android.build.api.AndroidPluginVersion$Companion$comparator$4               : loaded 2 times (x 76B)
Class com.android.build.gradle.internal.tasks.SigningConfigUtils$Companion            : loaded 2 times (x 73B)
Class com.android.build.gradle.api.AndroidSourceDirectorySet                          : loaded 2 times (x 72B)
Class com.android.build.gradle.internal.dsl.BaseFlavor$minSdkDelegate$1               : loaded 2 times (x 81B)
Class com.android.build.gradle.internal.dsl.NdkOptions                                : loaded 2 times (x 118B)
Class com.android.build.api.dsl.CompileOptions                                        : loaded 2 times (x 72B)
Class org.jetbrains.kotlin.gradle.dsl.abi.AbiFilterSetSpec                            : loaded 2 times (x 72B)
Class org.jetbrains.kotlin.build.report.metrics.DAEMON_MEMORY_USAGE                   : loaded 2 times (x 74B)
Class com.google.protobuf.Utf8                                                        : loaded 2 times (x 73B)
Class [Lcom.google.protobuf.Descriptors$Descriptor;                                   : loaded 2 times (x 71B)
Class com.google.protobuf.DescriptorProtos$EnumValueDescriptorProtoOrBuilder          : loaded 2 times (x 72B)
Class org.gradle.internal.classloader.DefaultClassLoaderFactory                       : loaded 2 times (x 84B)
Class com.intellij.util.containers.IntObjectHashMap$ArrayProducer                     : loaded 2 times (x 72B)
Class com.google.protobuf.GeneratedMessageV3                                          : loaded 2 times (x 180B)
Class io.opentelemetry.api.GlobalOpenTelemetry                                        : loaded 2 times (x 73B)
Class com.android.build.gradle.options.OptionParsers                                  : loaded 2 times (x 73B)
Class com.amazon.ion.impl.bin.IonManagedBinaryWriter$ImportedSymbolResolverMode$1     : loaded 2 times (x 82B)
Class com.android.build.gradle.options.FeatureStage$Deprecated                        : loaded 2 times (x 74B)
Class com.android.build.gradle.internal.services.AndroidLocationsBuildService         : loaded 2 times (x 92B)
Class com.android.build.api.variant.Variant                                           : loaded 2 times (x 72B)
Class com.android.build.api.dsl.ApplicationExtension                                  : loaded 2 times (x 72B)
Class org.gradle.accessors.dm.LibrariesForLibsInPluginsBlock$ClerkLibraryAccessors    : loaded 2 times (x 79B)
Class com.amazon.ion.UnknownSymbolException                                           : loaded 2 times (x 87B)
Class com.android.ide.gradle.model.composites.BuildMap                                : loaded 2 times (x 72B)
Class kotlin.text.MatchResult$Destructured                                            : loaded 2 times (x 74B)
Class kotlin.Metadata                                                                 : loaded 2 times (x 72B)
Class kotlin.UninitializedPropertyAccessException                                     : loaded 2 times (x 84B)
Class [Lcom.google.wireless.android.sdk.stats.AndroidStudioEvent$EventKind;           : loaded 2 times (x 71B)
Class com.google.wireless.android.sdk.stats.SplittingTabsUsageEvent                   : loaded 2 times (x 202B)
Class com.google.wireless.android.sdk.stats.EditingMetricsEvent                       : loaded 2 times (x 204B)
Class com.google.wireless.android.sdk.stats.LldbSessionEndDetails                     : loaded 2 times (x 205B)
Class com.google.wireless.android.sdk.stats.DebuggerEventOrBuilder                    : loaded 2 times (x 72B)
Class com.google.wireless.android.sdk.stats.PSDEventOrBuilder                         : loaded 2 times (x 72B)
Class com.google.wireless.android.sdk.stats.UiDeviceSettingsEventOrBuilder            : loaded 2 times (x 72B)
Class com.google.wireless.android.sdk.stats.CoroutineDebuggerEventOrBuilder           : loaded 2 times (x 72B)
Class com.google.wireless.android.sdk.stats.GfxTracingDetailsOrBuilder                : loaded 2 times (x 72B)
Class com.google.wireless.android.sdk.stats.DaemonCodeAnalyzerFinishedEventOrBuilder  : loaded 2 times (x 72B)
Class com.amazon.ion.impl.lite.IonSymbolLite                                          : loaded 2 times (x 249B)
Class com.android.build.gradle.internal.ide.v2.EdgeImpl                               : loaded 2 times (x 78B)
Class [Lcom.amazon.ion.impl.bin.IonRawBinaryWriter$StreamCloseMode;                   : loaded 2 times (x 71B)
Class org.jetbrains.kotlin.idea.gradleTooling.AndroidAwareGradleModelProvider$Companion: loaded 2 times (x 73B)
Class com.android.build.gradle.internal.ide.v2.GlobalSyncService$Parameters$Inject_   : loaded 2 times (x 108B)
Class com.android.sdklib.repository.generated.common.v2.ApiDetailsType                : loaded 2 times (x 115B)
Class com.sun.xml.bind.v2.model.nav.ReflectionNavigator$BinderArg                     : loaded 2 times (x 75B)
Class com.sun.xml.bind.v2.model.impl.PropertyInfoImpl                                 : loaded 2 times (x 110B)
Class com.sun.xml.bind.v2.model.annotation.SecureLoader                               : loaded 2 times (x 73B)
Class com.sun.xml.bind.v2.runtime.output.Pcdata                                       : loaded 2 times (x 92B)
Class com.sun.xml.bind.v2.util.QNameMap                                               : loaded 2 times (x 74B)
Class com.sun.xml.bind.v2.runtime.JAXBContextImpl                                     : loaded 2 times (x 92B)
Class com.android.repository.impl.meta.RemotePackageImpl                              : loaded 2 times (x 146B)
Class com.android.sdklib.repository.generated.common.v1.package-info                  : loaded 2 times (x 72B)
Class com.android.sdklib.repository.meta.SdkCommonFactory                             : loaded 2 times (x 75B)
Class org.jetbrains.kotlin.konan.target.KonanTarget$Companion                         : loaded 2 times (x 73B)
Class com.android.build.api.variant.HasDeviceTestsBuilder                             : loaded 2 times (x 72B)
Class com.google.protobuf.DescriptorProtos$DescriptorProto$ReservedRangeOrBuilder     : loaded 2 times (x 72B)
Class com.android.build.gradle.internal.scope.InternalArtifactType$LOCAL_AAR_FOR_LINT : loaded 2 times (x 76B)
Class com.android.build.gradle.internal.dependency.ExtractProGuardRulesTransform      : loaded 2 times (x 80B)
Class com.android.build.gradle.internal.scope.InternalArtifactType$CONNECTED_ANDROID_TEST_ADDITIONAL_OUTPUT: loaded 2 times (x 76B)
Class com.android.build.gradle.internal.scope.InternalArtifactType$GLOBAL_SYNTHETICS_EXTERNAL_LIB: loaded 2 times (x 76B)
Class com.android.build.gradle.internal.TaskManager$addSubpluginOptionsForBuiltInKotlin$compilerOptions$1: loaded 2 times (x 77B)
Class org.jetbrains.kotlin.gradle.plugin.mpp.compilationImpl.DefaultKotlinCompilationSourceSetsContainer$allKotlinSourceSetsImpl$1$1: loaded 2 times (x 82B)
Class org.jetbrains.kotlin.gradle.plugin.mpp.compilationImpl.DefaultKotlinCompilationSourceSetsContainer: loaded 2 times (x 80B)
Class org.jetbrains.kotlin.gradle.internal.transforms.ClasspathEntrySnapshotTransform$Parameters: loaded 2 times (x 91B)
Class com.android.build.api.variant.impl.ResourcesPackagingImpl$merges$1              : loaded 2 times (x 77B)
Class com.android.build.gradle.internal.scope.InternalArtifactType$DATA_BINDING_LAYOUT_INFO_TYPE_PACKAGE: loaded 2 times (x 76B)
Class com.android.build.gradle.internal.tasks.NewIncrementalTask                      : loaded 2 times (x 338B)
Class com.android.build.gradle.internal.scope.InternalArtifactType$BUNDLE_MANIFEST    : loaded 2 times (x 76B)
Class com.android.build.gradle.tasks.ProcessManifestForBundleTask                     : loaded 2 times (x 338B)
Class com.android.build.gradle.internal.dependency.ProvidedClasspath                  : loaded 2 times (x 73B)
Class com.google.wireless.android.sdk.stats.GradleBuildVariant$DexMergerTool          : loaded 2 times (x 89B)
Class dagger.hilt.android.plugin.HiltGradlePlugin$configureHiltAnnotationProcessorConfiguration$1$apConfigurations$1$1: loaded 2 times (x 77B)
Class com.android.build.api.component.analytics.AnalyticsEnabledScopedArtifacts_Decorated: loaded 2 times (x 121B)
Class com.android.build.api.component.analytics.AnalyticsEnabledArtifacts_Decorated   : loaded 2 times (x 137B)
Class com.android.build.api.artifact.TaskBasedOperation                               : loaded 2 times (x 72B)
Class com.android.build.api.component.analytics.AnalyticsEnabledInstrumentation$WhenMappings: loaded 2 times (x 73B)
Class com.android.build.gradle.internal.core.dsl.impl.ApplicationVariantDslInfoImpl$versionName$2$2: loaded 2 times (x 77B)
Class com.android.build.api.component.analytics.AnalyticsEnabledAndroidResourcesBuilder: loaded 2 times (x 74B)
Class com.android.build.gradle.internal.PropertiesValueSource$Inject_                 : loaded 2 times (x 111B)
Class com.android.build.api.AndroidPluginVersion$Companion$comparator$5               : loaded 2 times (x 76B)
Class com.android.build.gradle.internal.lint.AndroidLintGlobalTask                    : loaded 2 times (x 328B)
Class com.android.build.gradle.internal.dsl.BuildType$Companion                       : loaded 2 times (x 73B)
Class com.android.build.api.artifact.Artifacts                                        : loaded 2 times (x 72B)
Class com.android.build.gradle.internal.services.FakeDependencyJarBuildService$lazyCachedFakeJar$1: loaded 2 times (x 77B)
Class com.android.build.gradle.internal.dsl.SdkComponentsImpl$aapt2$2                 : loaded 2 times (x 81B)
Class com.android.build.gradle.internal.dsl.JavaCompileOptions$AgpDecorated_Decorated : loaded 2 times (x 132B)
Class com.android.build.gradle.internal.dsl.BaseFlavor$minSdkDelegate$2               : loaded 2 times (x 81B)
Class com.android.build.gradle.internal.dsl.BundleOptionsLanguage                     : loaded 2 times (x 79B)
Class com.android.build.gradle.internal.dsl.BundleOptionsCountrySet                   : loaded 2 times (x 83B)
Class com.android.build.api.dsl.DynamicFeatureProductFlavor                           : loaded 2 times (x 72B)
Class com.android.builder.model.Named                                                 : loaded 2 times (x 72B)
Class org.jetbrains.kotlin.tooling.core.AbstractExtras                                : loaded 2 times (x 143B)
Class org.jetbrains.kotlin.build.report.metrics.TRANSLATION_TO_IR_LPS                 : loaded 2 times (x 74B)
Class org.jetbrains.kotlin.gradle.fus.BuildUidService$Companion$registerIfAbsent$1    : loaded 2 times (x 76B)
Class org.jetbrains.kotlin.gradle.internal.diagnostics.AgpCompatibilityCheck$AndroidGradlePluginVersionProvider: loaded 2 times (x 72B)
Class [Lcom.android.tools.build.gradle.internal.profile.BooleanOption;                : loaded 2 times (x 71B)
Class com.android.build.gradle.options.Option$Status$STABLE                           : loaded 2 times (x 73B)
Class com.google.protobuf.MessageLite$Builder                                         : loaded 2 times (x 72B)
Class com.google.protobuf.Internal$IntList                                            : loaded 2 times (x 72B)
Class com.android.build.gradle.options.ApiStage$Experimental                          : loaded 2 times (x 74B)
Class com.android.build.gradle.internal.core.dsl.ApkProducingComponentDslInfo         : loaded 2 times (x 72B)
Class com.android.build.api.extension.impl.AndroidComponentsExtensionImpl             : loaded 2 times (x 114B)
Class jdk.internal.jimage.ImageReader                                                 : loaded 2 times (x 77B)
Class io.opentelemetry.context.Context                                                : loaded 2 times (x 72B)
Class org.jetbrains.plugins.gradle.model.IntelliJProjectSettings                      : loaded 2 times (x 72B)
Class org.gradle.tooling.internal.adapter.ProtocolToModelAdapter$MethodInvocationCache: loaded 2 times (x 75B)
Class com.google.wireless.android.sdk.stats.DeviceInfo                                : loaded 2 times (x 237B)
Class com.google.wireless.android.sdk.stats.BrowserSurveyEvent                        : loaded 2 times (x 201B)
Class com.google.wireless.android.sdk.stats.TestScenarioEvent                         : loaded 2 times (x 205B)
Class com.google.wireless.android.sdk.stats.SkillsEventOrBuilder                      : loaded 2 times (x 72B)
Class com.google.wireless.android.sdk.stats.EditorHighlightingStatsOrBuilder          : loaded 2 times (x 72B)
Class org.jetbrains.kotlin.gradle.plugin.KotlinCompilerArgumentsProducer$ArgumentType$Companion: loaded 2 times (x 73B)
Class com.android.build.gradle.internal.tasks.PrepareLintJarForPublishKt              : loaded 2 times (x 73B)
Class org.jetbrains.kotlin.build.report.metrics.BuildTimes                            : loaded 2 times (x 74B)
Class org.jetbrains.kotlin.gradle.tasks.KotlinCompile$ClasspathSnapshotProperties     : loaded 2 times (x 75B)
Class javax.xml.bind.annotation.XmlAnyAttribute                                       : loaded 2 times (x 72B)
Class com.sun.xml.bind.v2.model.impl.ValuePropertyInfoImpl                            : loaded 2 times (x 122B)
Class com.android.repository.impl.generated.v2.package-info                           : loaded 2 times (x 72B)
Class com.android.sdklib.repository.generated.addon.v1.package-info                   : loaded 2 times (x 72B)
Class com.android.sdklib.repository.legacy.LegacyDownloader                           : loaded 2 times (x 86B)
Class org.jetbrains.kotlin.konan.target.KonanTarget$Companion$deprecatedTargets$2     : loaded 2 times (x 80B)
Class com.android.build.gradle.internal.scope.InternalArtifactType$MODULE_AND_RUNTIME_DEPS_CLASSES: loaded 2 times (x 76B)
Class com.android.build.gradle.internal.dependency.ModelArtifactCompatibilityRule$Companion: loaded 2 times (x 73B)
Class com.android.builder.files.SerializableFileChanges                               : loaded 2 times (x 74B)
Class com.android.build.gradle.internal.dependency.AarToClassTransform$Params         : loaded 2 times (x 72B)
Class com.android.build.gradle.internal.DependencyConfigurator                        : loaded 2 times (x 74B)
Class com.android.build.gradle.internal.scope.InternalArtifactType$SDK_DEPENDENCY_DATA: loaded 2 times (x 76B)
Class com.android.build.gradle.internal.scope.InternalArtifactType$BUNDLE_DEPENDENCY_REPORT: loaded 2 times (x 76B)
Class com.android.build.gradle.internal.tasks.creationconfig.DexMergingCreationConfig : loaded 2 times (x 72B)
Class org.jetbrains.kotlin.gradle.plugin.mpp.KotlinSharedNativeCompilation            : loaded 2 times (x 196B)
Class org.jetbrains.kotlin.compose.compiler.gradle.internal.ComposeWithAgpConfig$AgpVersionProvider$Default: loaded 2 times (x 76B)
Class org.jetbrains.kotlin.gradle.plugin.mpp.KotlinCompilationsKt                     : loaded 2 times (x 73B)
Class org.jetbrains.kotlin.gradle.plugin.sources.DefaultKotlinSourceSet_Decorated     : loaded 2 times (x 187B)
Class org.jetbrains.kotlin.gradle.plugin.mpp.compilationImpl.factory.DefaultProcessResourcesTaskNameFactory: loaded 2 times (x 76B)
Class org.jetbrains.kotlin.gradle.plugin.diagnostics.TransformActionUsingKotlinToolingDiagnostics: loaded 2 times (x 72B)
Class com.android.build.api.component.analytics.AnalyticsEnabledJavaCompilation$annotationProcessor$2: loaded 2 times (x 81B)
Class dagger.hilt.android.plugin.HiltGradlePlugin$configureHiltAnnotationProcessorConfiguration$1$apConfigurations$1$2: loaded 2 times (x 77B)
Class com.android.build.api.component.analytics.AnalyticsEnabledInstrumentation_Decorated: loaded 2 times (x 128B)
Class com.android.build.gradle.internal.component.features.NativeBuildCreationConfig  : loaded 2 times (x 72B)
Class com.android.build.api.variant.Packaging                                         : loaded 2 times (x 72B)
Class com.google.wireless.android.sdk.stats.VariantApiUsage                           : loaded 2 times (x 210B)
Class com.android.build.gradle.internal.core.dsl.impl.ConsumableComponentDslInfoImpl$shadersDslInfo$2: loaded 2 times (x 81B)
Class com.android.build.gradle.internal.dsl.BaseFlavor$targetSdk$3                    : loaded 2 times (x 81B)
Class com.google.devtools.ksp.gradle.KspGradleSubplugin$apply$2$1                     : loaded 2 times (x 77B)
Class com.google.protobuf.GeneratedMessageV3$BuilderParent                            : loaded 2 times (x 72B)
Class com.android.build.gradle.internal.tasks.factory.BootClasspathConfigImpl$fullBootClasspathProvider$2: loaded 2 times (x 81B)
Class com.android.tools.lint.model.LintModelSeverity$Companion                        : loaded 2 times (x 73B)
Class com.android.build.gradle.internal.dsl.ApplicationExtensionImpl$dataBinding$1    : loaded 2 times (x 77B)
Class com.android.build.api.artifact.Artifact                                         : loaded 2 times (x 76B)
Class com.android.build.gradle.internal.api.LazyAndroidSourceSet$sourceSet$1          : loaded 2 times (x 81B)
Class org.jetbrains.kotlin.gradle.plugin.KotlinGradleBuildServices                    : loaded 2 times (x 82B)
Class com.android.build.gradle.internal.dsl.ExternalNativeCmakeOptions_Decorated      : loaded 2 times (x 153B)
Class org.jetbrains.kotlin.gradle.internal.properties.PropertiesBuildService$MemoizedCallable$value$2: loaded 2 times (x 81B)
Class com.android.build.api.dsl.MaxSdkSpec                                            : loaded 2 times (x 72B)
Class com.android.builder.core.AbstractBuildType                                      : loaded 2 times (x 155B)
Class org.jetbrains.kotlin.gradle.dsl.abi.AbiValidationVariantSpec                    : loaded 2 times (x 72B)
Class org.jetbrains.kotlin.gradle.targets.native.KonanPropertiesBuildService$Companion: loaded 2 times (x 73B)
Class org.jetbrains.kotlin.build.report.metrics.SAVE_SHRUNK_CURRENT_CLASSPATH_SNAPSHOT: loaded 2 times (x 74B)
Class org.jetbrains.kotlin.build.report.metrics.COMPUTE_IMPACTED_SET                  : loaded 2 times (x 74B)
Class org.jetbrains.kotlin.gradle.utils.GradleUtilsKt$registerClassLoaderScopedBuildService$1: loaded 2 times (x 76B)
Class org.jetbrains.kotlin.gradle.internal.diagnostics.AgpCompatibilityCheck$AndroidGradlePluginVersionProvider$Default: loaded 2 times (x 76B)
Class com.google.protobuf.Descriptors$DescriptorPool$SearchFilter                     : loaded 2 times (x 81B)
Class org.jetbrains.kotlin.build.report.metrics.IR_PRE_LOWERING_LPS                   : loaded 2 times (x 74B)
Class com.google.wireless.android.sdk.stats.GradleBuildSplitsOrBuilder                : loaded 2 times (x 72B)
Class com.android.builder.profile.Recorder                                            : loaded 2 times (x 72B)
Class org.jetbrains.kotlin.build.report.metrics.JPS_SOURCE_LINES_NUMBER               : loaded 2 times (x 74B)
Class com.google.wireless.android.sdk.stats.GradleBuildProfileSpanOrBuilder           : loaded 2 times (x 72B)
Class com.google.protobuf.Parser                                                      : loaded 2 times (x 72B)
Class org.jetbrains.kotlin.gradle.targets.native.toolchain.KotlinNativeBundleBuildService: loaded 2 times (x 78B)
Class org.jetbrains.kotlin.gradle.targets.native.toolchain.KotlinNativeBundleBuildService$Parameters: loaded 2 times (x 72B)
Class org.jetbrains.kotlin.gradle.tasks.DefaultKotlinJavaToolchain                    : loaded 2 times (x 79B)
Class com.google.common.util.concurrent.DirectExecutor                                : loaded 2 times (x 84B)
Class org.jetbrains.kotlin.compose.compiler.gradle.ComposeCompilerGradleSubplugin     : loaded 2 times (x 84B)
Class jdk.internal.jimage.ImageReader$SharedImageReader                               : loaded 2 times (x 97B)
Class org.gradle.accessors.dm.LibrariesForLibsInPluginsBlock$MaterialIconsLibraryAccessors: loaded 2 times (x 79B)
Class org.gradle.accessors.dm.LibrariesForLibs$AndroidxComposeUiToolingLibraryAccessors: loaded 2 times (x 85B)
Class org.jetbrains.plugins.gradle.model.ExternalDependency                           : loaded 2 times (x 72B)
Class com.intellij.util.containers.IntObjectHashMap                                   : loaded 2 times (x 74B)
Class com.google.common.collect.SortedIterable                                        : loaded 2 times (x 72B)
Class org.gradle.api.internal.classpath.ModuleRegistry                                : loaded 2 times (x 72B)
Class org.gradle.internal.installation.GradleInstallation$1                           : loaded 2 times (x 77B)
Class com.google.wireless.android.sdk.stats.GradleSyncIssueOrBuilder                  : loaded 2 times (x 72B)
Class com.google.wireless.android.sdk.stats.UserIdResetEvent                          : loaded 2 times (x 197B)
Class com.google.wireless.android.sdk.stats.JniInspectionEvent                        : loaded 2 times (x 202B)
Class com.google.wireless.android.sdk.stats.StudioRunEvent                            : loaded 2 times (x 235B)
Class com.google.wireless.android.sdk.stats.OSMetricsOrBuilder                        : loaded 2 times (x 72B)
Class com.google.wireless.android.sdk.stats.RunEventOrBuilder                         : loaded 2 times (x 72B)
Class org.jetbrains.kotlin.gradle.internal.config.LanguageFeatureBehaviorAfterSinceVersion$CanStillBeDisabledForNow: loaded 2 times (x 74B)
Class org.jetbrains.kotlin.gradle.internal.config.MavenComparableVersion$ListItem     : loaded 2 times (x 220B)
Class org.jetbrains.kotlin.gradle.plugin.KotlinCompilerArgumentsProducer$CreateCompilerArgumentsContext$Companion: loaded 2 times (x 73B)
Class com.android.build.gradle.internal.tasks.MergeJavaResourceTask$Companion$predicate$1: loaded 2 times (x 82B)
Class [Lcom.sun.xml.bind.v2.model.impl.ClassInfoImpl$SecondaryAnnotation;             : loaded 2 times (x 71B)
Class com.sun.xml.bind.v2.model.core.TypeInfoSet                                      : loaded 2 times (x 72B)
Class com.sun.xml.bind.api.BridgeContext                                              : loaded 2 times (x 78B)
Class com.android.sdklib.repository.generated.repository.v4.ObjectFactory             : loaded 2 times (x 81B)
Class com.android.sdklib.repository.generated.addon.v2.ObjectFactory                  : loaded 2 times (x 82B)
Class com.android.build.gradle.internal.SdkLoadingStrategy                            : loaded 2 times (x 74B)
Class com.android.build.gradle.internal.scope.InternalArtifactType$COMPILE_LIBRARY_CLASSES_JAR: loaded 2 times (x 76B)
Class com.android.build.gradle.internal.dependency.DexingRegistration$registerTransform$1: loaded 2 times (x 77B)
Class com.android.build.gradle.internal.dependency.CollectClassesTransform            : loaded 2 times (x 80B)
Class com.android.build.gradle.internal.HostTestTaskManager$createRunHostTestTask$1   : loaded 2 times (x 77B)
Class com.android.build.gradle.internal.scope.InternalArtifactType$APK_ZIP            : loaded 2 times (x 76B)
Class com.android.build.gradle.internal.tasks.ListingFileRedirectTask                 : loaded 2 times (x 337B)
Class com.google.devtools.ksp.gradle.KSPVersionsKt                                    : loaded 2 times (x 73B)
Class org.jetbrains.kotlin.gradle.utils.ConfigurationCacheOpaqueValue                 : loaded 2 times (x 74B)
Class [Lcom.android.build.gradle.internal.publishing.ArtifactCategory;                : loaded 2 times (x 71B)
Class [Lcom.android.build.gradle.internal.publishing.AndroidArtifacts$ArtifactScope;  : loaded 2 times (x 71B)
Class com.android.build.gradle.internal.dsl.InstrumentationImpl                       : loaded 2 times (x 79B)
Class com.android.build.api.component.impl.DeviceTestImpl$optimizationCreationConfig$2: loaded 2 times (x 81B)
Class com.android.build.gradle.internal.core.MergedFlavor$Companion                   : loaded 2 times (x 73B)
Class com.android.build.gradle.internal.dsl.MinSdkSpecImpl$AgpDecorated_Decorated     : loaded 2 times (x 131B)
Class [Lcom.android.build.api.artifact.impl.InternalScopedArtifacts$InternalScope;    : loaded 2 times (x 71B)
Class com.android.build.gradle.internal.services.FakeDependencyJarBuildService$FakeDependencyJarCreator$Inject_: loaded 2 times (x 113B)
Class org.jetbrains.kotlin.gradle.tasks.DefaultKotlinJavaToolchain$Companion          : loaded 2 times (x 73B)
Class com.android.build.gradle.internal.dsl.ComposeOptionsImpl_Decorated              : loaded 2 times (x 129B)
Class com.android.build.gradle.internal.dsl.decorator.DslDecorator$cache$1            : loaded 2 times (x 77B)
Class com.android.build.api.dsl.MinCompileSdkSpec                                     : loaded 2 times (x 72B)
Class com.android.build.api.dsl.AndroidResources                                      : loaded 2 times (x 72B)
Class com.google.wireless.android.sdk.stats.GradleBuildVariant$VariantType            : loaded 2 times (x 89B)
Class org.jetbrains.kotlin.gradle.dsl.KotlinAndroidProjectExtension_Decorated         : loaded 2 times (x 194B)
Class org.jetbrains.kotlin.gradle.plugin.mpp.KotlinUsages                             : loaded 2 times (x 73B)
Class org.jetbrains.kotlin.gradle.internal.properties.NativePropertiesLoader$Companion: loaded 2 times (x 73B)
Class org.jetbrains.kotlin.gradle.plugin.statistics.BuildFusService$Companion         : loaded 2 times (x 73B)
Class org.jetbrains.kotlin.compilerRunner.btapi.BuildSessionService$Companion         : loaded 2 times (x 73B)
Class com.android.ProgressManagerAdapter                                              : loaded 2 times (x 75B)
Class com.google.protobuf.DescriptorProtos$EnumValueDescriptorProto$Builder           : loaded 2 times (x 303B)
Class com.google.protobuf.DescriptorProtos$EnumValueOptionsOrBuilder                  : loaded 2 times (x 72B)
Class com.google.protobuf.ByteString$LeafByteString                                   : loaded 2 times (x 105B)
Class com.android.build.gradle.internal.dsl.BuildTypeFactory                          : loaded 2 times (x 79B)
Class com.android.build.api.dsl.AssetPackBundleExtension                              : loaded 2 times (x 72B)
Class com.google.protobuf.Descriptors$GenericDescriptor                               : loaded 2 times (x 77B)
Class kotlinx.coroutines.flow.StateFlow                                               : loaded 2 times (x 72B)
Class com.android.build.api.dsl.JniLibsPackaging                                      : loaded 2 times (x 72B)
Class com.android.ide.common.blame.MessageJsonSerializer                              : loaded 2 times (x 78B)
Class com.android.build.gradle.internal.TaskManager$Companion$createTasksBeforeEvaluate$1: loaded 2 times (x 76B)
Class com.android.build.api.artifact.impl.ArtifactContainer                           : loaded 2 times (x 77B)
Class com.android.build.gradle.internal.plugins.FusedLibraryPlugin                    : loaded 2 times (x 83B)
Class com.android.build.gradle.internal.services.RunOnceBuildServiceImpl$Inject_      : loaded 2 times (x 104B)
Class jdk.internal.jimage.decompressor.ResourceDecompressorFactory                    : loaded 2 times (x 76B)
Class com.amazon.ion.impl.bin.IonManagedBinaryWriter$SymbolState$1                    : loaded 2 times (x 82B)
Class com.amazon.ion.impl.LocalSymbolTableAsStruct$Factory                            : loaded 2 times (x 81B)
Class [Lcom.amazon.ion.IonType;                                                       : loaded 2 times (x 71B)
Class org.jetbrains.plugins.gradle.model.VersionCatalogsModel                         : loaded 2 times (x 72B)
Class com.intellij.gradle.toolingExtension.impl.model.sourceSetDependencyModel.GradleSourceSetDependencySerialisationService$SourceSetDependencyModelReadContext: loaded 2 times (x 74B)
Class com.intellij.gradle.toolingExtension.impl.model.dependencyModel.DependencyReadContext: loaded 2 times (x 74B)
Class org.gradle.tooling.internal.adapter.ObjectGraphAdapter                          : loaded 2 times (x 72B)
Class com.google.wireless.android.sdk.stats.GeminiTelemetryEvent                      : loaded 2 times (x 208B)
Class com.google.wireless.android.sdk.stats.GeminiAdvertiserEvent                     : loaded 2 times (x 199B)
Class com.google.wireless.android.sdk.stats.FileTypeOrBuilder                         : loaded 2 times (x 72B)
Class com.google.wireless.android.sdk.stats.ManifestMergerStatsOrBuilder              : loaded 2 times (x 72B)
Class com.google.wireless.android.sdk.stats.LiveLiteralsEventOrBuilder                : loaded 2 times (x 72B)
Class com.google.wireless.android.sdk.stats.AndroidProfilerEventOrBuilder             : loaded 2 times (x 72B)
Class com.google.wireless.android.sdk.stats.FirebaseContextDetailsOrBuilder           : loaded 2 times (x 72B)
Class com.google.wireless.android.sdk.stats.CppHeadersViewEventOrBuilder              : loaded 2 times (x 72B)
Class com.google.common.hash.MessageDigestHashFunction                                : loaded 2 times (x 98B)
Class [Lorg.jetbrains.kotlin.gradle.internal.utils.DescriptionAware;                  : loaded 2 times (x 71B)
Class com.android.build.api.artifact.impl.SingleArtifactContainer                     : loaded 2 times (x 77B)
Class com.android.build.gradle.internal.tasks.featuresplit.PackagedDependenciesWriterTask$CreationAction$configure$1$1$1$1: loaded 2 times (x 80B)
Class com.android.build.gradle.internal.variant.VariantPathHelper$baseName$2          : loaded 2 times (x 81B)
Class com.sun.xml.bind.v2.runtime.unmarshaller.ValuePropertyLoader                    : loaded 2 times (x 80B)
Class com.sun.xml.bind.v2.model.runtime.RuntimeReferencePropertyInfo                  : loaded 2 times (x 72B)
Class javax.xml.bind.annotation.XmlRootElement                                        : loaded 2 times (x 72B)
Class com.sun.xml.bind.v2.model.core.Ref                                              : loaded 2 times (x 74B)
Class com.sun.xml.bind.v2.model.runtime.RuntimeElementInfo                            : loaded 2 times (x 72B)
Class com.sun.xml.bind.v2.model.impl.RuntimeModelBuilder                              : loaded 2 times (x 102B)
Class javax.xml.bind.ServiceLoaderUtil                                                : loaded 2 times (x 73B)
Class com.android.repository.impl.meta.Archive$CompleteType                           : loaded 2 times (x 81B)
Class com.android.repository.impl.meta.CommonFactory                                  : loaded 2 times (x 93B)
Class com.android.sdklib.repository.generated.common.v4.IdDisplayType                 : loaded 2 times (x 85B)
Class com.android.build.gradle.internal.SupportToolsComponents$Companion              : loaded 2 times (x 73B)
Class com.android.build.gradle.internal.SdkComponentsBuildService$VersionedSdkLoader$sdkDirectoryProvider$1: loaded 2 times (x 77B)
Class com.android.build.api.variant.ResValue$Key                                      : loaded 2 times (x 72B)
Class com.google.common.collect.HashBiMap$Inverse                                     : loaded 2 times (x 144B)
Class com.google.protobuf.Descriptors$FieldDescriptor$Type                            : loaded 2 times (x 81B)
Class com.android.build.gradle.internal.VariantTaskManager$addBindingDependenciesIfNecessary$viewBindingEnabled$1: loaded 2 times (x 82B)
Class com.android.build.gradle.internal.dependency.LibrarySymbolTableTransform        : loaded 2 times (x 80B)
Class com.android.build.gradle.internal.attribution.CheckJetifierBuildService$Parameters_Decorated: loaded 2 times (x 132B)
Class com.android.build.gradle.internal.HostTestTaskManager$createRunHostTestTask$2   : loaded 2 times (x 77B)
Class com.android.build.gradle.internal.test.AbstractTestDataImpl$animationsDisabled$1: loaded 2 times (x 80B)
Class com.android.build.gradle.internal.tasks.AppMetadataTaskKt                       : loaded 2 times (x 73B)
Class com.android.build.gradle.internal.tasks.DexMergingTask$CreationAction           : loaded 2 times (x 95B)
Class com.android.build.gradle.internal.scope.InternalArtifactType$DUPLICATE_CLASSES_CHECK: loaded 2 times (x 76B)
Class org.jetbrains.kotlin.gradle.utils.KlibUtilsKt$jvmModuleName$1                   : loaded 2 times (x 77B)
Class org.jetbrains.kotlin.gradle.targets.js.ir.KotlinJsIrTarget                      : loaded 2 times (x 249B)
Class org.jetbrains.kotlin.gradle.plugin.HasCompilerOptions                           : loaded 2 times (x 72B)
Class org.jetbrains.kotlin.gradle.plugin.mpp.compilationImpl.DefaultKotlinCompilationFriendPathsResolver$FriendArtifactResolver: loaded 2 times (x 72B)
Class com.android.build.gradle.internal.scope.InternalArtifactType$BUILT_IN_KOTLINC   : loaded 2 times (x 76B)
Class com.android.build.api.variant.impl.FileBasedFileEntry                           : loaded 2 times (x 81B)
Class com.android.build.gradle.internal.scope.InternalArtifactType$MERGED_TEST_ONLY_NATIVE_LIBS: loaded 2 times (x 76B)
Class com.android.build.gradle.internal.scope.InternalArtifactType$MERGED_JNI_LIBS    : loaded 2 times (x 76B)
Class com.android.build.gradle.internal.tasks.CompressAssetsTask                      : loaded 2 times (x 342B)
Class com.android.build.api.artifact.ArtifactTransformationRequest                    : loaded 2 times (x 72B)
Class com.android.build.gradle.internal.tasks.ProcessNavigationXmlTask$ApplicationCreationAction: loaded 2 times (x 93B)
Class com.android.build.api.artifact.ScopedArtifact$CLASSES                           : loaded 2 times (x 76B)
Class [Lcom.android.build.api.instrumentation.FramesComputationMode;                  : loaded 2 times (x 71B)
Class com.android.build.api.component.impl.ComponentImpl                              : loaded 2 times (x 212B)
Class com.android.build.gradle.internal.dsl.ModulePropertyKey$BooleanWithDefault      : loaded 2 times (x 85B)
Class com.android.build.api.variant.impl.HostTestBuilderImpl                          : loaded 2 times (x 91B)
Class com.android.build.gradle.internal.core.dsl.impl.VariantDslInfoImpl$nativeBuildDslInfo$2: loaded 2 times (x 81B)
Class com.android.build.gradle.internal.core.MergedAnnotationProcessorOptions         : loaded 2 times (x 109B)
Class com.google.devtools.ksp.gradle.KspExtension_Decorated                           : loaded 2 times (x 138B)
Class com.android.build.api.artifact.Artifact$Replaceable                             : loaded 2 times (x 72B)
Class com.android.build.gradle.internal.services.TaskCreationServices                 : loaded 2 times (x 72B)
Class com.android.builder.model.SourceProvider                                        : loaded 2 times (x 72B)
Class com.android.utils.HelpfulEnumConverter                                          : loaded 2 times (x 94B)
Class com.android.build.api.dsl.ProductFlavor                                         : loaded 2 times (x 72B)
Class com.android.build.api.dsl.BaseFlavor                                            : loaded 2 times (x 72B)
Class org.jetbrains.kotlin.gradle.plugin.mpp.DefaultKotlinUsageContext                : loaded 2 times (x 95B)
Class org.jetbrains.kotlin.gradle.dsl.abi.AbiFilterSetSpec_Decorated                  : loaded 2 times (x 135B)
Class org.jetbrains.kotlin.build.report.metrics.OUT_OF_WORKER_TASK_ACTION             : loaded 2 times (x 74B)
Class org.jetbrains.kotlin.gradle.internal.properties.PropertiesBuildService$Companion: loaded 2 times (x 73B)
Class org.jetbrains.kotlin.gradle.dsl.KotlinJvmExtension                              : loaded 2 times (x 72B)
Class org.jetbrains.kotlin.gradle.plugin.KotlinMultiplatformPluginWrapper             : loaded 2 times (x 88B)
Class com.android.build.gradle.internal.services.AndroidLocationsBuildService$AndroidDirectoryCreator$Params: loaded 2 times (x 72B)
Class com.android.build.gradle.internal.services.Aapt2DaemonBuildService$RegistrationAction: loaded 2 times (x 76B)
Class com.android.build.gradle.internal.ide.dependencies.LibraryDependencyCacheBuildService$Parameters_Decorated: loaded 2 times (x 132B)
Class com.google.common.util.concurrent.AbstractFuture$UnsafeAtomicHelper             : loaded 2 times (x 80B)
Class com.android.build.api.variant.LifecycleTasks                                    : loaded 2 times (x 72B)
Class com.android.build.api.component.impl.ComponentImpl$instrumentationCreationConfig$2: loaded 2 times (x 81B)
Class com.google.protobuf.AbstractMessageLite                                         : loaded 2 times (x 103B)
Class com.android.build.gradle.internal.VariantManager$createVariantsFromCombination$3$1: loaded 2 times (x 81B)
Class com.android.build.api.component.analytics.AnalyticsEnabledJavaCompilation       : loaded 2 times (x 81B)
Class com.android.build.gradle.options.ReplacedOption                                 : loaded 2 times (x 87B)
Class [Lcom.android.build.gradle.options.OptionalBooleanOption;                       : loaded 2 times (x 71B)
Class com.android.build.api.variant.CanMinifyAndroidResourcesBuilder                  : loaded 2 times (x 72B)
Class com.android.build.gradle.internal.dsl.Lockable                                  : loaded 2 times (x 72B)
Class org.jetbrains.plugins.gradle.model.ProjectImportModelProvider                   : loaded 2 times (x 72B)
Class org.jetbrains.plugins.gradle.model.ExternalSourceSet                            : loaded 2 times (x 72B)
Class com.amazon.ion.impl.bin.IonManagedBinaryWriter$SymbolState$2                    : loaded 2 times (x 82B)
Class com.amazon.ion.IonNull                                                          : loaded 2 times (x 72B)
Class com.intellij.gradle.toolingExtension.impl.model.warmUp.GradleTaskWarmUpRequest  : loaded 2 times (x 72B)
Class com.google.common.collect.ImmutableSortedAsList                                 : loaded 2 times (x 223B)
Class kotlin.text.RegexKt                                                             : loaded 2 times (x 73B)
Class kotlin.coroutines.intrinsics.IntrinsicsKt__IntrinsicsKt                         : loaded 2 times (x 73B)
Class com.google.wireless.android.sdk.stats.StartupPerformanceFrameBecameVisibleEvent : loaded 2 times (x 201B)
Class com.google.wireless.android.sdk.stats.GoogleLoginPluginEvent                    : loaded 2 times (x 204B)
Class com.google.wireless.android.sdk.stats.FileUsageOrBuilder                        : loaded 2 times (x 72B)
Class com.google.wireless.android.sdk.stats.SentimentSurveyEventOrBuilder             : loaded 2 times (x 72B)
Class com.google.wireless.android.sdk.stats.GradleJdkInvalidEventOrBuilder            : loaded 2 times (x 72B)
Class com.google.wireless.android.sdk.stats.StudioPerformanceStatsOrBuilder           : loaded 2 times (x 72B)
Class com.android.build.gradle.tasks.MapSourceSetPathsTask$CreateAction               : loaded 2 times (x 95B)
Class com.android.build.api.variant.MultiOutputHandler$Companion                      : loaded 2 times (x 73B)
Class com.android.build.gradle.internal.utils.D8BackportedMethodsGenerator$Parameters$Inject_: loaded 2 times (x 118B)
Class com.google.devtools.ksp.gradle.KspAATask$Companion$registerKspAATask$kspTaskProvider$1$2$11: loaded 2 times (x 76B)
Class com.sun.xml.bind.v2.runtime.unmarshaller.UnmarshallingContext                   : loaded 2 times (x 104B)
Class com.sun.xml.bind.v2.runtime.LifecycleMethods                                    : loaded 2 times (x 74B)
Class com.android.sdklib.repository.generated.addon.v1.AddonDetailsType               : loaded 2 times (x 143B)
Class com.sun.xml.bind.v2.model.annotation.MethodLocatable                            : loaded 2 times (x 80B)
Class com.sun.xml.bind.v2.model.runtime.RuntimeMapPropertyInfo                        : loaded 2 times (x 72B)
Class com.sun.xml.bind.v2.model.nav.TypeVisitor                                       : loaded 2 times (x 78B)
Class com.android.repository.impl.meta.RepoPackageImpl                                : loaded 2 times (x 116B)
Class com.android.build.gradle.internal.utils.ConsoleProgressIndicatorFactory$IsTerminalSmartValueSource: loaded 2 times (x 80B)
Class org.jetbrains.kotlin.gradle.dsl.KotlinMultiplatformSourceSetConventions         : loaded 2 times (x 72B)
Class com.android.build.api.variant.FilterConfiguration                               : loaded 2 times (x 72B)
Class com.android.build.gradle.internal.coverage.JacocoVersionUtilsKt                 : loaded 2 times (x 73B)
Class com.android.build.gradle.internal.dependency.SubtractingArtifactCollection      : loaded 2 times (x 86B)
Class com.android.build.gradle.internal.tasks.CompileArtProfileTask$CreationAction    : loaded 2 times (x 92B)
Class org.jetbrains.kotlin.gradle.plugin.mpp.compilationImpl.KotlinCompilationConfigurationsContainer: loaded 2 times (x 72B)
Class org.jetbrains.kotlin.gradle.plugin.mpp.KotlinJvmAgpCompilationFactory           : loaded 2 times (x 83B)
Class com.android.build.gradle.internal.tasks.IncrementalTask                         : loaded 2 times (x 72B)
Class com.android.build.api.instrumentation.AsmClassVisitorFactory                    : loaded 2 times (x 72B)
Class com.android.build.api.component.analytics.AnalyticsEnabledApplicationVariant$userVisiblePackaging$2: loaded 2 times (x 81B)
Class com.android.build.gradle.internal.utils.VariantPostCreationChecksKt             : loaded 2 times (x 73B)
Class com.android.build.gradle.internal.dsl.MinSdkDelegate$minSdk$1                   : loaded 2 times (x 81B)
Class dagger.hilt.android.plugin.HiltGradlePlugin$configureCompatibilityRules$1$1     : loaded 2 times (x 76B)
Class dagger.hilt.android.plugin.HiltGradlePlugin$apply$1                             : loaded 2 times (x 77B)
Class org.jetbrains.kotlin.compose.compiler.gradle.internal.ComposeAgpMappingFileKt   : loaded 2 times (x 73B)
Class com.android.build.gradle.internal.dsl.CompileSdkProperties                      : loaded 2 times (x 72B)
Class com.android.build.gradle.internal.dsl.decorator.DslDecorator$Companion$privateLookupInMethod$2: loaded 2 times (x 80B)
Class com.android.build.gradle.internal.dsl.TestOptions                               : loaded 2 times (x 120B)
Class com.android.build.gradle.internal.CompileOptions                                : loaded 2 times (x 96B)
Class com.android.build.gradle.internal.dsl.BundleOptionsDeviceTier                   : loaded 2 times (x 83B)
Class org.jetbrains.kotlin.gradle.plugin.sources.KotlinSourceSetFactory$Companion     : loaded 2 times (x 73B)
Class [Lcom.android.prefs.Global;                                                     : loaded 2 times (x 71B)
Class com.android.build.gradle.internal.services.ConfigPhaseFileCreator               : loaded 2 times (x 72B)
Class com.android.build.gradle.internal.services.Aapt2ThreadPoolBuildService$Params_Decorated: loaded 2 times (x 132B)
Class org.jetbrains.kotlin.gradle.plugin.mpp.compilationImpl.factory.DefaultKotlinCompilationSourceSetsContainerFactory$DefaultSourceSetNaming: loaded 2 times (x 72B)
Class com.google.wireless.android.sdk.stats.GradleBuildProfile$1                      : loaded 2 times (x 153B)
Class com.android.build.gradle.internal.tasks.factory.features.InstrumentationTaskCreationAction: loaded 2 times (x 72B)
Class com.android.build.gradle.internal.dependency.ShrinkerVersion$Companion          : loaded 2 times (x 73B)
Class com.android.build.api.variant.HasTestFixtures                                   : loaded 2 times (x 72B)
Class jdk.internal.jimage.ImageReader$Node                                            : loaded 2 times (x 86B)
Class com.amazon.ion.impl.bin.IonRawBinaryWriter$ContainerInfo                        : loaded 2 times (x 76B)
Class com.amazon.ion.impl.bin.IonManagedBinaryWriter$SymbolState$3                    : loaded 2 times (x 82B)
Class com.amazon.ion.impl.bin.IonRawBinaryWriter$StreamFlushMode                      : loaded 2 times (x 81B)
Class com.amazon.ion.IonBinaryWriter                                                  : loaded 2 times (x 72B)
Class com.intellij.gradle.toolingExtension.impl.model.sourceSetArtifactIndex.GradleSourceSetArtifactBuildRequest: loaded 2 times (x 72B)
Class kotlin.io.FilesKt__UtilsKt                                                      : loaded 2 times (x 73B)
Class com.google.common.collect.Lists$TransformingRandomAccessList                    : loaded 2 times (x 201B)
Class kotlin.collections.CollectionsKt__CollectionsJVMKt                              : loaded 2 times (x 73B)
Class org.gradle.tooling.model.idea.BasicIdeaProject                                  : loaded 2 times (x 72B)
Class org.gradle.api.internal.classpath.DefaultModuleRegistry                         : loaded 2 times (x 86B)
Class com.google.wireless.android.sdk.stats.GlassesPairingEvent                       : loaded 2 times (x 197B)
Class com.google.wireless.android.sdk.stats.ScreenshotTestComposePreviewEvent         : loaded 2 times (x 203B)
Class com.google.wireless.android.sdk.stats.SmlCompletionEvent                        : loaded 2 times (x 211B)
Class com.google.wireless.android.sdk.stats.AdbAssistantStats                         : loaded 2 times (x 197B)
Class com.google.wireless.android.sdk.stats.ScreenshotTestComposePreviewEventOrBuilder: loaded 2 times (x 72B)
Class org.jetbrains.kotlin.gradle.dsl.KotlinProjectExtensionKt$WhenMappings           : loaded 2 times (x 73B)
Class org.jetbrains.kotlin.gradle.plugin.ide.IdeCompilerArgumentsResolverImpl         : loaded 2 times (x 76B)
Class com.android.build.gradle.internal.signing.SigningConfigDataProvider$Companion$create$1: loaded 2 times (x 81B)
Class com.android.ide.common.caching.CreatingCache$ValueFactory                       : loaded 2 times (x 72B)
Class com.google.devtools.ksp.gradle.KspAATask$Companion$registerKspAATask$kspTaskProvider$1$2$12: loaded 2 times (x 77B)
Class org.jetbrains.kotlin.compilerRunner.KotlinCompilerArgumentsLogLevel             : loaded 2 times (x 81B)
Class com.android.build.gradle.internal.core.dsl.impl.features.OptimizationDslInfoImpl$WhenMappings: loaded 2 times (x 73B)
Class javax.xml.bind.Unmarshaller                                                     : loaded 2 times (x 72B)
Class com.android.build.gradle.internal.FileExistsValueSource                         : loaded 2 times (x 80B)
Class com.android.build.gradle.internal.SdkComponentsBuildService$VersionedSdkLoader$renderScriptSupportJarProvider$1: loaded 2 times (x 77B)
Class com.android.builder.sdk.InstallFailedException                                  : loaded 2 times (x 84B)
Class com.google.protobuf.CodedOutputStream$ArrayEncoder                              : loaded 2 times (x 111B)
Class com.google.wireless.android.sdk.stats.GradleBuildProject$GradlePlugin           : loaded 2 times (x 89B)
Class com.android.build.gradle.internal.cxx.gradle.generator.NativeProjectPath        : loaded 2 times (x 74B)
Class com.android.build.gradle.internal.cxx.logging.IssueReporterLoggingEnvironment   : loaded 2 times (x 85B)
Class com.android.build.gradle.internal.cxx.configure.CxxCreateGradleTasksKt          : loaded 2 times (x 73B)
Class com.android.build.gradle.internal.scope.InternalArtifactType$SDK_DEPENDENCY_DATA_PUBLIC: loaded 2 times (x 76B)
Class org.jetbrains.kotlin.gradle.plugin.mpp.compilationImpl.factory.CompositePostConfigure: loaded 2 times (x 77B)
Class com.android.build.gradle.internal.scope.InternalArtifactType$COMPRESSED_ASSETS  : loaded 2 times (x 76B)
Class com.android.build.gradle.internal.scope.InternalArtifactType$GENERATED_PNGS_RES : loaded 2 times (x 76B)
Class com.android.build.api.artifact.SingleArtifact$APK                               : loaded 2 times (x 76B)
Class com.android.build.gradle.internal.dependency.VariantDependencies$Companion$computeLocalFileDependencies$2: loaded 2 times (x 77B)
Class com.android.build.gradle.internal.dependency.VariantDependencies$computeArtifactCollection$attributesAction$1: loaded 2 times (x 77B)
Class com.android.build.gradle.internal.TaskManager$createAssembleTask$1              : loaded 2 times (x 77B)
Class android.databinding.tool.DataBindingBuilder$GradleFileWriter                    : loaded 2 times (x 77B)
Class com.android.build.api.artifact.SingleArtifact                                   : loaded 2 times (x 76B)
Class com.android.build.api.component.impl.DeviceTestImpl$packaging$2                 : loaded 2 times (x 81B)
Class com.android.build.api.component.impl.TestComponentImpl                          : loaded 2 times (x 361B)
Class com.android.build.gradle.internal.core.MergedExternalNativeNdkBuildOptions      : loaded 2 times (x 88B)
Class com.android.build.gradle.internal.core.MergedNdkConfig                          : loaded 2 times (x 97B)
Class com.android.build.gradle.internal.variant.VariantPathHelper$aarLocation$2       : loaded 2 times (x 81B)
Class com.android.build.gradle.internal.publishing.PublishedConfigSpec                : loaded 2 times (x 74B)
Class com.android.build.gradle.internal.ProguardFilesProvider                         : loaded 2 times (x 72B)
Class org.jetbrains.kotlin.gradle.plugin.internal.state.TaskExecutionResults          : loaded 2 times (x 73B)
Class dagger.hilt.android.plugin.HiltGradlePlugin$apply$2                             : loaded 2 times (x 77B)
Class com.android.build.gradle.internal.dsl.ApplicationBuildFeaturesImpl              : loaded 2 times (x 122B)
Class [Lcom.android.build.api.artifact.Artifact$Category;                             : loaded 2 times (x 71B)
Class com.android.build.gradle.internal.dsl.KeepRulesImpl$AgpDecorated                : loaded 2 times (x 99B)
Class com.android.build.gradle.tasks.PackageApplication                               : loaded 2 times (x 376B)
Class com.android.build.api.dsl.ApplicationPublishing                                 : loaded 2 times (x 72B)
Class org.jetbrains.kotlin.build.report.metrics.SHRUNK_CLASSPATH_SNAPSHOT_SIZE        : loaded 2 times (x 74B)
Class org.jetbrains.kotlin.build.report.metrics.JPS_CODE_GENERATION                   : loaded 2 times (x 74B)
Class org.jetbrains.kotlin.gradle.plugin.AndroidGradlePluginVersion$Companion         : loaded 2 times (x 73B)
Class com.android.build.gradle.internal.scope.InternalArtifactType$MERGED_ART_PROFILE : loaded 2 times (x 76B)
Class com.android.build.gradle.internal.scope.InternalArtifactType$EXTRACTED_APKS     : loaded 2 times (x 76B)
Class com.android.build.api.variant.impl.DynamicFeatureVariantImpl                    : loaded 2 times (x 605B)
Class com.android.build.gradle.internal.dependency.ExtractAarTransform$Inject_1       : loaded 2 times (x 111B)
Class com.android.build.gradle.internal.utils.DesugarLibUtils$getDesugarLibConfigFromTransform$1: loaded 2 times (x 76B)
Class com.android.build.gradle.internal.VariantTaskManager$addBindingDependenciesIfNecessary$dataBindingEnabled$1: loaded 2 times (x 82B)
Class com.android.build.gradle.internal.scope.InternalArtifactType$LIBRARY_AND_LOCAL_JARS_JNI: loaded 2 times (x 76B)
Class com.android.builder.errors.IssueReporter                                        : loaded 2 times (x 75B)
Class jdk.internal.jimage.BasicImageReader$1                                          : loaded 2 times (x 79B)
Class org.gradle.accessors.dm.LibrariesForLibsInPluginsBlock$AndroidxEspressoLibraryAccessors: loaded 2 times (x 79B)
Class org.gradle.accessors.dm.LibrariesForLibs$AndroidxComposeUiLibraryAccessors      : loaded 2 times (x 87B)
Class com.amazon.ion.impl.bin.IonManagedBinaryWriter$SymbolState$4                    : loaded 2 times (x 82B)
Class [Lcom.amazon.ion.util.InputStreamInterceptor;                                   : loaded 2 times (x 71B)
Class org.jetbrains.plugins.gradle.tooling.serialization.internal.IdeaProjectSerializationService$WriteContext$1: loaded 2 times (x 85B)
Class org.jetbrains.plugins.gradle.model.ExternalProject                              : loaded 2 times (x 72B)
Class kotlin.sequences.SequencesKt                                                    : loaded 2 times (x 73B)
Class kotlin.collections.CollectionsKt__IteratorsKt                                   : loaded 2 times (x 73B)
Class com.google.wireless.android.sdk.stats.OptOutOfMetrics                           : loaded 2 times (x 195B)
Class com.google.wireless.android.sdk.stats.TestRun                                   : loaded 2 times (x 224B)
Class com.google.wireless.android.sdk.stats.EmulatorDetails                           : loaded 2 times (x 309B)
Class com.google.wireless.android.sdk.stats.HypervisorOrBuilder                       : loaded 2 times (x 72B)
Class com.android.build.gradle.internal.scope.ArtifactPublishingUtil$publishArtifactToConfiguration$1$1: loaded 2 times (x 77B)
Class com.google.common.hash.HashFunction                                             : loaded 2 times (x 72B)
Class org.jetbrains.kotlin.gradle.plugin.DefaultKotlinBasePlugin$addKotlinCompilerConfiguration$2$1$1$1: loaded 2 times (x 77B)
Class com.android.build.gradle.internal.ide.dependencies.Graph$Companion              : loaded 2 times (x 73B)
Class com.android.ide.common.caching.CreatingCache                                    : loaded 2 times (x 78B)
Class com.android.build.gradle.internal.ide.v2.AndroidGradlePluginProjectFlagsImpl    : loaded 2 times (x 77B)
Class com.google.devtools.ksp.gradle.KspAATask$Companion$registerKspAATask$kspTaskProvider$1$2$13: loaded 2 times (x 76B)
Class com.google.protobuf.DescriptorProtos$FieldDescriptorProto$Type$1                : loaded 2 times (x 78B)
Class org.jetbrains.kotlin.gradle.tasks.KotlinCompilerExecutionStrategy$Companion     : loaded 2 times (x 73B)
Class org.jetbrains.kotlin.gradle.plugin.CompilerPluginConfig                         : loaded 2 times (x 74B)
Class com.sun.xml.bind.v2.runtime.Coordinator                                         : loaded 2 times (x 85B)
Class javax.xml.bind.ValidationEventHandler                                           : loaded 2 times (x 72B)
Class com.android.repository.impl.meta.Archive$PatchesType                            : loaded 2 times (x 74B)
Class com.sun.xml.bind.v2.model.annotation.XmlRootElementQuick                        : loaded 2 times (x 94B)
Class com.sun.xml.bind.v2.runtime.NameBuilder                                         : loaded 2 times (x 74B)
Class com.android.repository.impl.generated.v2.ArchiveType                            : loaded 2 times (x 99B)
Class com.android.sdklib.repository.generated.sysimg.v2.package-info                  : loaded 2 times (x 72B)
Class com.google.protobuf.DescriptorProtos$FieldDescriptorProto$Label$1               : loaded 2 times (x 78B)
Class com.android.build.gradle.internal.api.ApplicationVariantImpl_Decorated          : loaded 2 times (x 310B)
Class com.android.build.gradle.internal.dependency.AarTransform                       : loaded 2 times (x 80B)
Class com.android.build.gradle.internal.VariantTaskManager$createReportTasks$signingReportComponents$1: loaded 2 times (x 82B)
Class com.android.build.gradle.internal.tasks.ExtractVersionControlInfoTask           : loaded 2 times (x 339B)
Class com.android.build.gradle.internal.tasks.OptimizeResourcesTask$CreateAction$handleProvider$1: loaded 2 times (x 133B)
Class com.android.build.gradle.internal.tasks.MergeNativeDebugMetadataTask$CreationAction: loaded 2 times (x 92B)
Class com.android.build.gradle.internal.tasks.ValidateSigningTask$CreationAction$handleProvider$1: loaded 2 times (x 133B)
Class [Lorg.jetbrains.kotlin.tooling.core.HasMutableExtras;                           : loaded 2 times (x 71B)
Class com.android.build.gradle.internal.tasks.ProcessJavaResTask$CreationAction       : loaded 2 times (x 92B)
Class com.android.build.gradle.tasks.CompatibleScreensManifest                        : loaded 2 times (x 340B)
Class com.android.build.gradle.internal.TaskManager$createAssembleTask$2              : loaded 2 times (x 77B)
Class com.android.build.api.component.impl.features.InstrumentationCreationConfigImpl : loaded 2 times (x 85B)
Class com.android.build.api.component.impl.HostTestImpl$manifestPlaceholdersCreationConfig$2: loaded 2 times (x 81B)
Class com.android.build.api.component.UnitTest                                        : loaded 2 times (x 72B)
Class com.android.build.api.variant.impl.DependenciesInfoBuilderImpl_Decorated        : loaded 2 times (x 139B)
Class com.android.build.gradle.internal.VariantManager$createVariant$mappingScopePolicy$2: loaded 2 times (x 80B)
Class com.android.build.api.attributes.ProductFlavorAttr                              : loaded 2 times (x 72B)
Class com.android.build.gradle.internal.core.MergedFlavor                             : loaded 2 times (x 204B)
Class com.android.builder.errors.IssueReporter$Severity                               : loaded 2 times (x 81B)
Class com.android.build.gradle.internal.dsl.CompileSdkDelegate$compileSdk$2$1         : loaded 2 times (x 81B)
Class com.android.build.gradle.internal.PropertiesValueSource$Params_Decorated        : loaded 2 times (x 132B)
Class dagger.hilt.android.plugin.HiltGradlePlugin$apply$3                             : loaded 2 times (x 77B)
Class com.android.build.gradle.internal.services.FakeDependencyJarBuildService$FakeDependencyJarCreator$Params$Inject_: loaded 2 times (x 110B)
Class com.android.build.gradle.internal.dsl.SdkComponentsImpl$sdkDirectory$1          : loaded 2 times (x 77B)
Class com.android.build.gradle.api.AndroidArtifactVariant                             : loaded 2 times (x 72B)
Class com.android.build.gradle.internal.dsl.TestFixturesImpl                          : loaded 2 times (x 83B)
Class com.android.build.api.dsl.Installation                                          : loaded 2 times (x 72B)
Class kotlinx.coroutines.flow.FlowKt__CollectKt$launchIn$1                            : loaded 2 times (x 97B)
Class org.jetbrains.kotlin.build.report.metrics.NATIVE_IN_EXECUTOR                    : loaded 2 times (x 74B)
Class org.jetbrains.kotlin.build.report.metrics.LOAD_CURRENT_CLASSPATH_SNAPSHOT       : loaded 2 times (x 74B)
Class org.jetbrains.kotlin.build.report.metrics.BuildMetricUtilKt                     : loaded 2 times (x 73B)
Class org.jetbrains.kotlin.gradle.plugin.internal.DefaultCompatibilityConventionRegistrar: loaded 2 times (x 76B)
Class org.jetbrains.kotlin.gradle.plugin.PropertiesProvider                           : loaded 2 times (x 75B)
Class org.jetbrains.kotlin.gradle.plugin.DefaultKotlinBasePlugin$addKotlinCompilerConfiguration$1: loaded 2 times (x 77B)
Class org.jetbrains.kotlin.gradle.plugin.mpp.KotlinAndroidTarget                      : loaded 2 times (x 158B)
Class com.android.build.gradle.internal.services.Aapt2DaemonBuildService$Parameters   : loaded 2 times (x 74B)
Class com.google.protobuf.SmallSortedMap$EmptySet$1                                   : loaded 2 times (x 83B)
Class com.android.builder.model.v2.models.Versions$Companion                          : loaded 2 times (x 73B)
Class com.android.build.gradle.internal.SdkComponentsBuildService$VersionedSdkLoader$buildToolsRevisionProvider$1: loaded 2 times (x 77B)
Class com.android.build.gradle.internal.dependency.JdkImageTransform$Parameters       : loaded 2 times (x 72B)
Class com.android.build.gradle.internal.ide.dependencies.LibraryUtils                 : loaded 2 times (x 73B)
Class com.android.build.gradle.internal.ide.dependencies.LibraryCacheImpl$WhenMappings: loaded 2 times (x 73B)
Class [Lorg.jetbrains.kotlin.compose.compiler.gradle.ComposeFeatureFlag;              : loaded 2 times (x 71B)
Class org.jetbrains.kotlin.gradle.internal.config.MavenComparableVersion$Item         : loaded 2 times (x 72B)
Class com.google.wireless.android.sdk.stats.LldbPerformanceStatsOrBuilder             : loaded 2 times (x 72B)
Class com.android.build.gradle.internal.plugins.AndroidPluginBaseServices$androidProblemReporterProviderService$2$1: loaded 2 times (x 81B)
Class com.android.build.gradle.BaseExtension                                          : loaded 2 times (x 197B)
Class com.android.build.gradle.internal.plugins.VersionCheckPlugin$Companion          : loaded 2 times (x 73B)
Class com.amazon.ion.impl.bin.utf8.Pool                                               : loaded 2 times (x 76B)
Class org.jetbrains.plugins.gradle.tooling.serialization.internal.IdeaProjectSerializationService$WriteContext$2: loaded 2 times (x 85B)
Class kotlin.text.StringsKt                                                           : loaded 2 times (x 73B)
Class com.google.wireless.android.sdk.stats.CommitMetricsEvent                        : loaded 2 times (x 200B)
Class com.google.wireless.android.sdk.stats.ProjectViewDefaultViewEventOrBuilder      : loaded 2 times (x 72B)
Class com.google.common.hash.HashCode                                                 : loaded 2 times (x 82B)
Class com.google.wireless.android.sdk.stats.ApkAnalyzerStatsOrBuilder                 : loaded 2 times (x 72B)
Class com.android.build.gradle.internal.AndroidJarInput                               : loaded 2 times (x 81B)
Class [Lorg.jetbrains.kotlin.gradle.dsl.jvm.JvmTargetValidationMode;                  : loaded 2 times (x 71B)
Class org.jetbrains.kotlin.gradle.tasks.DefaultKotlinJavaToolchain$javaVersion$1      : loaded 2 times (x 76B)
Class com.android.sdklib.repository.generated.sysimg.v2.SysImgDetailsType             : loaded 2 times (x 146B)
Class javax.xml.bind.annotation.XmlSeeAlso                                            : loaded 2 times (x 72B)
Class com.sun.xml.bind.v2.model.core.PropertyKind                                     : loaded 2 times (x 81B)
Class [Lcom.sun.xml.bind.v2.model.impl.ClassInfoImpl$PropertyGroup;                   : loaded 2 times (x 71B)
Class com.sun.xml.bind.v2.runtime.unmarshaller.Receiver                               : loaded 2 times (x 72B)
Class [Lcom.sun.xml.bind.v2.model.annotation.Quick;                                   : loaded 2 times (x 71B)
Class com.android.sdklib.repository.generated.sysimg.v1.ObjectFactory                 : loaded 2 times (x 77B)
Class com.android.sdklib.repository.generated.repository.v1.package-info              : loaded 2 times (x 72B)
Class com.android.sdklib.repository.meta.DetailsTypes$PlatformDetailsType             : loaded 2 times (x 72B)
Class com.android.build.gradle.internal.FileExistsValueSource$Inject_                 : loaded 2 times (x 111B)
Class org.jetbrains.kotlin.konan.target.TargetSupportException                        : loaded 2 times (x 84B)
Class com.google.protobuf.DescriptorProtos$FieldOptions$1                             : loaded 2 times (x 78B)
Class com.android.build.gradle.internal.DependencyConfigurator$registerTransform$1    : loaded 2 times (x 77B)
Class com.android.build.gradle.internal.VariantTaskManager$createReportTasks$signingReportComponents$2: loaded 2 times (x 80B)
Class com.android.build.gradle.internal.variant.BuildAuthorSpecifiedDefaultsFlavorComparator: loaded 2 times (x 92B)
Class com.android.build.gradle.internal.testing.TestData                              : loaded 2 times (x 72B)
Class com.android.build.gradle.internal.scope.InternalArtifactType$OPTIMIZED_PROCESSED_RES: loaded 2 times (x 76B)
Class com.android.build.gradle.internal.tasks.AnchorTaskNames                         : loaded 2 times (x 73B)
Class com.android.build.gradle.internal.tasks.BundleToStandaloneApkTask$CreationAction: loaded 2 times (x 92B)
Class com.android.build.gradle.tasks.PackageAndroidArtifact$Companion$THROW_ON_ERROR_ISSUE_REPORTER$1: loaded 2 times (x 75B)
Class com.android.build.gradle.internal.tasks.StripDebugSymbolsTask$CreationAction$handleProvider$1: loaded 2 times (x 133B)
Class com.android.build.gradle.internal.scope.InternalMultipleArtifactType$DEX        : loaded 2 times (x 76B)
Class org.jetbrains.kotlin.gradle.plugin.mpp.compilationImpl.factory.KotlinCompilationImplFactory$KotlinCompilationOutputFactory: loaded 2 times (x 72B)
Class org.jetbrains.kotlin.gradle.plugin.mpp.compilationImpl.DefaultKotlinCompilationFriendPathsResolver$AdditionalAndroidFriendArtifactResolver: loaded 2 times (x 76B)
Class org.jetbrains.kotlin.gradle.internal.IsInIdeaEnvironmentValueSource             : loaded 2 times (x 82B)
Class com.android.build.gradle.internal.tasks.MergeNativeLibsTask                     : loaded 2 times (x 350B)
Class com.android.build.gradle.internal.res.LinkAndroidResForBundleTask$CreationAction: loaded 2 times (x 95B)
Class com.android.build.gradle.internal.tasks.CheckAarMetadataTask                    : loaded 2 times (x 347B)
Class com.android.build.gradle.internal.TaskManager$MergeType                         : loaded 2 times (x 82B)
Class com.android.build.api.artifact.Artifact$ContainsMany                            : loaded 2 times (x 72B)
Class com.android.build.gradle.internal.tasks.ExtractProfilerNativeDependenciesTask$CreationAction: loaded 2 times (x 92B)
Class dagger.hilt.android.plugin.transform.AndroidEntryPointClassVisitor$Factory      : loaded 2 times (x 83B)
Class com.android.build.api.component.impl.ComponentImpl$compileClasspath$2           : loaded 2 times (x 81B)
Class com.android.build.api.variant.AndroidTest                                       : loaded 2 times (x 72B)
Class com.android.build.gradle.internal.scope.TaskContainer                           : loaded 2 times (x 72B)
Class [Lcom.android.build.gradle.internal.core.dsl.ComponentDslInfo$DslDefinedHostTest;: loaded 2 times (x 71B)
Class com.google.common.base.CaseFormat$StringConverter                               : loaded 2 times (x 92B)
Class org.gradle.internal.operations.MultipleBuildOperationFailures                   : loaded 2 times (x 97B)
Class com.android.build.gradle.internal.dsl.AbstractPublishing                        : loaded 2 times (x 75B)
Class org.jetbrains.kotlin.gradle.plugin.mpp.KotlinAndroidTargetKt                    : loaded 2 times (x 73B)
Class org.jetbrains.kotlin.gradle.plugin.ProjectLocalConfigurations$setupAttributesMatchingStrategy$1$1: loaded 2 times (x 76B)
Class org.jetbrains.kotlin.gradle.targets.native.toolchain.KotlinNativeBundleBuildService$Companion$registerIfAbsent$2$1$1: loaded 2 times (x 77B)
Class org.jetbrains.kotlin.build.report.metrics.CALCULATE_OUTPUT_SIZE                 : loaded 2 times (x 74B)
Class org.jetbrains.kotlin.gradle.plugin.diagnostics.ProblemsReporter$Factory         : loaded 2 times (x 72B)
Class org.jetbrains.kotlin.gradle.plugin.KotlinCompilationToRunnableFiles             : loaded 2 times (x 72B)
Class com.google.protobuf.SmallSortedMap$EmptySet$2                                   : loaded 2 times (x 81B)
Class com.android.build.gradle.internal.profile.AnalyticsServiceApi                   : loaded 2 times (x 72B)
Class org.gradle.tooling.internal.adapter.MethodInvocation                            : loaded 2 times (x 87B)
Class com.google.wireless.android.sdk.stats.GradleBuildProfileOrBuilder               : loaded 2 times (x 72B)
Class kotlin.sequences.TransformingSequence                                           : loaded 2 times (x 77B)
Class io.opentelemetry.api.internal.OtelEncodingUtils                                 : loaded 2 times (x 73B)
Class com.intellij.util.ThrowableConsumer                                             : loaded 2 times (x 72B)
Class com.android.build.api.variant.HasAndroidTest                                    : loaded 2 times (x 72B)
Class org.gradle.accessors.dm.LibrariesForLibsInPluginsBlock$AndroidxComposeLibraryAccessors: loaded 2 times (x 81B)
Class com.amazon.ion.impl._Private_IonSymbol                                          : loaded 2 times (x 72B)
Class com.amazon.ion.impl.lite.IonValueLite                                           : loaded 2 times (x 150B)
Class com.amazon.ion.IonContainer                                                     : loaded 2 times (x 72B)
Class com.amazon.ion.impl.bin.PooledBlockAllocatorProvider                            : loaded 2 times (x 75B)
Class [Lio.opentelemetry.context.Scope;                                               : loaded 2 times (x 71B)
Class org.jetbrains.plugins.gradle.tooling.serialization.AnnotationProcessingModelSerializationService$ReadContext: loaded 2 times (x 74B)
Class org.jetbrains.plugins.gradle.tooling.serialization.internal.IdeaProjectSerializationService$WriteContext$3: loaded 2 times (x 85B)
Class gnu.trove.TObjectHash$NULL                                                      : loaded 2 times (x 73B)
Class org.gradle.util.internal.DefaultGradleVersion$Stage                             : loaded 2 times (x 77B)
Class kotlin.coroutines.jvm.internal.RestrictedContinuationImpl                       : loaded 2 times (x 89B)
Class org.gradle.tooling.model.GradleProject                                          : loaded 2 times (x 72B)
Class com.google.wireless.android.sdk.stats.GradleDaemonJvmCriteriaErrorEvent         : loaded 2 times (x 197B)
Class com.google.wireless.android.sdk.stats.DeviceManagerEvent                        : loaded 2 times (x 199B)
Class com.google.wireless.android.sdk.stats.SoongRunEvent                             : loaded 2 times (x 205B)
Class com.google.wireless.android.sdk.stats.StudioDeprecationNotificationEventOrBuilder: loaded 2 times (x 72B)
Class org.gradle.accessors.dm.LibrariesForLibs$KotlinxLibraryAccessors                : loaded 2 times (x 79B)
Class com.android.build.gradle.internal.ide.dependencies.LibraryCacheImpl$getAttributeMap$1: loaded 2 times (x 81B)
Class com.android.build.gradle.internal.res.LinkApplicationAndroidResourcesTask_Decorated: loaded 2 times (x 474B)
Class org.jetbrains.kotlin.gradle.plugin.mpp.KotlinCompilationsKt$sam$java_util_concurrent_Callable$0: loaded 2 times (x 77B)
Class org.jetbrains.kotlin.gradle.tasks.KotlinCompilerPluginData                      : loaded 2 times (x 74B)
Class com.android.build.gradle.internal.tasks.factory.GlobalTaskCreationConfigImpl$platformAttrs$2$1: loaded 2 times (x 77B)
Class com.android.build.api.component.impl.ComponentUtils                             : loaded 2 times (x 73B)
Class com.android.build.gradle.internal.dependency.JdkImageTransformKt$getJdkImageFromTransform$1: loaded 2 times (x 77B)
Class com.sun.xml.bind.v2.runtime.unmarshaller.SAXConnector$TagNameImpl               : loaded 2 times (x 77B)
Class javax.xml.bind.annotation.XmlAccessorOrder                                      : loaded 2 times (x 72B)
Class javax.xml.bind.JAXBElement                                                      : loaded 2 times (x 83B)
Class com.android.repository.api.Downloader                                           : loaded 2 times (x 72B)
Class jdk.internal.jimage.decompressor.StringSharingDecompressorFactory               : loaded 2 times (x 76B)
Class com.android.build.gradle.internal.tasks.factory.TaskManagerConfig               : loaded 2 times (x 72B)
Class com.android.build.gradle.options.Option                                         : loaded 2 times (x 72B)
Class com.google.protobuf.DescriptorProtos$EnumOptions$Builder                        : loaded 2 times (x 360B)
Class com.google.protobuf.DescriptorProtos$FieldOptions$2                             : loaded 2 times (x 153B)
Class com.android.build.gradle.internal.dependency.ExtractProGuardRulesTransform$Parameters: loaded 2 times (x 72B)
Class com.android.build.gradle.internal.scope.InternalArtifactType$UNIT_TEST_CODE_COVERAGE: loaded 2 times (x 76B)
Class com.android.build.gradle.internal.tasks.PerModuleReportDependenciesTask         : loaded 2 times (x 340B)
Class com.android.build.gradle.internal.scope.InternalArtifactType$DEX_ARCHIVE_INPUT_JAR_HASHES: loaded 2 times (x 76B)
Class com.android.build.gradle.internal.tasks.R8VersionCheckKt                        : loaded 2 times (x 73B)
Class org.jetbrains.kotlin.tooling.core.ExtrasPropertyKt                              : loaded 2 times (x 73B)
Class org.jetbrains.kotlin.gradle.plugin.mpp.compilationImpl.KotlinCompilationSourceSetInclusion$include$1: loaded 2 times (x 81B)
Class org.jetbrains.kotlin.gradle.plugin.sources.DefaultKotlinSourceSetFactory$setUpSourceSetDefaults$1: loaded 2 times (x 81B)
Class org.jetbrains.kotlin.gradle.dsl.KotlinProjectExtensionKt                        : loaded 2 times (x 73B)
Class org.jetbrains.kotlin.gradle.plugin.mpp.compilationImpl.factory.KotlinCompilationImplFactory$KotlinCompilationDependencyConfigurationsFactory: loaded 2 times (x 72B)
Class org.jetbrains.kotlin.gradle.tasks.BaseKotlinCompile                             : loaded 2 times (x 72B)
Class org.jetbrains.kotlin.gradle.plugin.internal.UsesBuildIdProviderService          : loaded 2 times (x 72B)
Class org.jetbrains.kotlin.compilerRunner.CompilerSystemPropertiesService$Companion$registerIfAbsent$2$1$1: loaded 2 times (x 77B)
Class com.android.build.gradle.internal.feature.BundleAllClasses                      : loaded 2 times (x 338B)
Class com.android.build.api.variant.impl.FileEntry                                    : loaded 2 times (x 72B)
Class com.android.build.api.variant.impl.JniLibsPackagingImpl                         : loaded 2 times (x 82B)
Class com.android.build.gradle.internal.tasks.MergeNativeLibsTask$CreationAction$handleProvider$1: loaded 2 times (x 133B)
Class com.android.build.gradle.tasks.CompileNavigationXmlTask$CreationAction$handleProvider$1: loaded 2 times (x 133B)
Class com.android.build.gradle.tasks.ProcessMultiApkApplicationManifest$CreationAction$handleProvider$1: loaded 2 times (x 133B)
Class com.android.build.api.variant.impl.ApplicationVariantBuilderImpl                : loaded 2 times (x 209B)
Class com.android.build.gradle.internal.core.dsl.impl.ConsumableComponentDslInfoImpl$optimizationDslInfo$2: loaded 2 times (x 81B)
Class com.android.build.gradle.internal.publishing.VariantPublishingInfo              : loaded 2 times (x 74B)
Class com.android.build.gradle.internal.SdkLocator$SdkLocationSource$LOCAL_ANDROID_DIR: loaded 2 times (x 82B)
Class dagger.hilt.android.plugin.transform.AggregatedPackagesTransform                : loaded 2 times (x 80B)
Class com.android.build.gradle.internal.dsl.BundleOptionsDeviceGroup$AgpDecorated_Decorated: loaded 2 times (x 132B)
Class com.android.build.gradle.internal.dsl.TestOptions$UnitTestOptions_Decorated     : loaded 2 times (x 132B)
Class com.android.build.gradle.internal.api.artifact.SourceArtifactType$KOTLIN_SOURCES: loaded 2 times (x 76B)
Class com.android.build.api.dsl.LibraryPublishing                                     : loaded 2 times (x 72B)
Class com.android.build.api.dsl.ApplicationBuildType                                  : loaded 2 times (x 72B)
Class org.jetbrains.kotlin.gradle.tasks.abi.KotlinLegacyAbiCheckTask                  : loaded 2 times (x 72B)
Class org.jetbrains.kotlin.gradle.internal.ClassLoadersCachingBuildService$Companion$registerIfAbsent$1: loaded 2 times (x 77B)
Class org.jetbrains.kotlin.build.report.metrics.JpsBuildPerformanceMetric             : loaded 2 times (x 74B)
Class org.jetbrains.kotlin.gradle.plugin.UsesKotlinGradleBuildServices                : loaded 2 times (x 72B)
Class org.jetbrains.kotlin.gradle.plugin.KotlinGradleBuildServices$Parameters_Decorated: loaded 2 times (x 132B)
Class org.jetbrains.kotlin.gradle.plugin.DefaultKotlinBasePlugin$addKotlinCompilerConfiguration$3: loaded 2 times (x 81B)
Class org.jetbrains.kotlin.gradle.internal.IdeaKt                                     : loaded 2 times (x 73B)
Class org.jetbrains.kotlin.gradle.plugin.internal.DefaultBuildIdentifierAccessor$Factory: loaded 2 times (x 78B)
Class com.android.build.gradle.internal.SdkComponentsBuildService$Parameters_Decorated: loaded 2 times (x 153B)
Class [Lcom.google.protobuf.Internal$EnumLiteMap;                                     : loaded 2 times (x 71B)
Class com.google.protobuf.DescriptorProtos$FeatureSetOrBuilder                        : loaded 2 times (x 72B)
Class com.google.protobuf.SingleFieldBuilderV3                                        : loaded 2 times (x 86B)
Class com.google.protobuf.IterableByteBufferInputStream                               : loaded 2 times (x 94B)
Class com.android.build.gradle.options.SyncOptions                                    : loaded 2 times (x 73B)
Class com.android.utils.ILogger                                                       : loaded 2 times (x 72B)
Class com.google.common.collect.Maps$EntryTransformer                                 : loaded 2 times (x 72B)
Class com.android.build.gradle.internal.component.TaskCreationConfig                  : loaded 2 times (x 72B)
Class com.android.build.gradle.internal.services.DslServicesImpl                      : loaded 2 times (x 101B)
Class jdk.internal.jimage.decompressor.Decompressor                                   : loaded 2 times (x 74B)
Class jdk.internal.jimage.ImageReader$Resource                                        : loaded 2 times (x 86B)
Class org.gradle.accessors.dm.LibrariesForLibs$AndroidxCoreLibraryAccessors           : loaded 2 times (x 79B)
Class org.jetbrains.kotlin.idea.gradleTooling.AndroidAwareGradleModelProvider         : loaded 2 times (x 81B)
Class com.intellij.gradle.toolingExtension.impl.telemetry.GradleOpenTelemetry         : loaded 2 times (x 74B)
Class org.jetbrains.plugins.gradle.tooling.serialization.internal.IdeaProjectSerializationService$WriteContext$4: loaded 2 times (x 85B)
Class com.intellij.gradle.toolingExtension.impl.model.sourceSetDependencyModel.GradleSourceSetDependencySerialisationService$Companion: loaded 2 times (x 73B)
Class [Lkotlin.Pair;                                                                  : loaded 2 times (x 71B)
Class kotlin.text.StringsKt__StringNumberConversionsKt                                : loaded 2 times (x 73B)
Class kotlin.io.FilesKt__FileReadWriteKt                                              : loaded 2 times (x 73B)
Class com.google.common.collect.UsingToStringOrdering                                 : loaded 2 times (x 116B)
Class kotlin.text.MatchNamedGroupCollection                                           : loaded 2 times (x 72B)
Class kotlin.jvm.internal.markers.KMutableList                                        : loaded 2 times (x 72B)
Class org.gradle.internal.time.MonotonicClock                                         : loaded 2 times (x 79B)
Class org.gradle.internal.service.ServiceLookupException                              : loaded 2 times (x 84B)
Class com.google.wireless.android.sdk.stats.DeviceMirroringAbnormalAgentTermination   : loaded 2 times (x 199B)
Class com.google.wireless.android.sdk.stats.DeclarativeWatchFaceEvent                 : loaded 2 times (x 200B)
Class com.google.wireless.android.sdk.stats.LintTooltipLinkEventOrBuilder             : loaded 2 times (x 72B)
Class com.google.wireless.android.sdk.stats.InteractivePreviewEventOrBuilder          : loaded 2 times (x 72B)
Class com.google.wireless.android.sdk.stats.WindowsDefenderStatusOrBuilder            : loaded 2 times (x 72B)
Class com.android.builder.profile.AnalyticsProfileWriter$writeAndFinish$1             : loaded 2 times (x 77B)
Class com.google.common.hash.AbstractByteHasher                                       : loaded 2 times (x 149B)
Class org.jetbrains.kotlin.gradle.plugin.ide.IdeCompilerArgumentsResolver$Companion   : loaded 2 times (x 73B)
Class com.android.build.gradle.internal.ide.dependencies.LibraryCacheImpl$getAttributeMap$2: loaded 2 times (x 81B)
Class com.android.build.gradle.internal.ide.dependencies.LibraryCacheImpl$getLibraryInfo$1: loaded 2 times (x 81B)
Class com.google.protobuf.GeneratedMessageV3$Builder$BuilderParentImpl                : loaded 2 times (x 80B)
Class org.jetbrains.kotlin.gradle.tasks.GradleCompileTaskProvider_Decorated           : loaded 2 times (x 119B)
Class com.android.utils.NullLogger                                                    : loaded 2 times (x 87B)
Class com.sun.xml.bind.v2.runtime.reflect.PrimitiveArrayListerCharacter               : loaded 2 times (x 78B)
Class com.sun.xml.bind.v2.runtime.reflect.Lister$IDREFS                               : loaded 2 times (x 79B)
Class com.sun.xml.bind.v2.model.impl.FieldPropertySeed                                : loaded 2 times (x 92B)
Class com.sun.xml.bind.v2.model.core.TypeRef                                          : loaded 2 times (x 72B)
Class com.sun.xml.bind.v2.model.annotation.Quick                                      : loaded 2 times (x 90B)
Class com.sun.xml.bind.v2.runtime.ArrayBeanInfoImpl                                   : loaded 2 times (x 91B)
Class com.android.repository.impl.generated.v1.LicenseRefType                         : loaded 2 times (x 79B)
Class org.jetbrains.kotlin.konan.target.HostManager                                   : loaded 2 times (x 74B)
Class org.jetbrains.kotlin.gradle.dsl.KotlinProjectExtension                          : loaded 2 times (x 130B)
Class org.jetbrains.kotlin.gradle.plugin.internal.DefaultCopySpecAccessor$Factory     : loaded 2 times (x 78B)
Class org.jetbrains.kotlin.gradle.internal.properties.PropertiesBuildService$BooleanGradleProperty: loaded 2 times (x 78B)
Class com.android.build.gradle.internal.profile.WorkerProfilingRecord                 : loaded 2 times (x 74B)
Class [Lcom.google.protobuf.GeneratedMessageV3$FieldAccessorTable$FieldAccessor;      : loaded 2 times (x 71B)
Class com.google.protobuf.DescriptorProtos$FieldDescriptorProto$Label                 : loaded 2 times (x 89B)
Class com.android.build.gradle.internal.scope.BuildArtifactType$JAVAC_CLASSES         : loaded 2 times (x 76B)
Class com.android.build.gradle.internal.scope.InternalArtifactType$LINT_MODEL_METADATA: loaded 2 times (x 76B)
Class com.android.build.gradle.internal.scope.InternalArtifactType$LIBRARY_JNI        : loaded 2 times (x 76B)
Class com.android.build.gradle.internal.DependencyConfigurator$configureVariantTransforms$3$2$1: loaded 2 times (x 77B)
Class com.android.build.gradle.internal.SdkComponentsBuildService$sdkSourceSet$2      : loaded 2 times (x 81B)
Class com.android.build.gradle.internal.test.AbstractTestDataImpl$flavorName$1        : loaded 2 times (x 81B)
Class com.android.build.gradle.internal.scope.InternalArtifactType$VALIDATE_SIGNING_CONFIG: loaded 2 times (x 76B)
Class org.jetbrains.kotlin.gradle.plugin.hierarchy.KotlinSourceSetTreeClassifierKt$sourceSetTreeClassifier$2: loaded 2 times (x 80B)
Class org.jetbrains.kotlin.gradle.internal.IsInIdeaEnvironmentValueSource$Inject_     : loaded 2 times (x 102B)
Class com.android.build.gradle.internal.tasks.MergeNativeLibsTask$CreationAction$handleProvider$2: loaded 2 times (x 133B)
Class com.android.build.api.artifact.impl.OperationRequestsImplKt$toCreate$1          : loaded 2 times (x 77B)
Class com.android.build.gradle.internal.scope.InternalArtifactType$MERGED_RES_INCREMENTAL_FOLDER: loaded 2 times (x 76B)
Class com.android.build.gradle.internal.tasks.ApplicationIdWriterTask$CreationAction$handleProvider$1: loaded 2 times (x 133B)
Class com.android.build.api.component.analytics.AnalyticsEnabledUnitTest_Decorated    : loaded 2 times (x 176B)
Class com.android.build.gradle.internal.services.BuiltInKotlinSupportMode$Supported   : loaded 2 times (x 73B)
Class com.android.build.api.variant.impl.VariantImpl$nativeBuildCreationConfig$2      : loaded 2 times (x 81B)
Class org.jetbrains.kotlin.gradle.plugin.VariantImplementationFactories$Companion$getProvider$1: loaded 2 times (x 77B)
Class com.android.build.api.AndroidPluginVersion$Companion                            : loaded 2 times (x 73B)
Class com.android.build.gradle.internal.dsl.DexOptions_Decorated                      : loaded 2 times (x 157B)
Class com.android.build.api.dsl.BuildFeatures                                         : loaded 2 times (x 72B)
Class com.android.build.api.dsl.LintOptions                                           : loaded 2 times (x 72B)
Class com.android.build.gradle.api.BaseVariantOutput                                  : loaded 2 times (x 72B)
Class com.android.build.api.dsl.AndroidSourceDirectorySet                             : loaded 2 times (x 72B)
Class [Lcom.android.resources.ResourceEnum;                                           : loaded 2 times (x 71B)
Class com.android.builder.model.ApiVersion                                            : loaded 2 times (x 72B)
Class org.jetbrains.kotlin.gradle.plugin.mpp.KotlinUsageContext$MavenScope            : loaded 2 times (x 81B)
Class org.jetbrains.kotlin.build.report.metrics.JAR_CLASSPATH_ENTRY_SIZE              : loaded 2 times (x 74B)
Class org.jetbrains.kotlin.gradle.plugin.DefaultKotlinBasePlugin$addKotlinCompilerConfiguration$4: loaded 2 times (x 77B)
Class com.android.build.gradle.internal.plugins.BasePlugin$dslServices$2$1            : loaded 2 times (x 81B)
Class com.google.protobuf.NioByteString                                               : loaded 2 times (x 106B)
Class com.google.protobuf.DescriptorProtos$DescriptorProtoOrBuilder                   : loaded 2 times (x 72B)
Class org.jetbrains.kotlin.build.report.metrics.NON_INCREMENTAL_REMOVE_DUPLICATE_CLASSES: loaded 2 times (x 74B)
Class com.google.protobuf.FieldSet$FieldDescriptorLite                                : loaded 2 times (x 72B)
Class com.google.protobuf.ExtensionLite                                               : loaded 2 times (x 79B)
Class org.jetbrains.kotlin.gradle.plugin.KotlinTargetComponent                        : loaded 2 times (x 72B)
Class com.android.build.gradle.internal.dsl.InternalBuildType                         : loaded 2 times (x 72B)
Class com.android.build.gradle.internal.dsl.SigningConfig                             : loaded 2 times (x 149B)
Class com.android.build.api.variant.HasTestSuites                                     : loaded 2 times (x 72B)
Class com.android.build.api.variant.HasTestFixturesBuilder                            : loaded 2 times (x 72B)
Class com.android.build.gradle.internal.core.SettingsOptions                          : loaded 2 times (x 74B)
Class org.jetbrains.kotlin.compose.compiler.gradle.ComposeCompilerGradleSubplugin$Companion: loaded 2 times (x 73B)
Class jdk.internal.jrtfs.JrtFileAttributes                                            : loaded 2 times (x 85B)
Class org.gradle.accessors.dm.LibrariesForLibs$HiltLibraryAccessors                   : loaded 2 times (x 79B)
Class com.amazon.ion.BufferConfiguration$Builder                                      : loaded 2 times (x 80B)
Class com.intellij.gradle.toolingExtension.util.GradleVersionSpecificsUtil            : loaded 2 times (x 73B)
Class io.opentelemetry.context.ContextStorage                                         : loaded 2 times (x 72B)
Class org.jetbrains.plugins.gradle.tooling.serialization.internal.IdeaProjectSerializationService$WriteContext$5: loaded 2 times (x 85B)
Class com.intellij.gradle.toolingExtension.impl.model.sourceSetDependencyModel.GradleSourceSetDependencySerialisationService$SourceSetDependencyModelWriteContext: loaded 2 times (x 74B)
Class kotlin.sequences.SequencesKt___SequencesKt$sortedWith$1                         : loaded 2 times (x 77B)
Class com.google.common.collect.ImmutableSortedSet                                    : loaded 2 times (x 302B)
Class org.gradle.internal.classloader.ClassLoaderFactory                              : loaded 2 times (x 72B)
Class [Lcom.google.wireless.android.sdk.stats.AndroidStudioEvent$EventCategory;       : loaded 2 times (x 71B)
Class com.google.wireless.android.sdk.stats.CreateDiagnosticReportAction              : loaded 2 times (x 197B)
Class com.google.wireless.android.sdk.stats.ComposeMultiPreviewEvent                  : loaded 2 times (x 202B)
Class com.google.wireless.android.sdk.stats.IntelliJNewUISwitch                       : loaded 2 times (x 199B)
Class com.google.wireless.android.sdk.stats.SmlCompletionRequestErrorEventOrBuilder   : loaded 2 times (x 72B)
Class com.google.wireless.android.sdk.stats.StudioProjectChangeOrBuilder              : loaded 2 times (x 72B)
Class org.jetbrains.kotlin.cli.common.arguments.ArgumentParseErrors                   : loaded 2 times (x 74B)
Class com.android.ide.common.signing.KeytoolException                                 : loaded 2 times (x 86B)
Class com.android.build.gradle.internal.ide.dependencies.LibraryCacheImpl$getAttributeMap$3: loaded 2 times (x 80B)
Class com.android.build.gradle.internal.ide.dependencies.Graph                        : loaded 2 times (x 73B)
Class org.jetbrains.kotlin.gradle.tasks.DefaultKotlinJavaToolchain$currentJvmJdkToolsJar$1: loaded 2 times (x 76B)
Class com.sun.xml.bind.v2.runtime.reflect.PrimitiveArrayListerByte                    : loaded 2 times (x 78B)
Class com.sun.xml.bind.v2.runtime.property.SingleReferenceNodeProperty$1              : loaded 2 times (x 87B)
Class com.sun.xml.bind.v2.runtime.unmarshaller.XsiNilLoader                           : loaded 2 times (x 82B)
Class com.android.sdklib.repository.generated.addon.v4.MavenType                      : loaded 2 times (x 82B)
Class javax.xml.bind.MarshalException                                                 : loaded 2 times (x 87B)
Class com.android.repository.impl.generated.v2.RemotePackage                          : loaded 2 times (x 159B)
Class com.android.repository.api.RepoManager                                          : loaded 2 times (x 93B)
Class javax.xml.bind.annotation.XmlNsForm                                             : loaded 2 times (x 81B)
Class com.android.build.gradle.internal.SdkComponentsBuildService$VersionedSdkLoader$apiVersionsFile$1: loaded 2 times (x 77B)
Class com.android.build.api.dsl.TestDefaultConfig                                     : loaded 2 times (x 72B)
Class kotlinx.coroutines.internal.Concurrent_commonKt                                 : loaded 2 times (x 73B)
Class com.android.build.gradle.internal.utils.D8BackportedMethodsGenerator$Parameters_Decorated: loaded 2 times (x 146B)
Class com.android.build.gradle.internal.TaskManager$createDependencyStreams$1         : loaded 2 times (x 81B)
Class com.android.build.gradle.internal.tasks.BundleReportDependenciesTask$CreationAction: loaded 2 times (x 92B)
Class com.android.build.gradle.internal.tasks.BundleToApkTask$CreationAction          : loaded 2 times (x 92B)
Class com.android.build.gradle.internal.tasks.PerModuleBundleTask$CreationAction      : loaded 2 times (x 92B)
Class com.android.build.gradle.internal.tasks.AppMetadataTask                         : loaded 2 times (x 339B)
Class org.jetbrains.kotlin.gradle.plugin.sources.AbstractKotlinSourceSet              : loaded 2 times (x 141B)
Class com.android.build.api.component.impl.DefaultSourcesProviderImpl$defaultResSources$1: loaded 2 times (x 80B)
Class com.android.build.api.variant.SourceDirectories$Layered                         : loaded 2 times (x 72B)
Class com.android.build.gradle.internal.tasks.MergeNativeLibsTask$CreationAction$handleProvider$3: loaded 2 times (x 133B)
Class com.android.build.api.artifact.impl.OperationRequestsImplKt$toCreate$2          : loaded 2 times (x 77B)
Class com.android.build.gradle.internal.scope.InternalArtifactType$BASE_MODULE_METADATA: loaded 2 times (x 76B)
Class com.android.build.gradle.internal.dependency.VariantDependencies$computeArtifactCollection$attributesAction$1$1: loaded 2 times (x 81B)
Class [Lcom.google.wireless.android.sdk.stats.TestRun$TestExecution;                  : loaded 2 times (x 71B)
Class com.google.wireless.android.sdk.stats.AsmFramesComputationModeUpdate$Builder    : loaded 2 times (x 297B)
Class com.android.build.api.component.analytics.AnalyticsEnabledApplicationVariant$userVisibleAndroidTest$2: loaded 2 times (x 81B)
Class com.android.build.api.component.impl.HostTestImpl                               : loaded 2 times (x 440B)
Class com.android.build.api.variant.impl.SourcesImpl                                  : loaded 2 times (x 169B)
Class com.android.build.api.variant.impl.AndroidResourcesImpl                         : loaded 2 times (x 86B)
Class com.android.build.gradle.internal.dsl.decorator.SupportedPropertyType$Var$NullableInt: loaded 2 times (x 76B)
Class com.android.build.gradle.internal.PropertiesValueSource$Params                  : loaded 2 times (x 72B)
Class com.android.build.gradle.internal.tasks.factory.GlobalTaskCreationConfigImpl$buildToolsRevision$2: loaded 2 times (x 81B)
Class com.android.build.gradle.internal.dsl.LintImpl$severities$2                     : loaded 2 times (x 81B)
Class com.android.build.gradle.internal.api.artifact.SourceArtifactType$AIDL          : loaded 2 times (x 76B)
Class com.android.build.gradle.internal.api.DefaultAndroidSourceFile                  : loaded 2 times (x 90B)
Class com.android.build.api.dsl.CmakeFlags                                            : loaded 2 times (x 72B)
Class com.android.build.gradle.internal.dsl.KeepRulesImpl                             : loaded 2 times (x 94B)
Class com.android.build.gradle.internal.dsl.BaselineProfileImpl$AgpDecorated_Decorated: loaded 2 times (x 130B)
Class org.jetbrains.kotlin.gradle.internal.diagnostics.AgpCompatibilityCheck          : loaded 2 times (x 73B)
Class com.google.protobuf.UnsafeUtil                                                  : loaded 2 times (x 73B)
Class com.google.protobuf.DescriptorProtos$FileDescriptorProto$1                      : loaded 2 times (x 153B)
Class com.google.wireless.android.sdk.stats.GradleBuildProject$CompileOptions         : loaded 2 times (x 201B)
Class com.google.wireless.android.sdk.stats.GradleProjectOptionsSettingsOrBuilder     : loaded 2 times (x 72B)
Class com.android.build.gradle.internal.core.dsl.features.DeviceTestOptionsDslInfo    : loaded 2 times (x 72B)
Class com.android.build.gradle.internal.errors.SyncIssueReporterImpl$GlobalSyncIssueService$RegistrationAction: loaded 2 times (x 76B)
Class com.android.build.api.AndroidPluginVersion$PreviewType                          : loaded 2 times (x 81B)
Class com.android.build.gradle.internal.manifest.LazyManifestParser$manifestData$2    : loaded 2 times (x 77B)
Class com.android.build.gradle.internal.utils.AnalyticsSettingsUtils                  : loaded 2 times (x 73B)
Class com.android.build.api.variant.HostTestBuilder                                   : loaded 2 times (x 72B)
Class com.android.build.gradle.internal.variant.VariantPathHelper$coverageReportDir$2 : loaded 2 times (x 81B)
Class com.android.build.gradle.internal.component.features.OptimizationCreationConfig : loaded 2 times (x 72B)
Class com.android.ide.common.blame.Message$Kind                                       : loaded 2 times (x 81B)
Class com.android.build.gradle.internal.plugins.KotlinMultiplatformAndroidPlugin      : loaded 2 times (x 83B)
Class com.android.build.gradle.internal.plugins.BasePlugin$lintDslLifecycleRegistrar$2: loaded 2 times (x 81B)
Class com.android.build.api.variant.HasHostTestsBuilder                               : loaded 2 times (x 72B)
Class com.android.build.api.variant.ComponentBuilder                                  : loaded 2 times (x 72B)
Class com.android.build.api.dsl.SettingsExtension                                     : loaded 2 times (x 72B)
Class com.android.build.api.dsl.CommonExtension                                       : loaded 2 times (x 72B)
Class com.amazon.ion.impl.bin.IntList                                                 : loaded 2 times (x 79B)
Class com.amazon.ion.impl.lite._Private_LiteDomTrampoline                             : loaded 2 times (x 73B)
Class com.amazon.ion.IonType                                                          : loaded 2 times (x 81B)
Class org.jetbrains.plugins.gradle.tooling.serialization.internal.IdeaProjectSerializationService$WriteContext$6: loaded 2 times (x 85B)
Class org.jetbrains.plugins.gradle.tooling.util.IntObjectMap                          : loaded 2 times (x 75B)
Class org.gradle.internal.service.CachingServiceLocator                               : loaded 2 times (x 84B)
Class com.google.wireless.android.sdk.stats.ProjectViewDefaultViewEvent               : loaded 2 times (x 197B)
Class com.google.wireless.android.sdk.stats.ManifestMergerStats                       : loaded 2 times (x 204B)
Class com.google.wireless.android.sdk.stats.StartupPerformanceCodeLoadedAndVisibleInEditor: loaded 2 times (x 208B)
Class com.google.wireless.android.sdk.stats.ConnectionAssistantEvent                  : loaded 2 times (x 201B)
Class com.google.wireless.android.sdk.stats.BackupAndSyncEventOrBuilder               : loaded 2 times (x 72B)
Class com.google.wireless.android.sdk.stats.GradleJdkConfigurationEventOrBuilder      : loaded 2 times (x 72B)
Class com.google.wireless.android.sdk.stats.ComposeSampleEventOrBuilder               : loaded 2 times (x 72B)
Class com.google.devtools.ksp.gradle.KspAATask$Companion$registerKspAATask$kspTaskProvider$1$2$mapArgProviders$1: loaded 2 times (x 76B)
Class com.google.devtools.ksp.gradle.KspAATask$Companion$registerKspAATask$kspTaskProvider$1$2$5: loaded 2 times (x 77B)
Class com.google.wireless.android.sdk.stats.AsmClassesTransformRegistration$Scope     : loaded 2 times (x 89B)
Class com.google.common.collect.Streams                                               : loaded 2 times (x 73B)
Class org.jetbrains.kotlin.gradle.plugin.PropertiesProvider$booleanPropertyWithValueReporting$1: loaded 2 times (x 80B)
Class org.jetbrains.kotlin.gradle.dsl.jvm.JvmTargetValidationMode                     : loaded 2 times (x 81B)
Class com.android.build.gradle.internal.ide.v2.ModelBuilder$DimensionInformation$Companion: loaded 2 times (x 73B)
Class com.android.build.gradle.tasks.MergeResources$Flag                              : loaded 2 times (x 81B)
Class com.android.repository.impl.generated.generic.v1.GenericDetailsType             : loaded 2 times (x 78B)
Class com.sun.xml.bind.v2.model.impl.ClassInfoImpl$PropertySorter                     : loaded 2 times (x 154B)
Class com.android.sdklib.repository.generated.common.v2.ObjectFactory                 : loaded 2 times (x 77B)
Class com.android.sdklib.repository.generated.addon.v3.ObjectFactory                  : loaded 2 times (x 82B)
Class com.android.build.gradle.internal.SdkFullLoadingStrategy                        : loaded 2 times (x 74B)
Class com.android.build.gradle.internal.dependency.AdditionalArtifactType             : loaded 2 times (x 81B)
Class com.android.build.gradle.internal.testing.TestData$Companion                    : loaded 2 times (x 73B)
Class com.android.build.gradle.internal.tasks.PerModuleReportDependenciesTask$CreationAction: loaded 2 times (x 92B)
Class org.jetbrains.kotlin.compose.compiler.gradle.internal.ComposeWithAgpConfig$AgpConfigurationProvider$Default: loaded 2 times (x 76B)
Class org.jetbrains.kotlin.gradle.plugin.KotlinTargetConfiguratorKt$WhenMappings      : loaded 2 times (x 73B)
Class org.jetbrains.kotlin.project.model.LanguageSettings                             : loaded 2 times (x 72B)
Class com.android.build.gradle.internal.component.ComponentBasedBuiltInKotlinCreationConfig$kaptKotlinSourceOutputDir$2: loaded 2 times (x 81B)
Class com.android.build.api.artifact.impl.TypedStorageProvider$getArtifact$2$1$1      : loaded 2 times (x 81B)
Class com.android.build.gradle.internal.res.ParseLibraryResourcesTask$CreateAction    : loaded 2 times (x 92B)
Class com.android.build.gradle.internal.tasks.ApkZipPackagingTask$CreationAction      : loaded 2 times (x 92B)
Class com.android.build.gradle.internal.tasks.ApplicationIdWriterTask$CreationAction  : loaded 2 times (x 92B)
Class com.android.build.gradle.internal.feature.BundleAllClasses$CreationAction       : loaded 2 times (x 92B)
Class com.google.wireless.android.sdk.stats.GradleBuildVariant$Java8LangSupport$1     : loaded 2 times (x 78B)
Class com.android.build.gradle.internal.component.AarCreationConfig                   : loaded 2 times (x 72B)
Class com.android.build.gradle.internal.dsl.TargetSdkSpecImpl$AgpDecorated            : loaded 2 times (x 87B)
Class [Lcom.android.buildanalyzer.common.TaskCategory;                                : loaded 2 times (x 71B)
Class com.google.devtools.ksp.gradle.KspExtension                                     : loaded 2 times (x 87B)
Class [Lcom.android.build.api.variant.impl.DirectoryEntry$Kind;                       : loaded 2 times (x 71B)
Class com.android.build.gradle.internal.dsl.CoreExternalNativeBuildOptions            : loaded 2 times (x 72B)
Class org.jetbrains.kotlin.gradle.targets.native.KonanPropertiesBuildService$Parameters: loaded 2 times (x 72B)
Class org.jetbrains.kotlin.build.report.metrics.IC_UPDATE_CACHES                      : loaded 2 times (x 74B)
Class org.jetbrains.kotlin.build.report.metrics.IC_GEN_COMPILER_REF_INDEX             : loaded 2 times (x 74B)
Class org.jetbrains.kotlin.build.report.metrics.CustomBuildTimeMetric                 : loaded 2 times (x 74B)
Class org.jetbrains.kotlin.gradle.internal.IsInIdeaSyncValueSource$Inject_            : loaded 2 times (x 111B)
Class org.jetbrains.kotlin.gradle.plugin.internal.CompatibilityConventionRegistrar$Factory: loaded 2 times (x 72B)
Class com.google.protobuf.Descriptors$EnumValueDescriptor                             : loaded 2 times (x 81B)
Class com.android.utils.DateProvider                                                  : loaded 2 times (x 72B)
Class com.android.build.gradle.internal.utils.AnalyticsEnabledValueSource$Params      : loaded 2 times (x 72B)
Class com.android.build.gradle.internal.component.ComponentBasedBuiltInKotlinCreationConfig$Companion: loaded 2 times (x 73B)
Class com.google.gson.internal.$Gson$Preconditions                                    : loaded 2 times (x 73B)
Class com.android.build.api.variant.HasHostTests                                      : loaded 2 times (x 72B)
Class com.amazon.ion.impl.lite.ValueFactoryLite                                       : loaded 2 times (x 220B)
Class org.jetbrains.plugins.gradle.model.RepositoryModels                             : loaded 2 times (x 72B)
Class org.jetbrains.plugins.gradle.tooling.serialization.internal.IdeaProjectSerializationService$WriteContext$7: loaded 2 times (x 85B)
Class kotlin.jvm.internal.Intrinsics$Kotlin                                           : loaded 2 times (x 73B)
Class com.google.common.collect.RegularImmutableSortedSet                             : loaded 2 times (x 302B)
Class kotlin.collections.AbstractList$SubList                                         : loaded 2 times (x 200B)
Class kotlin.jvm.internal.CallableReference                                           : loaded 2 times (x 112B)
Class com.google.wireless.android.sdk.stats.GradleSyncIssue                           : loaded 2 times (x 200B)
Class com.google.wireless.android.sdk.stats.StudioPatchUpdaterEvent                   : loaded 2 times (x 206B)
Class com.google.wireless.android.sdk.stats.SherlockEventOrBuilder                    : loaded 2 times (x 72B)
Class com.google.wireless.android.sdk.stats.ComposeMultiPreviewEventOrBuilder         : loaded 2 times (x 72B)
Class com.android.build.gradle.internal.dependency.AarTransform$Parameters$Inject_    : loaded 2 times (x 116B)
Class com.android.build.gradle.internal.ide.v2.ProjectGraphImpl$Companion             : loaded 2 times (x 73B)
Class com.android.build.gradle.internal.utils.DesugarLibUtils$getD8DesugarMethodFileFromTransform$1: loaded 2 times (x 76B)
Class com.google.devtools.ksp.gradle.KspAATask$Companion$registerKspAATask$kspTaskProvider$1$2$6: loaded 2 times (x 77B)
Class com.android.build.gradle.internal.scope.InternalArtifactType$RENDERSCRIPT_GENERATED_RES: loaded 2 times (x 76B)
Class com.android.build.gradle.internal.scope.InternalArtifactType$BUILT_IN_KAPT_GENERATED_KOTLIN_SOURCES: loaded 2 times (x 76B)
Class com.android.build.gradle.internal.EmulatorComponents                            : loaded 2 times (x 74B)
Class com.sun.xml.bind.v2.runtime.reflect.TransducedAccessor$CompositeContextDependentTransducedAccessorImpl: loaded 2 times (x 81B)
Class javax.xml.bind.annotation.adapters.XmlAdapter                                   : loaded 2 times (x 75B)
Class com.sun.xml.bind.v2.model.impl.RuntimeAttributePropertyInfoImpl                 : loaded 2 times (x 146B)
Class com.sun.xml.bind.v2.runtime.reflect.Accessor                                    : loaded 2 times (x 87B)
Class javax.xml.bind.annotation.XmlType$DEFAULT                                       : loaded 2 times (x 73B)
Class com.sun.xml.bind.api.AccessorException                                          : loaded 2 times (x 84B)
Class [Lcom.google.common.collect.HashBiMap$BiEntry;                                  : loaded 2 times (x 71B)
Class com.google.protobuf.GeneratedMessageV3$FieldAccessorTable$OneofAccessor         : loaded 2 times (x 72B)
Class com.google.protobuf.DescriptorProtos$MessageOptions$Builder                     : loaded 2 times (x 364B)
Class com.android.build.gradle.internal.api.UnitTestVariantImpl_Decorated             : loaded 2 times (x 265B)
Class com.android.build.gradle.internal.scope.GradleAwareFilterData                   : loaded 2 times (x 72B)
Class com.android.build.gradle.internal.dependency.AarResourcesCompilerTransform$Parameters_Decorated: loaded 2 times (x 139B)
Class com.android.build.gradle.internal.dependency.AarResourcesCompilerTransform$Parameters: loaded 2 times (x 72B)
Class com.android.build.gradle.internal.tasks.featuresplit.FeatureSplitUtils          : loaded 2 times (x 73B)
Class com.android.build.api.artifact.impl.OperationRequestsImplKt$toAppend$2          : loaded 2 times (x 77B)
Class com.android.build.gradle.internal.tasks.creationconfig.DexMergingCreationConfigKt$createDexMergingCreationConfig$1: loaded 2 times (x 126B)
Class com.android.build.api.artifact.impl.InternalScopedArtifact                      : loaded 2 times (x 76B)
Class org.jetbrains.kotlin.compose.compiler.gradle.ComposeCompilerGradleSubplugin$applyToCompilation$1: loaded 2 times (x 77B)
Class org.jetbrains.kotlin.gradle.plugin.mpp.InternalKotlinCompilation$DefaultImpls   : loaded 2 times (x 73B)
Class org.jetbrains.kotlin.gradle.plugin.mpp.KotlinMetadataTarget                     : loaded 2 times (x 160B)
Class org.jetbrains.kotlin.gradle.plugin.mpp.compilationImpl.KotlinCompilationSourceSetInclusion$DefaultAddSourcesToCompileTask: loaded 2 times (x 76B)
Class org.jetbrains.kotlin.gradle.plugin.diagnostics.ToolingDiagnosticsContextKt      : loaded 2 times (x 73B)
Class org.jetbrains.kotlin.gradle.tasks.configuration.BaseKotlinCompileConfig$1$jvmToolchain$1: loaded 2 times (x 76B)
Class com.android.build.gradle.internal.tasks.MergeNativeLibsTask$CreationAction      : loaded 2 times (x 92B)
Class com.android.build.gradle.internal.core.dsl.impl.SigningConfigResolver           : loaded 2 times (x 74B)
Class com.google.wireless.android.sdk.stats.ApiVersion$1                              : loaded 2 times (x 153B)
Class com.android.build.gradle.internal.component.features.ResValuesCreationConfig    : loaded 2 times (x 72B)
Class com.android.build.gradle.internal.SdkLocation                                   : loaded 2 times (x 74B)
Class com.android.build.gradle.internal.scope.InternalArtifactType                    : loaded 2 times (x 76B)
Class com.android.build.gradle.internal.dsl.SdkComponentsImpl$adb$1                   : loaded 2 times (x 77B)
Class com.android.build.gradle.internal.dsl.ManagedVirtualDeviceFactory               : loaded 2 times (x 77B)
Class com.android.build.gradle.internal.dsl.ManagedVirtualDevice                      : loaded 2 times (x 123B)
Class com.android.build.gradle.internal.api.AndroidSourceSetName                      : loaded 2 times (x 74B)
Class org.objectweb.asm.commons.InstructionAdapter                                    : loaded 2 times (x 190B)
Class com.android.build.api.dsl.BundleAbi                                             : loaded 2 times (x 72B)
Class org.jetbrains.kotlin.gradle.dsl.KotlinGradlePluginDsl                           : loaded 2 times (x 72B)
Class org.jetbrains.kotlin.tooling.core.MutableExtras                                 : loaded 2 times (x 72B)
Class org.jetbrains.kotlin.build.report.metrics.CALL_WORKER                           : loaded 2 times (x 74B)
Class org.jetbrains.kotlin.build.report.metrics.JPS_ITERATION                         : loaded 2 times (x 74B)
Class org.jetbrains.kotlin.build.report.metrics.COMPUTE_JAVA_CLASS_CHANGES            : loaded 2 times (x 74B)
Class org.jetbrains.kotlin.gradle.plugin.KotlinGradleBuildServices$detectKotlinPluginLoadedInMultipleProjects$onRegister$1: loaded 2 times (x 81B)
Class com.android.build.gradle.internal.services.BuiltInKotlinServicesKt$failIfIncompatiblePluginsArePresent$1: loaded 2 times (x 76B)
Class com.android.build.gradle.internal.services.LintClassLoaderBuildService          : loaded 2 times (x 82B)
Class org.jetbrains.kotlin.gradle.dsl.KotlinCommonCompilerToolOptionsHelper           : loaded 2 times (x 73B)
Class org.jetbrains.kotlin.gradle.plugin.mpp.compilationImpl.factory.KotlinCompilationImplFactory$PreConfigure: loaded 2 times (x 72B)
Class org.jetbrains.kotlin.gradle.targets.js.dsl.KotlinJsTargetDsl                    : loaded 2 times (x 72B)
Class com.android.build.gradle.options.ProjectOptionService$RegistrationAction        : loaded 2 times (x 76B)
Class com.android.build.api.variant.ApplicationVariantBuilder                         : loaded 2 times (x 72B)
Class com.android.build.gradle.internal.services.DslServices                          : loaded 2 times (x 72B)
Class com.amazon.ion.impl.bin.WriteBuffer                                             : loaded 2 times (x 80B)
Class com.amazon.ion.impl.bin.IonManagedBinaryWriter                                  : loaded 2 times (x 167B)
Class org.jetbrains.plugins.gradle.tooling.serialization.internal.IdeaProjectSerializationService$WriteContext$8: loaded 2 times (x 85B)
Class gnu.trove.TObjectIntProcedure                                                   : loaded 2 times (x 72B)
Class [Lorg.gradle.api.JavaVersion;                                                   : loaded 2 times (x 71B)
Class kotlin.ranges.IntRange                                                          : loaded 2 times (x 95B)
Class org.gradle.tooling.model.idea.IdeaDependencyScope                               : loaded 2 times (x 72B)
Class org.gradle.internal.time.TimeSource                                             : loaded 2 times (x 72B)
Class org.gradle.tooling.model.kotlin.dsl.KotlinDslScriptsModel                       : loaded 2 times (x 72B)
Class com.google.wireless.android.sdk.stats.AdbUsageEvent                             : loaded 2 times (x 205B)
Class com.google.wireless.android.sdk.stats.DeviceConnectedNotificationEvent          : loaded 2 times (x 205B)
Class com.google.wireless.android.sdk.stats.BuildOutputWindowStats                    : loaded 2 times (x 200B)
Class com.google.wireless.android.sdk.stats.DeviceConnectedNotificationEventOrBuilder : loaded 2 times (x 72B)
Class com.android.build.gradle.internal.tasks.GlobalSyntheticsGeneratorTask$CreationAction: loaded 2 times (x 92B)
Class com.android.build.gradle.internal.tasks.featuresplit.PackagedDependenciesWriterTask$CreationAction$configure$2: loaded 2 times (x 76B)
Class com.android.build.gradle.internal.ide.v2.AaptOptionsImpl                        : loaded 2 times (x 77B)
Class com.android.build.gradle.internal.tasks.factory.BootClasspathConfigImpl$mockableJarArtifact$2$attributes$1: loaded 2 times (x 77B)
Class com.android.build.api.variant.impl.MultiOutputHandlerImplBase                   : loaded 2 times (x 97B)
Class com.google.devtools.ksp.gradle.KspAATask$Companion$registerKspAATask$kspTaskProvider$1$2$7: loaded 2 times (x 76B)
Class com.android.build.gradle.internal.tasks.AppMetadataTaskKt$configureTaskOutputs$1: loaded 2 times (x 133B)
Class com.sun.xml.bind.v2.runtime.reflect.Lister$1                                    : loaded 2 times (x 78B)
Class com.sun.xml.bind.v2.model.nav.ReflectionNavigator$1                             : loaded 2 times (x 83B)
Class com.sun.xml.bind.v2.util.TypeCast                                               : loaded 2 times (x 73B)
Class com.android.repository.impl.meta.TypeDetails$GenericType                        : loaded 2 times (x 72B)
Class com.android.repository.impl.generated.v1.ArchiveType                            : loaded 2 times (x 98B)
Class com.android.build.gradle.internal.SdkDirectLoadingStrategy$components$2         : loaded 2 times (x 81B)
Class kotlinx.coroutines.flow.StateFlowImpl$collect$1                                 : loaded 2 times (x 89B)
Class com.android.build.gradle.internal.variant.DefaultBuildTypeComparator            : loaded 2 times (x 92B)
Class com.android.build.gradle.internal.DependencyConfigurator$Companion              : loaded 2 times (x 73B)
Class com.android.build.gradle.internal.SdkLibDataFactory$Environment$SystemProperty  : loaded 2 times (x 81B)
Class com.android.build.gradle.internal.tasks.creationconfig.ProcessTestManifestCreationConfig: loaded 2 times (x 72B)
Class com.android.build.api.artifact.SingleArtifact$APK_FROM_BUNDLE                   : loaded 2 times (x 76B)
Class com.android.build.gradle.internal.scope.InternalArtifactType$BINARY_ART_PROFILE : loaded 2 times (x 76B)
Class com.android.build.gradle.internal.tasks.ApplicationTaskManager$createBundleTask$1: loaded 2 times (x 77B)
Class com.android.build.api.artifact.impl.OperationRequestsImplKt$toAppend$3          : loaded 2 times (x 77B)
Class com.android.build.gradle.internal.scope.InternalArtifactType$GLOBAL_SYNTHETICS_FILE_LIB: loaded 2 times (x 76B)
Class org.jetbrains.kotlin.compose.compiler.gradle.ComposeCompilerGradleSubplugin$applyToCompilation$2: loaded 2 times (x 76B)
Class com.android.build.gradle.internal.TaskManager$addSubpluginOptionsForBuiltInKotlin$1: loaded 2 times (x 77B)
Class org.jetbrains.kotlin.gradle.plugin.mpp.KotlinWithJavaTarget                     : loaded 2 times (x 159B)
Class org.jetbrains.kotlin.gradle.utils.StoredPropertyKt$extrasStoredProperty$1       : loaded 2 times (x 80B)
Class org.jetbrains.kotlin.gradle.tasks.CompileUsingKotlinDaemon                      : loaded 2 times (x 72B)
Class com.android.build.gradle.internal.feature.BundleAllClasses$CreationAction$handleProvider$1: loaded 2 times (x 133B)
Class com.android.build.gradle.internal.res.ParseLibraryResourcesTask$CreateAction$handleProvider$1: loaded 2 times (x 133B)
Class com.android.build.gradle.internal.tasks.ValidateResourcesTask$CreateAction$handleProvider$1: loaded 2 times (x 133B)
Class dagger.hilt.android.plugin.util.TasksKt$addKspTaskProcessorOptions$1$3          : loaded 2 times (x 77B)
Class com.android.build.api.component.impl.features.NativeBuildCreationConfigImpl$externalNativeBuild$2: loaded 2 times (x 81B)
Class [Lcom.android.build.VariantOutput$FilterType;                                   : loaded 2 times (x 71B)
Class com.android.build.api.variant.impl.ApplicationVariantImpl$androidResources$2    : loaded 2 times (x 81B)
Class com.android.build.api.variant.ApkOutputProviders                                : loaded 2 times (x 72B)
Class com.android.build.gradle.internal.core.dsl.ComponentDslInfo$DslDefinedHostTest  : loaded 2 times (x 74B)
Class com.android.build.gradle.internal.core.dsl.impl.features.OptimizationDslInfoImpl$mergeOptions$1: loaded 2 times (x 80B)
Class com.android.build.gradle.internal.tasks.BuildAnalyzer                           : loaded 2 times (x 72B)
Class com.android.builder.signing.DefaultSigningConfig$DebugSigningConfig             : loaded 2 times (x 74B)
Class com.android.build.gradle.internal.core.dsl.impl.features.DeviceTestOptionsDslInfoImpl: loaded 2 times (x 86B)
Class com.android.build.gradle.internal.core.dsl.features.TestOptionsDslInfo          : loaded 2 times (x 72B)
Class com.android.build.gradle.internal.dsl.DexPackagingImpl$AgpDecorated             : loaded 2 times (x 85B)
Class com.android.build.gradle.internal.dsl.BundleOptionsDensity$AgpDecorated         : loaded 2 times (x 83B)
Class com.android.build.VariantOutput                                                 : loaded 2 times (x 72B)
Class com.android.build.api.artifact.Artifact$Single                                  : loaded 2 times (x 76B)
Class com.android.build.api.dsl.Optimization                                          : loaded 2 times (x 72B)
Class com.android.build.gradle.internal.dsl.DependenciesInfoImpl                      : loaded 2 times (x 83B)
Class com.android.build.api.dsl.TestProductFlavor                                     : loaded 2 times (x 72B)
Class com.android.build.gradle.internal.services.BuiltInKotlinServicesKt$initBuiltInKaptSupportIfRequired$1: loaded 2 times (x 77B)
Class org.jetbrains.kotlin.gradle.plugin.KotlinPluginLifecycle$IllegalLifecycleException: loaded 2 times (x 84B)
Class org.jetbrains.kotlin.gradle.internal.properties.NativePropertiesLoader$userProvidedNativeHome$1: loaded 2 times (x 77B)
Class org.jetbrains.kotlin.build.report.metrics.ANALYSIS_LPS                          : loaded 2 times (x 74B)
Class org.jetbrains.kotlin.build.report.metrics.IC_WRITE_HISTORY_FILE                 : loaded 2 times (x 74B)
Class org.jetbrains.kotlin.gradle.plugin.KotlinGradleFinishBuildHandler               : loaded 2 times (x 74B)
Class org.jetbrains.kotlin.gradle.plugin.internal.DefaultProjectDependencyAccessor$Factory: loaded 2 times (x 78B)
Class org.jetbrains.kotlin.gradle.dsl.KotlinTopLevelExtension                         : loaded 2 times (x 72B)
Class com.android.build.gradle.internal.services.BuiltInKotlinServicesKt$failIfIncompatiblePluginsArePresent$2: loaded 2 times (x 76B)
Class com.android.build.gradle.internal.services.AndroidLocationsBuildService$AndroidDirectoryCreator$Params$Inject_: loaded 2 times (x 110B)
Class com.android.prefs.LocationValue                                                 : loaded 2 times (x 72B)
Class com.android.build.gradle.internal.api.ApkVariantOutputImpl                      : loaded 2 times (x 132B)
Class com.android.sdklib.AndroidVersion$PreviewType                                   : loaded 2 times (x 81B)
Class com.android.build.gradle.internal.res.Aapt2FromMaven$Companion$DefaultAapt2Version: loaded 2 times (x 73B)
Class com.android.build.gradle.internal.publishing.PublishingSpecs                    : loaded 2 times (x 73B)
Class com.android.build.gradle.internal.scope.InternalArtifactType$RES_STATIC_LIBRARY : loaded 2 times (x 76B)
Class com.android.build.gradle.internal.scope.InternalArtifactType$RUNTIME_LIBRARY_CLASSES_JAR: loaded 2 times (x 76B)
Class com.android.build.gradle.internal.plugins.DynamicFeaturePlugin                  : loaded 2 times (x 99B)
Class dagger.hilt.android.plugin.HiltGradlePlugin                                     : loaded 2 times (x 77B)
Class org.gradle.accessors.dm.LibrariesForLibs$ClerkLibraryAccessors                  : loaded 2 times (x 79B)
Class com.amazon.ion.impl.lite.IonBlobLite                                            : loaded 2 times (x 222B)
Class com.amazon.ion.impl.LocalSymbolTable                                            : loaded 2 times (x 129B)
Class org.jetbrains.plugins.gradle.tooling.serialization.SerializationService         : loaded 2 times (x 72B)
Class org.gradle.tooling.internal.gradle.GradleBuildIdentity                          : loaded 2 times (x 72B)
Class kotlin.enums.EnumEntries                                                        : loaded 2 times (x 72B)
Class com.google.wireless.android.sdk.stats.StudioDeprecationNotificationEvent        : loaded 2 times (x 198B)
Class com.google.wireless.android.sdk.stats.StudioUpdateFlowEvent                     : loaded 2 times (x 205B)
Class com.google.wireless.android.sdk.stats.AndroidStudioEvent$TemplatesUsageOrBuilder: loaded 2 times (x 72B)
Class com.google.wireless.android.sdk.stats.ResourceManagerEventOrBuilder             : loaded 2 times (x 72B)
Class com.google.wireless.android.sdk.stats.LldbSessionEndDetailsOrBuilder            : loaded 2 times (x 72B)
Class com.google.common.hash.Hashing                                                  : loaded 2 times (x 73B)
Class org.jetbrains.kotlin.gradle.plugin.ide.IdeCompilerArgumentsResolverKt           : loaded 2 times (x 73B)
Class com.android.build.gradle.internal.ide.dependencies.AdditionalArtifacts$Companion: loaded 2 times (x 73B)
Class com.android.build.api.artifact.impl.InAndOutDirectoryOperationRequestImpl$Companion$initializeInput$1$1: loaded 2 times (x 77B)
Class com.android.build.gradle.internal.tasks.featuresplit.PackagedDependenciesWriterTask$CreationAction$configure$3: loaded 2 times (x 76B)
Class com.android.build.gradle.internal.ide.v2.SigningConfigImpl                      : loaded 2 times (x 86B)
Class com.google.protobuf.DescriptorProtos$OneofDescriptorProto$1                     : loaded 2 times (x 153B)
Class com.google.devtools.ksp.gradle.KspAATask$Companion$registerKspAATask$kspTaskProvider$1$2$8: loaded 2 times (x 76B)
Class com.sun.xml.bind.v2.runtime.reflect.DefaultTransducedAccessor                   : loaded 2 times (x 81B)
Class com.sun.xml.bind.v2.runtime.reflect.Lister$2                                    : loaded 2 times (x 79B)
Class javax.xml.bind.annotation.XmlAccessorType                                       : loaded 2 times (x 72B)
Class com.sun.xml.bind.v2.model.annotation.XmlTransientQuick                          : loaded 2 times (x 92B)
Class com.sun.xml.bind.v2.model.nav.ReflectionNavigator$2                             : loaded 2 times (x 83B)
Class com.sun.xml.bind.v2.model.impl.EnumLeafInfoImpl                                 : loaded 2 times (x 129B)
Class javax.xml.bind.ServiceLoaderUtil$ExceptionHandler                               : loaded 2 times (x 74B)
Class com.google.protobuf.DescriptorProtos$OneofOptions                               : loaded 2 times (x 249B)
Class [Lkotlinx.coroutines.flow.StateFlowSlot;                                        : loaded 2 times (x 71B)
Class javax.xml.bind.ContextFinder$1                                                  : loaded 2 times (x 75B)
Class com.sun.xml.bind.api.Bridge                                                     : loaded 2 times (x 87B)
Class com.google.protobuf.DescriptorProtos$FieldOptions                               : loaded 2 times (x 275B)
Class com.android.build.gradle.internal.publishing.AppVariantSpecBuilder              : loaded 2 times (x 92B)
Class com.android.build.gradle.internal.dependency.DexingOutputSplitTransform$Parameters_Decorated: loaded 2 times (x 137B)
Class com.android.build.gradle.internal.dependency.DexingOutputSplitTransform$Parameters: loaded 2 times (x 72B)
Class com.android.build.gradle.internal.tasks.ApplicationTaskManager$createBundleTask$2: loaded 2 times (x 77B)
Class com.android.build.gradle.internal.tasks.creationconfig.DexMergingCreationConfigKt: loaded 2 times (x 73B)
Class org.jetbrains.kotlin.gradle.utils.StoredLazyProperty$getValue$1                 : loaded 2 times (x 81B)
Class org.jetbrains.kotlin.gradle.plugin.mpp.KotlinTargetWithBinaries                 : loaded 2 times (x 156B)
Class org.jetbrains.kotlin.gradle.plugin.ProjectLocalConfigurationsKt                 : loaded 2 times (x 73B)
Class [Lorg.jetbrains.kotlin.gradle.plugin.KotlinSourceSet;                           : loaded 2 times (x 71B)
Class org.jetbrains.kotlin.gradle.plugin.mpp.compilationImpl.factory.KotlinCompilationImplFactory: loaded 2 times (x 74B)
Class com.android.build.api.artifact.impl.TypedStorageProvider$getArtifact$2$1        : loaded 2 times (x 81B)
Class com.android.build.gradle.tasks.JavaPreCompileTask$CreationAction                : loaded 2 times (x 92B)
Class com.android.build.api.variant.impl.ManifestFilesImpl$allStatic$1                : loaded 2 times (x 76B)
Class com.android.build.gradle.tasks.MergeSourceSetFolders$GenericMergeCreationAction : loaded 2 times (x 93B)
Class com.android.build.gradle.internal.TaskManager$createMergeJniLibFoldersTasks$mergeSourceSetFoldersCreationConfig$1: loaded 2 times (x 81B)
Class com.android.build.gradle.internal.publishing.AndroidArtifacts                   : loaded 2 times (x 73B)
Class com.android.build.api.artifact.impl.ScopedArtifactsImpl$ScopedArtifactsOperationImpl$toGet$1: loaded 2 times (x 77B)
Class com.android.build.gradle.internal.dependency.ConstraintHandler$checkConfigurationAlignments$1: loaded 2 times (x 77B)
Class com.android.build.gradle.internal.core.dsl.impl.features.OptimizationDslInfoImpl$mergeOptions$2: loaded 2 times (x 80B)
Class com.android.build.gradle.internal.dsl.MinSdkDelegate$minSdk$2$1                 : loaded 2 times (x 81B)
Class dagger.hilt.android.plugin.rules.HiltArtifactDisambiguationRule                 : loaded 2 times (x 80B)
Class com.android.build.gradle.internal.core.SettingsOptionsKt                        : loaded 2 times (x 73B)
Class com.android.build.gradle.internal.dsl.BundleOptionsCodeTransparency$AgpDecorated: loaded 2 times (x 83B)
Class com.android.build.gradle.internal.api.artifact.SourceArtifactType$JAVA_RESOURCES: loaded 2 times (x 76B)
Class com.android.build.gradle.api.AndroidSourceFile                                  : loaded 2 times (x 72B)
Class org.objectweb.asm.commons.LocalVariablesSorter                                  : loaded 2 times (x 111B)
Class com.android.build.api.dsl.ViewBinding                                           : loaded 2 times (x 72B)
Class com.android.build.gradle.internal.dsl.DexPackagingImpl                          : loaded 2 times (x 72B)
Class com.android.build.gradle.internal.dsl.AssetPackBundleExtensionImpl              : loaded 2 times (x 72B)
Class com.android.build.gradle.internal.dsl.decorator.SupportedPropertyType$Var$String: loaded 2 times (x 76B)
Class org.jetbrains.kotlin.gradle.plugin.PropertiesProvider$localProperties$2         : loaded 2 times (x 81B)
Class com.android.build.gradle.internal.services.BuiltInKotlinServicesKt$failIfIncompatiblePluginsArePresent$3: loaded 2 times (x 76B)
Class com.android.build.gradle.internal.services.BuiltInKotlinServices$AvailabilityReason: loaded 2 times (x 72B)
Class com.android.prefs.PathLocator                                                   : loaded 2 times (x 75B)
Class com.google.wireless.android.sdk.stats.GradleBuildProfileSpan$1                  : loaded 2 times (x 153B)
Class com.sun.xml.bind.v2.model.impl.RuntimeTypeInfoSetImpl                           : loaded 2 times (x 125B)
Class com.sun.xml.bind.v2.model.impl.Utils$1                                          : loaded 2 times (x 79B)
Class javax.xml.bind.annotation.XmlMimeType                                           : loaded 2 times (x 72B)
Class com.android.tools.analytics.AnalyticsSettingsData$DataTypeAdapter               : loaded 2 times (x 75B)
Class javax.xml.bind.annotation.adapters.CollapsedStringAdapter                       : loaded 2 times (x 77B)
Class com.amazon.ion.IonList                                                          : loaded 2 times (x 72B)
Class org.jetbrains.plugins.gradle.tooling.serialization.internal.adapter.Supplier    : loaded 2 times (x 72B)
Class org.gradle.tooling.internal.adapter.ProtocolToModelAdapter$MixInMappingAction   : loaded 2 times (x 82B)
Class org.gradle.internal.exceptions.ResolutionProvider                               : loaded 2 times (x 72B)
Class org.gradle.kotlin.dsl.TestImplementationConfigurationAccessorsKt                : loaded 2 times (x 73B)
Class com.google.wireless.android.sdk.stats.ServerPushNotificationEvent               : loaded 2 times (x 205B)
Class com.google.wireless.android.sdk.stats.AutoImportEvent                           : loaded 2 times (x 198B)
Class com.google.wireless.android.sdk.stats.StudioLabsEvent                           : loaded 2 times (x 197B)
Class com.google.wireless.android.sdk.stats.KotlinProjectConfigurationOrBuilder       : loaded 2 times (x 72B)
Class com.google.devtools.ksp.gradle.KspAATask$Companion$registerKspAATask$kspTaskProvider$1$2$9: loaded 2 times (x 76B)
Class com.google.devtools.ksp.gradle.KspAATask_Decorated                              : loaded 2 times (x 374B)
Class org.jetbrains.kotlin.build.report.metrics.BuildMetricsReporterImpl              : loaded 2 times (x 100B)
Class com.android.build.gradle.internal.ide.v2.BasicAndroidProjectImpl                : loaded 2 times (x 86B)
Class com.sun.xml.bind.v2.runtime.unmarshaller.Patcher                                : loaded 2 times (x 72B)
Class com.sun.xml.bind.v2.model.nav.ReflectionNavigator$3                             : loaded 2 times (x 79B)
Class com.sun.xml.bind.v2.model.annotation.XmlValueQuick                              : loaded 2 times (x 92B)
Class com.sun.istack.Pool                                                             : loaded 2 times (x 72B)
Class com.android.repository.impl.generated.v2.ArchivesType                           : loaded 2 times (x 77B)
Class com.android.sdklib.repository.generated.common.v4.LibraryType                   : loaded 2 times (x 92B)
Class com.android.build.gradle.internal.FileExistsValueSource$Params                  : loaded 2 times (x 72B)
Class com.android.repository.Revision$PreviewComparison                               : loaded 2 times (x 81B)
Class com.android.build.gradle.internal.ide.FilterDataImpl                            : loaded 2 times (x 82B)
Class com.android.build.gradle.internal.dependency.AarToClassTransform$Companion      : loaded 2 times (x 73B)
Class com.android.build.gradle.internal.scope.InternalArtifactType$ANALYZE_DEPENDENCIES_REPORT: loaded 2 times (x 76B)
Class com.android.build.gradle.internal.HostTestTaskManager$setupAssembleTasks$1      : loaded 2 times (x 77B)
Class com.android.build.gradle.internal.testing.utp.UtpTestUtilsKt$maybeCreateUtpConfigurations$1$1: loaded 2 times (x 76B)
Class com.android.build.gradle.internal.tasks.ExtractVersionControlInfoTask$CreationAction$handleProvider$1: loaded 2 times (x 133B)
Class com.android.build.gradle.internal.tasks.PackageBundleTask$CreationAction$handleProvider$1: loaded 2 times (x 133B)
Class com.android.build.gradle.internal.tasks.DexFileDependenciesTask$CreationAction$handleProvider$1: loaded 2 times (x 133B)
Class com.google.devtools.ksp.gradle.IsolatedClassLoaderCacheBuildService$Companion   : loaded 2 times (x 73B)
Class com.android.build.gradle.tasks.KotlinCompileCreationAction                      : loaded 2 times (x 78B)
Class com.android.build.gradle.internal.scope.InternalArtifactType$SYMBOL_LIST_WITH_PACKAGE_NAME: loaded 2 times (x 76B)
Class com.android.build.gradle.internal.scope.InternalArtifactType$MERGED_MANIFESTS   : loaded 2 times (x 76B)
Class com.android.build.gradle.internal.VariantManager$createVariantsFromCombination$variantExtensionConfig$1: loaded 2 times (x 80B)
Class com.android.build.gradle.internal.core.dsl.impl.features.AndroidResourcesDslInfoImpl: loaded 2 times (x 83B)
Class com.android.build.api.component.impl.DeviceTestImpl$dexing$2                    : loaded 2 times (x 81B)
Class com.android.build.gradle.internal.core.dsl.ComponentDslInfo$DslDefinedDeviceTest: loaded 2 times (x 74B)
Class com.android.build.gradle.internal.lint.LintTaskManager$createBeforeEvaluateLintTasks$1: loaded 2 times (x 77B)
Class com.android.build.gradle.internal.lint.LintTaskManager$Companion                : loaded 2 times (x 73B)
Class com.android.build.gradle.internal.crash.ExternalApiUsageException               : loaded 2 times (x 84B)
Class [Lcom.android.build.api.variant.ScopedArtifacts$Scope;                          : loaded 2 times (x 71B)
Class com.android.build.gradle.api.ApplicationVariant                                 : loaded 2 times (x 72B)
Class com.android.build.gradle.internal.dsl.BundleOptionsCountrySet$AgpDecorated      : loaded 2 times (x 87B)
Class com.android.build.gradle.internal.dsl.EmulatorControl$AgpDecorated              : loaded 2 times (x 90B)
Class com.android.build.api.dsl.MinSdkSpec                                            : loaded 2 times (x 72B)
Class com.android.build.gradle.internal.dsl.JUnitEngineSpecImpl                       : loaded 2 times (x 86B)
Class com.android.build.gradle.internal.dsl.ApplicationPublishingImpl                 : loaded 2 times (x 83B)
Class org.jetbrains.kotlin.gradle.utils.WhenPluginEnabledKt$whenPluginsEnabled$1      : loaded 2 times (x 77B)
Class [Lorg.jetbrains.kotlin.gradle.report.BuildReportType;                           : loaded 2 times (x 71B)
Class org.jetbrains.kotlin.build.report.metrics.LOAD_CLASSPATH_ENTRY_SNAPSHOT_CACHE_MISSES: loaded 2 times (x 74B)
Class org.jetbrains.kotlin.build.report.metrics.BUNDLE_SIZE                           : loaded 2 times (x 74B)
Class org.jetbrains.kotlin.build.report.metrics.CLEAN_BACKUP_STASH                    : loaded 2 times (x 74B)
Class org.jetbrains.kotlin.gradle.internal.properties.PropertiesBuildService$localProperties$2: loaded 2 times (x 81B)
Class org.jetbrains.kotlin.gradle.tasks.AbstractKotlinCompileTool                     : loaded 2 times (x 374B)
Class com.android.build.gradle.internal.errors.IncompatibleProjectOptionsReporter     : loaded 2 times (x 73B)
Class com.google.protobuf.DescriptorProtos$EnumDescriptorProto$Builder                : loaded 2 times (x 315B)
Class com.android.build.gradle.internal.profile.AnalyticsService$Params_Decorated     : loaded 2 times (x 153B)
Class com.google.wireless.android.sdk.stats.GradleBuildVariantOrBuilder               : loaded 2 times (x 72B)
Class com.android.sdklib.AndroidVersion                                               : loaded 2 times (x 77B)
Class com.android.build.api.variant.GeneratesApkBuilder                               : loaded 2 times (x 72B)
Class com.android.Version                                                             : loaded 2 times (x 73B)
Class jdk.internal.jimage.ImageBufferCache                                            : loaded 2 times (x 73B)
Class jdk.internal.jrtfs.JrtPath                                                      : loaded 2 times (x 124B)
Class org.gradle.accessors.dm.LibrariesForLibs$MaterialIconsLibraryAccessors          : loaded 2 times (x 79B)
Class com.amazon.ion.IonSystem                                                        : loaded 2 times (x 72B)
Class com.amazon.ion.impl.bin.IonManagedBinaryWriter$ImportedSymbolContext            : loaded 2 times (x 74B)
Class kotlin.text.MatchResult$DefaultImpls                                            : loaded 2 times (x 73B)
Class org.gradle.tooling.model.idea.IdeaCompilerOutput                                : loaded 2 times (x 72B)
Class org.gradle.tooling.model.ProjectIdentifier                                      : loaded 2 times (x 72B)
Class org.gradle.internal.classloader.ClasspathUtil                                   : loaded 2 times (x 73B)
Class com.google.wireless.android.sdk.stats.UIActionStatsOrBuilder                    : loaded 2 times (x 72B)
Class com.google.wireless.android.sdk.stats.NavSafeArgsEventOrBuilder                 : loaded 2 times (x 72B)
Class com.google.wireless.android.sdk.stats.LayoutInspectorEventOrBuilder             : loaded 2 times (x 72B)
Class com.android.tools.analytics.Anonymizer                                          : loaded 2 times (x 73B)
Class org.jetbrains.kotlin.cli.common.arguments.ParseCommandLineArgumentsKt           : loaded 2 times (x 73B)
Class org.jetbrains.kotlin.gradle.dsl.KotlinCommonCompilerOptionsExtensionsKt$usesK2$1: loaded 2 times (x 76B)
Class com.android.build.gradle.internal.ide.v2.LibraryInfoImpl                        : loaded 2 times (x 86B)
Class com.sun.xml.bind.v2.runtime.unmarshaller.XmlVisitor                             : loaded 2 times (x 72B)
Class org.objectweb.asm.tree.MethodNode                                               : loaded 2 times (x 111B)
Class com.android.build.gradle.internal.EmulatorComponents$Companion                  : loaded 2 times (x 73B)
Class com.sun.xml.bind.v2.runtime.property.UnmarshallerChain                          : loaded 2 times (x 74B)
Class com.sun.istack.SAXException2                                                    : loaded 2 times (x 85B)
Class com.sun.xml.bind.v2.runtime.unmarshaller.TextLoader                             : loaded 2 times (x 80B)
Class com.sun.xml.bind.v2.TODO                                                        : loaded 2 times (x 73B)
Class com.sun.xml.bind.v2.model.runtime.RuntimeElementPropertyInfo                    : loaded 2 times (x 72B)
Class com.sun.xml.bind.v2.model.nav.ReflectionNavigator$4                             : loaded 2 times (x 79B)
Class com.sun.xml.bind.v2.model.impl.RuntimeBuiltinLeafInfoImpl$20                    : loaded 2 times (x 138B)
Class com.android.sdklib.repository.generated.sysimg.v2.ObjectFactory                 : loaded 2 times (x 77B)
Class com.android.build.gradle.internal.SdkComponentsBuildService$VersionedSdkLoader$additionalLibrariesProvider$1: loaded 2 times (x 77B)
Class javax.xml.bind.UnmarshalException                                               : loaded 2 times (x 87B)
Class com.android.build.gradle.internal.tasks.factory.BootClasspathConfigImpl$bootClasspath$2$1: loaded 2 times (x 77B)
Class com.android.build.gradle.internal.scope.InternalArtifactType$UNIT_TEST_RESULTS  : loaded 2 times (x 76B)
Class com.android.build.gradle.internal.HostTestTaskManager$setupAssembleTasks$2      : loaded 2 times (x 77B)
Class com.android.build.gradle.internal.tasks.DexFileDependenciesTask$CreationAction$handleProvider$2: loaded 2 times (x 133B)
Class com.android.build.gradle.internal.scope.InternalArtifactType$PROJECT_DEX_ARCHIVE: loaded 2 times (x 76B)
Class org.jetbrains.kotlin.gradle.utils.StringUtilsKt$lowerCamelCaseName$1            : loaded 2 times (x 131B)
Class org.jetbrains.kotlin.gradle.plugin.mpp.compilationImpl.DefaultKotlinCompilationFriendPathsResolver$DefaultFriendArtifactResolver: loaded 2 times (x 76B)
Class org.jetbrains.kotlin.gradle.dsl.KotlinCompile                                   : loaded 2 times (x 72B)
Class org.jetbrains.kotlin.gradle.plugin.internal.DefaultConfigurationCacheStartParameterAccessor_Decorated: loaded 2 times (x 123B)
Class org.jetbrains.kotlin.gradle.plugin.internal.DefaultConfigurationCacheStartParameterAccessor: loaded 2 times (x 79B)
Class com.android.build.gradle.tasks.KotlinCompileCreationAction$getTaskProvider$1    : loaded 2 times (x 81B)
Class com.android.build.gradle.internal.component.ComponentBasedBuiltInKotlinCreationConfig$kaptSourceOutputDir$2: loaded 2 times (x 81B)
Class com.android.build.api.component.impl.DefaultSourcesProviderImpl$defaultJavaSources$1: loaded 2 times (x 80B)
Class com.android.build.gradle.tasks.ManifestProcessorTask                            : loaded 2 times (x 341B)
Class com.google.wireless.android.sdk.stats.VariantPropertiesAccess$Builder           : loaded 2 times (x 297B)
Class com.android.build.gradle.internal.VariantManager$createVariantsFromCombination$8: loaded 2 times (x 81B)
Class com.android.build.api.variant.impl.MetadataRecord                               : loaded 2 times (x 74B)
Class com.android.build.gradle.internal.component.features.AndroidResourcesCreationConfig: loaded 2 times (x 72B)
Class com.android.build.gradle.internal.dsl.ApplicationExtensionImpl$sam$org_gradle_api_Action$0: loaded 2 times (x 77B)
Class com.android.build.gradle.internal.GradleLocalPropertiesFactory                  : loaded 2 times (x 73B)
Class dagger.hilt.android.plugin.HiltCommandLineArgumentProvider                      : loaded 2 times (x 77B)
Class com.android.build.gradle.internal.dsl.ApplicationPublishingImpl$AgpDecorated_Decorated: loaded 2 times (x 132B)
Class com.google.common.base.Charsets                                                 : loaded 2 times (x 73B)
Class com.android.build.api.dsl.ComposeOptions                                        : loaded 2 times (x 72B)
Class com.android.build.gradle.internal.dsl.NdkOptions$DebugSymbolLevel               : loaded 2 times (x 81B)
Class com.android.build.api.dsl.VectorDrawables                                       : loaded 2 times (x 72B)
Class com.android.build.gradle.internal.dsl.ViewBindingOptionsImpl                    : loaded 2 times (x 86B)
Class com.android.build.gradle.internal.dsl.ResourcesPackagingImpl                    : loaded 2 times (x 84B)
Class com.android.build.gradle.internal.dsl.BundleOptions                             : loaded 2 times (x 137B)
Class com.android.build.gradle.internal.services.BuiltInKotlinServicesKt$initBuiltInKotlinSupportIfRequired$3: loaded 2 times (x 77B)
Class org.jetbrains.kotlin.gradle.dsl.JvmTarget$Companion                             : loaded 2 times (x 73B)
Class org.jetbrains.kotlin.gradle.internal.properties.NativePropertiesLoader$downloadFromMaven$1: loaded 2 times (x 77B)
Class org.jetbrains.kotlin.build.report.metrics.SHRINK_AND_SAVE_CLASSPATH_SNAPSHOT_EXECUTION_COUNT: loaded 2 times (x 74B)
Class org.jetbrains.kotlin.gradle.tasks.CacheableTasksKt$cacheOnlyIfEnabledForKotlin$1: loaded 2 times (x 77B)
Class org.jetbrains.kotlin.build.report.metrics.REMOVE_DUPLICATE_CLASSES              : loaded 2 times (x 74B)
Class org.jetbrains.kotlin.build.report.metrics.IC_ANALYZE_CHANGES_IN_ANDROID_LAYOUTS : loaded 2 times (x 74B)
Class org.jetbrains.kotlin.compilerRunner.btapi.BuildSessionService$Companion$registerIfAbsent$1$1$1: loaded 2 times (x 77B)
Class org.jetbrains.kotlin.gradle.tasks.AbstractKotlinCompile$compilerRunner$1        : loaded 2 times (x 77B)
Class com.android.build.gradle.internal.SdkComponentsBuildService$Parameters          : loaded 2 times (x 72B)
Class com.android.build.gradle.internal.services.AndroidLocationsBuildService$androidLocations$1$1: loaded 2 times (x 77B)
Class com.google.wireless.android.sdk.stats.GradleBuildProfileSpan$Builder            : loaded 2 times (x 317B)
Class com.google.protobuf.DescriptorProtos$EnumDescriptorProto                        : loaded 2 times (x 215B)
Class com.android.build.gradle.internal.scope.ArtifactTypeUtil$getRegularFiles$1      : loaded 2 times (x 77B)
Class com.android.build.gradle.options.FeatureStage$Supported                         : loaded 2 times (x 74B)
Class com.google.common.util.concurrent.MoreExecutors                                 : loaded 2 times (x 73B)
Class com.android.build.gradle.internal.ide.v2.VariantDependenciesAdjacencyListImpl   : loaded 2 times (x 85B)
Class org.gradle.accessors.dm.LibrariesForLibsInPluginsBlock$ClerkAndroidLibraryAccessors: loaded 2 times (x 79B)
Class com.intellij.gradle.toolingExtension.impl.model.sourceSetModel.GradleSourceSetSerialisationService: loaded 2 times (x 79B)
Class kotlin.io.FileSystemException                                                   : loaded 2 times (x 84B)
Class com.google.wireless.android.sdk.stats.IntelliJNewUIState                        : loaded 2 times (x 197B)
Class com.google.wireless.android.sdk.stats.UserSentiment                             : loaded 2 times (x 199B)
Class com.google.wireless.android.sdk.stats.MultiViewEvent                            : loaded 2 times (x 201B)
Class com.google.wireless.android.sdk.stats.LldbSessionStartDetails                   : loaded 2 times (x 212B)
Class com.google.wireless.android.sdk.stats.LiveEditEventOrBuilder                    : loaded 2 times (x 72B)
Class com.google.wireless.android.sdk.stats.RunFinishDataOrBuilder                    : loaded 2 times (x 72B)
Class com.google.wireless.android.sdk.stats.FirebaseManagementEventOrBuilder          : loaded 2 times (x 72B)
Class com.google.wireless.android.sdk.stats.ResizeComposePreviewEventOrBuilder        : loaded 2 times (x 72B)
Class com.google.wireless.android.sdk.stats.ParallelAndroidTestReportUiEventOrBuilder : loaded 2 times (x 72B)
Class com.android.build.gradle.internal.ide.v2.AndroidLibraryDataImpl$Companion       : loaded 2 times (x 73B)
Class com.android.build.gradle.internal.ide.dependencies.GraphEdgeCacheImpl           : loaded 2 times (x 77B)
Class com.android.build.gradle.internal.ide.v2.AndroidDslImpl$Companion               : loaded 2 times (x 73B)
Class com.android.build.gradle.internal.ide.v2.VariantDependenciesAdjacencyListImpl$Companion: loaded 2 times (x 73B)
Class com.android.build.gradle.internal.ide.v2.SourceSetContainerImpl                 : loaded 2 times (x 82B)
Class [Lcom.sun.xml.bind.v2.model.core.PropertyInfo;                                  : loaded 2 times (x 71B)
Class com.sun.xml.bind.v2.model.nav.ReflectionNavigator$5                             : loaded 2 times (x 79B)
Class com.sun.xml.bind.v2.model.impl.RuntimeBuiltinLeafInfoImpl$21                    : loaded 2 times (x 138B)
Class com.sun.xml.bind.v2.model.runtime.RuntimeTypeInfo                               : loaded 2 times (x 72B)
Class com.android.sdklib.repository.IdDisplay                                         : loaded 2 times (x 82B)
Class org.jetbrains.kotlin.konan.target.HostManager$Companion                         : loaded 2 times (x 73B)
Class com.android.tools.analytics.UsageTracker                                        : loaded 2 times (x 73B)
Class [Lcom.google.protobuf.Descriptors$FieldDescriptor$Type;                         : loaded 2 times (x 71B)
Class com.android.build.gradle.internal.scope.InternalArtifactType$SOURCE_JAR         : loaded 2 times (x 76B)
Class com.android.build.api.variant.impl.DirectoryEntry$Kind                          : loaded 2 times (x 81B)
Class com.android.build.api.variant.impl.FlatSourceDirectoriesImpl                    : loaded 2 times (x 95B)
Class com.android.build.gradle.internal.scope.InternalArtifactType$COMPILE_SYMBOL_LIST: loaded 2 times (x 76B)
Class com.android.build.api.artifact.impl.InAndOutDirectoryOperationRequestImpl$Companion$initializeInput$1: loaded 2 times (x 77B)
Class dagger.hilt.android.plugin.util.TasksKt                                         : loaded 2 times (x 73B)
Class com.android.build.gradle.internal.core.dsl.HostTestComponentDslInfo             : loaded 2 times (x 72B)
Class [Lcom.android.build.api.variant.VariantOutputConfiguration$OutputType;          : loaded 2 times (x 71B)
Class com.android.build.api.component.impl.AnnotationProcessorImpl                    : loaded 2 times (x 79B)
Class com.android.build.api.variant.impl.PackagingImpl                                : loaded 2 times (x 82B)
Class com.android.build.api.component.analytics.AnalyticsEnabledApplicationVariantBuilder: loaded 2 times (x 206B)
Class [Lcom.android.build.gradle.internal.profile.ProfilingMode;                      : loaded 2 times (x 71B)
Class com.android.build.gradle.internal.dsl.TargetSdkVersionImpl                      : loaded 2 times (x 78B)
Class com.android.build.gradle.internal.TaskManager$ConfigAttrTask                    : loaded 2 times (x 322B)
Class com.android.builder.core.AbstractBuildType$Companion                            : loaded 2 times (x 73B)
Class com.android.builder.testing.api.TestServer                                      : loaded 2 times (x 76B)
Class com.android.build.gradle.internal.dsl.ShaderOptions_Decorated                   : loaded 2 times (x 132B)
Class com.android.build.api.dsl.KmpOptimization                                       : loaded 2 times (x 72B)
Class com.android.build.gradle.internal.dsl.decorator.SupportedPropertyType$Var       : loaded 2 times (x 76B)
Class com.android.builder.signing.DefaultSigningConfig                                : loaded 2 times (x 111B)
Class org.jetbrains.kotlin.build.report.metrics.LOAD_CLASSPATH_SNAPSHOT_EXECUTION_COUNT: loaded 2 times (x 74B)
Class org.jetbrains.kotlin.build.report.metrics.COMPUTE_CLASS_CHANGES                 : loaded 2 times (x 74B)
Class org.jetbrains.kotlin.gradle.plugin.internal.DefaultProjectIsolationStartParameterAccessor: loaded 2 times (x 79B)
Class org.jetbrains.kotlin.gradle.utils.GradleConfigurationUtilsKt$addGradlePluginMetadataAttributes$1: loaded 2 times (x 77B)
Class org.jetbrains.kotlin.gradle.plugin.internal.BuildIdentifierAccessor$Factory     : loaded 2 times (x 72B)
Class org.jetbrains.kotlin.gradle.dsl.KotlinAndroidExtension                          : loaded 2 times (x 72B)
Class org.jetbrains.kotlin.gradle.plugin.KaptExtension                                : loaded 2 times (x 136B)
Class org.jetbrains.kotlin.gradle.plugin.AbstractKotlinMultiplatformPluginWrapper     : loaded 2 times (x 88B)
Class com.android.build.gradle.internal.services.LintClassLoaderBuildService$RegistrationAction: loaded 2 times (x 76B)
Class com.android.build.gradle.internal.utils.GradleEnvironmentProvider               : loaded 2 times (x 72B)
Class [Lcom.google.wireless.android.sdk.stats.GradleBuildProfileSpan$ExecutionType;   : loaded 2 times (x 71B)
Class com.google.protobuf.SmallSortedMap$EmptySet                                     : loaded 2 times (x 73B)
Class com.google.protobuf.ByteString$2                                                : loaded 2 times (x 93B)
Class org.jetbrains.kotlin.gradle.internal.utils.DescriptionAware                     : loaded 2 times (x 72B)
Class com.android.tools.analytics.HostData$garbageCollectorBeans$2                    : loaded 2 times (x 80B)
Class com.android.build.gradle.internal.utils.AnalyticsSettingsUtils$analyticsEnabledProvider$1: loaded 2 times (x 76B)
Class com.google.wireless.android.sdk.stats.SmlConfigurationEventOrBuilder            : loaded 2 times (x 72B)
Class com.android.utils.Environment$Companion$SYSTEM$1                                : loaded 2 times (x 76B)
Class com.android.build.gradle.internal.TaskManager                                   : loaded 2 times (x 84B)
Class com.android.build.gradle.AppPluginKt                                            : loaded 2 times (x 73B)
Class dagger.hilt.android.plugin.HiltGradlePlugin$Companion                           : loaded 2 times (x 73B)
Class org.gradle.accessors.dm.LibrariesForLibsInPluginsBlock$AndroidxLifecycleRuntimeLibraryAccessors: loaded 2 times (x 80B)
Class com.amazon.ion.impl.lite.IonIntLite                                             : loaded 2 times (x 191B)
Class com.amazon.ion.impl._Private_IonReaderBuilder$TwoElementInputStream             : loaded 2 times (x 94B)
Class com.amazon.ion.util._Private_FastAppendable                                     : loaded 2 times (x 72B)
Class [Lcom.amazon.ion.impl.bin.IonRawBinaryWriter$PreallocationMode;                 : loaded 2 times (x 71B)
Class io.opentelemetry.context.propagation.TextMapGetter                              : loaded 2 times (x 72B)
Class org.gradle.internal.time.TimeSource$1                                           : loaded 2 times (x 79B)
Class kotlin.jvm.internal.DefaultConstructorMarker                                    : loaded 2 times (x 73B)
Class org.gradle.api.specs.Spec                                                       : loaded 2 times (x 72B)
Class com.android.tools.analytics.UsageTracker$log$1                                  : loaded 2 times (x 81B)
Class com.google.wireless.android.sdk.stats.LintAction                                : loaded 2 times (x 206B)
Class com.google.wireless.android.sdk.stats.MotionLayoutEditorEvent                   : loaded 2 times (x 197B)
Class com.google.wireless.android.sdk.stats.StudioPerformanceStats                    : loaded 2 times (x 210B)
Class com.google.wireless.android.sdk.stats.EmulatorHost                              : loaded 2 times (x 222B)
Class com.google.wireless.android.sdk.stats.GoogleLoginPluginEventOrBuilder           : loaded 2 times (x 72B)
Class com.google.wireless.android.sdk.stats.LayoutEditorEventOrBuilder                : loaded 2 times (x 72B)
Class com.google.wireless.android.sdk.stats.StartupPerformanceFrameBecameInteractiveEventOrBuilder: loaded 2 times (x 72B)
Class com.android.builder.model.v2.ide.GraphItem                                      : loaded 2 times (x 72B)
Class com.android.build.gradle.internal.signing.SigningConfigDataProvider$Companion   : loaded 2 times (x 73B)
Class com.android.build.gradle.internal.scope.InternalArtifactType$DATA_BINDING_BASE_CLASS_SOURCE_OUT: loaded 2 times (x 76B)
Class org.jetbrains.kotlin.gradle.tasks.GradleCompileTaskProviderKt                   : loaded 2 times (x 73B)
Class com.android.sdklib.repository.generated.addon.v3.ExtraDetailsType               : loaded 2 times (x 87B)
Class com.sun.xml.bind.v2.model.impl.RuntimeBuiltinLeafInfoImpl$22                    : loaded 2 times (x 138B)
Class com.sun.xml.bind.v2.model.nav.ReflectionNavigator$6                             : loaded 2 times (x 83B)
Class com.android.sdklib.BuildToolInfo$PathId                                         : loaded 2 times (x 81B)
Class com.android.build.gradle.internal.dependency.BaseDexingTransform$Parameters     : loaded 2 times (x 72B)
Class com.android.build.gradle.internal.dependency.AarToClassTransform$Inject_1       : loaded 2 times (x 111B)
Class com.android.build.gradle.internal.tasks.CheckJetifierTask                       : loaded 2 times (x 333B)
Class com.android.build.api.variant.LibraryVariant                                    : loaded 2 times (x 72B)
Class com.android.build.gradle.internal.tasks.GlobalSyntheticsMergeTask$CreationAction$handleProvider$1: loaded 2 times (x 133B)
Class com.android.build.gradle.internal.scope.InternalArtifactType$INTERMEDIARY_BUNDLE: loaded 2 times (x 76B)
Class com.google.devtools.ksp.gradle.KspGradleSubplugin$Companion$getKspKotlinOutputDir$1: loaded 2 times (x 76B)
Class org.jetbrains.kotlin.gradle.plugin.mpp.compilationImpl.KotlinCompilationImpl$Params: loaded 2 times (x 74B)
Class com.android.build.gradle.tasks.KotlinTaskCreationAction$registerTask$1          : loaded 2 times (x 77B)
Class org.jetbrains.kotlin.gradle.tasks.configuration.BaseKotlinCompileConfig$Companion: loaded 2 times (x 73B)
Class com.android.build.api.variant.ManifestFiles                                     : loaded 2 times (x 72B)
Class com.android.build.api.variant.ResourcesPackaging                                : loaded 2 times (x 72B)
Class com.android.build.gradle.internal.tasks.creationconfig.ProcessJavaResCreationConfig: loaded 2 times (x 72B)
Class com.android.build.gradle.internal.VariantTaskManager$checkMultidexDependency$1  : loaded 2 times (x 80B)
Class com.google.wireless.android.sdk.stats.VariantPropertiesAccess$1                 : loaded 2 times (x 153B)
Class com.google.wireless.android.sdk.stats.GradleBuildSplits$1                       : loaded 2 times (x 78B)
Class com.android.build.gradle.internal.tasks.factory.TaskConfigAction                : loaded 2 times (x 72B)
Class com.android.build.gradle.internal.dsl.AndroidTestImpl$AgpDecorated_Decorated    : loaded 2 times (x 127B)
Class com.android.build.gradle.internal.ide.v2.NativeModelBuilder$configurationModels$2: loaded 2 times (x 81B)
Class com.android.build.api.artifact.impl.ScopedArtifactsImpl                         : loaded 2 times (x 77B)
Class com.android.build.api.artifact.impl.ArtifactsImpl                               : loaded 2 times (x 85B)
Class com.android.build.gradle.internal.core.ToolExecutionOptions                     : loaded 2 times (x 74B)
Class com.android.build.gradle.LintLifecycleExtensionImpl                             : loaded 2 times (x 82B)
Class com.android.build.gradle.internal.api.artifact.SourceArtifactType$JNI_LIBS      : loaded 2 times (x 76B)
Class com.android.build.gradle.internal.dsl.CoreShaderOptions                         : loaded 2 times (x 72B)
Class com.android.build.gradle.internal.dsl.decorator.SupportedPropertyType$Var$Custom: loaded 2 times (x 76B)
Class com.android.build.gradle.internal.dsl.AgpDslLockedException                     : loaded 2 times (x 84B)
Class com.android.build.gradle.internal.plugins.BasePlugin$variantInputModel$2$1      : loaded 2 times (x 81B)
Class org.jetbrains.kotlin.gradle.targets.native.toolchain.KotlinNativeBundleBuildService$Companion$registerIfAbsent$2$1: loaded 2 times (x 81B)
Class org.jetbrains.kotlin.build.report.metrics.IC_ANALYZE_CHANGES_IN_JAVA_SOURCES    : loaded 2 times (x 74B)
Class org.jetbrains.kotlin.gradle.plugin.internal.MavenPublicationComponentAccessor$Factory: loaded 2 times (x 72B)
Class com.android.build.gradle.internal.services.Aapt2DaemonBuildService              : loaded 2 times (x 82B)
Class com.android.build.gradle.internal.ide.v2.GlobalSyncService                      : loaded 2 times (x 82B)
Class [Lcom.google.protobuf.ProtocolMessageEnum;                                      : loaded 2 times (x 71B)
Class com.google.protobuf.LazyStringArrayList                                         : loaded 2 times (x 316B)
Class kotlinx.coroutines.flow.StateFlowImpl                                           : loaded 2 times (x 105B)
Class com.android.build.gradle.internal.scope.ProjectInfo                             : loaded 2 times (x 74B)
Class com.google.wireless.android.sdk.stats.SetupWizardEventOrBuilder                 : loaded 2 times (x 72B)
Class com.google.wireless.android.sdk.stats.EssentialsModeEvent                       : loaded 2 times (x 197B)
Class com.android.build.api.variant.HasAndroidResources                               : loaded 2 times (x 72B)
Class com.android.build.gradle.internal.component.VariantCreationConfig               : loaded 2 times (x 72B)
Class com.android.build.api.variant.VariantBuilder                                    : loaded 2 times (x 72B)
Class com.android.build.gradle.internal.dsl.InternalApplicationExtension              : loaded 2 times (x 72B)
Class jdk.internal.jimage.ImageReader$SharedImageReader$LocationVisitor               : loaded 2 times (x 72B)
Class com.amazon.ion.impl.lite.IonSexpLite                                            : loaded 2 times (x 492B)
Class com.amazon.ion.impl.lite.IonListLite                                            : loaded 2 times (x 492B)
Class com.amazon.ion.IonFloat                                                         : loaded 2 times (x 72B)
Class io.opentelemetry.context.ThreadLocalContextStorage$ScopeImpl                    : loaded 2 times (x 81B)
Class com.google.wireless.android.sdk.stats.StartupPerformanceFirstUiShownEvent       : loaded 2 times (x 199B)
Class com.google.wireless.android.sdk.stats.UpgradeAndroidStudioDialogStats           : loaded 2 times (x 197B)
Class com.google.wireless.android.sdk.stats.AndroidProfilerEvent                      : loaded 2 times (x 286B)
Class com.google.wireless.android.sdk.stats.GeminiAdvertiserEventOrBuilder            : loaded 2 times (x 72B)
Class com.google.wireless.android.sdk.stats.DesignEditorHelpPanelEventOrBuilder       : loaded 2 times (x 72B)
Class com.android.build.gradle.internal.scope.ArtifactTypeUtil$getDirectories$1       : loaded 2 times (x 77B)
Class com.android.build.gradle.internal.ide.v2.BuildTypeImpl                          : loaded 2 times (x 104B)
Class com.android.build.gradle.internal.res.LinkApplicationAndroidResourcesTask$BaseCreationAction$configure$1: loaded 2 times (x 76B)
Class org.jetbrains.kotlin.gradle.tasks.configuration.AbstractKotlinCompileConfig$1$1 : loaded 2 times (x 76B)
Class org.jetbrains.kotlin.gradle.tasks.KotlinCompile$kotlinOptions$1                 : loaded 2 times (x 81B)
Class com.sun.xml.bind.v2.model.nav.ParameterizedTypeImpl                             : loaded 2 times (x 87B)
Class com.sun.xml.bind.v2.runtime.reflect.Accessor$GetterSetterReflection             : loaded 2 times (x 87B)
Class com.sun.xml.bind.v2.model.impl.RuntimeBuiltinLeafInfoImpl$23                    : loaded 2 times (x 138B)
Class javax.activation.DataHandler                                                    : loaded 2 times (x 94B)
Class com.sun.xml.bind.v2.model.runtime.RuntimeTypeInfoSet                            : loaded 2 times (x 72B)
Class com.sun.xml.bind.v2.model.impl.TypeInfoSetImpl                                  : loaded 2 times (x 113B)
Class javax.xml.bind.JAXBException                                                    : loaded 2 times (x 87B)
Class com.android.repository.api.RepoPackage                                          : loaded 2 times (x 72B)
Class com.android.build.gradle.internal.ide.v2.VersionImpl                            : loaded 2 times (x 79B)
Class com.android.tools.analytics.AnonymousUsageTrackerWriter                         : loaded 2 times (x 85B)
Class com.google.wireless.android.sdk.stats.DirectAccessUsageEvent                    : loaded 2 times (x 226B)
Class com.google.wireless.android.sdk.stats.AndroidStudioEvent$EventCategory$1        : loaded 2 times (x 78B)
Class com.android.build.gradle.internal.dependency.CollectClassesTransform$Inject_1   : loaded 2 times (x 111B)
Class com.android.build.gradle.internal.dependency.PlatformAttrTransform$Inject_1     : loaded 2 times (x 111B)
Class [Lcom.android.build.gradle.internal.SdkLibDataFactory$Environment$SystemProperty;: loaded 2 times (x 71B)
Class com.android.build.gradle.tasks.AnalyzeDependenciesTask$CreationAction$handleProvider$1: loaded 2 times (x 133B)
Class com.android.build.gradle.internal.testing.utp.UtpTestUtilsKt                    : loaded 2 times (x 73B)
Class com.android.build.gradle.internal.test.TestDataImpl$libraryType$1               : loaded 2 times (x 81B)
Class org.jetbrains.kotlin.tooling.core.ExtrasLazyProperty                            : loaded 2 times (x 72B)
Class org.jetbrains.kotlin.gradle.utils.StringUtilsKt                                 : loaded 2 times (x 73B)
Class com.android.build.api.variant.impl.ManifestFilesImpl$addSource$1                : loaded 2 times (x 77B)
Class com.android.build.gradle.internal.VariantTaskManager$checkMultidexDependency$2  : loaded 2 times (x 80B)
Class com.android.build.gradle.internal.HostTestTaskManager                           : loaded 2 times (x 84B)
Class com.android.build.api.variant.impl.AndroidResourcesImplKt                       : loaded 2 times (x 73B)
Class com.android.build.gradle.internal.core.dsl.impl.InstrumentedTestDslInfoImpl$functionalTest$2: loaded 2 times (x 76B)
Class com.android.build.VariantOutput$FilterType                                      : loaded 2 times (x 81B)
Class com.android.build.gradle.internal.variant.VariantPathHelper$apkLocation$2       : loaded 2 times (x 81B)
Class com.android.build.api.attributes.BuildTypeAttr$ImplFactory                      : loaded 2 times (x 77B)
Class com.android.build.api.variant.AndroidResourcesBuilder                           : loaded 2 times (x 72B)
Class com.google.wireless.android.sdk.stats.GradleBuildSplits$2                       : loaded 2 times (x 78B)
Class com.google.devtools.ksp.gradle.KspConfigurations$Companion                      : loaded 2 times (x 73B)
Class com.android.build.gradle.api.AndroidBasePlugin                                  : loaded 2 times (x 76B)
Class com.android.build.gradle.internal.plugins.AppPlugin$ApplicationAndroidComponentsExtensionImplCompat_Decorated: loaded 2 times (x 163B)
Class com.android.build.gradle.internal.dsl.AbiSplitOptions$AgpDecorated              : loaded 2 times (x 100B)
Class com.android.build.api.artifact.Artifact$Category                                : loaded 2 times (x 81B)
Class com.android.build.gradle.internal.dsl.FusedLibraryExtensionImpl                 : loaded 2 times (x 106B)
Class com.android.build.gradle.internal.dsl.BundleOptionsAiModelVersion               : loaded 2 times (x 83B)
Class com.android.build.api.dsl.Publishing                                            : loaded 2 times (x 72B)
Class com.android.build.api.dsl.TargetSdkVersion                                      : loaded 2 times (x 72B)
Class org.jetbrains.kotlin.gradle.utils.CompletableFuture                             : loaded 2 times (x 72B)
Class org.gradle.tooling.internal.adapter.TargetTypeProvider                          : loaded 2 times (x 72B)
Class org.jetbrains.kotlin.gradle.plugin.internal.JavaExecTaskParametersCompatibility : loaded 2 times (x 72B)
Class com.android.build.gradle.internal.BuildFeaturesUtils                            : loaded 2 times (x 73B)
Class [Lcom.android.build.gradle.internal.profile.AnalyticsConfiguratorService$State; : loaded 2 times (x 71B)
Class kotlin.ranges.IntProgression$Companion                                          : loaded 2 times (x 73B)
Class com.google.protobuf.UninitializedMessageException                               : loaded 2 times (x 86B)
Class com.android.builder.errors.IssueReporter$Type                                   : loaded 2 times (x 81B)
Class org.gradle.accessors.dm.LibrariesForLibs$MaterialLibraryAccessors               : loaded 2 times (x 79B)
Class com.amazon.ion.impl.LocalSymbolTable$Factory                                    : loaded 2 times (x 79B)
Class com.amazon.ion.impl.bin.IonManagedBinaryWriter$ImportedSymbolResolverMode       : loaded 2 times (x 82B)
Class com.intellij.gradle.toolingExtension.impl.model.buildScriptClasspathModel.GradleBuildScriptClasspathSerializationService: loaded 2 times (x 79B)
Class Build_gradle$1                                                                  : loaded 2 times (x 76B)
Class com.google.wireless.android.sdk.stats.LogcatUsageEvent                          : loaded 2 times (x 212B)
Class com.google.wireless.android.sdk.stats.BackupUsageEvent                          : loaded 2 times (x 203B)
Class com.google.wireless.android.sdk.stats.SurveyResponse                            : loaded 2 times (x 201B)
Class com.google.wireless.android.sdk.stats.OomDialogEventOrBuilder                   : loaded 2 times (x 72B)
Class org.jetbrains.kotlin.gradle.internal.config.LanguageVersion$Companion           : loaded 2 times (x 73B)
Class com.android.build.gradle.internal.ide.dependencies.FullDependencyGraphBuilder$handleDependency$variantDependencies$2: loaded 2 times (x 81B)
Class com.android.build.gradle.internal.ide.v2.ProjectGraphImpl                       : loaded 2 times (x 78B)
Class com.android.build.gradle.internal.cxx.logging.LoggingEnvironmentKt              : loaded 2 times (x 73B)
Class com.android.build.gradle.internal.ide.v2.ProductFlavorImpl                      : loaded 2 times (x 113B)
Class org.jetbrains.kotlin.gradle.tasks.configuration.AbstractKotlinCompileConfig$getClasspathSnapshotDir$1: loaded 2 times (x 76B)
Class org.jetbrains.kotlin.gradle.tasks.configuration.AbstractKotlinCompileConfig$1$2 : loaded 2 times (x 76B)
Class com.sun.xml.bind.v2.runtime.reflect.Lister                                      : loaded 2 times (x 78B)
Class com.sun.xml.bind.v2.model.core.NonElementRef                                    : loaded 2 times (x 72B)
Class com.sun.xml.bind.v2.model.impl.RegistryInfoImpl                                 : loaded 2 times (x 82B)
Class com.sun.xml.bind.v2.model.annotation.XmlAttributeQuick                          : loaded 2 times (x 95B)
Class com.sun.xml.bind.v2.model.impl.RuntimeBuiltinLeafInfoImpl$24                    : loaded 2 times (x 139B)
Class com.sun.xml.bind.Util                                                           : loaded 2 times (x 73B)
Class com.android.sdklib.repository.generated.common.v3.ObjectFactory                 : loaded 2 times (x 77B)
Class com.android.sdklib.repository.generated.addon.v4.ObjectFactory                  : loaded 2 times (x 82B)
Class com.android.repository.api.SchemaModule                                         : loaded 2 times (x 78B)
Class [Lcom.android.sdklib.BuildToolInfo$PathId;                                      : loaded 2 times (x 71B)
Class org.jetbrains.plugins.gradle.model.GradleExtensions                             : loaded 2 times (x 72B)
Class com.google.wireless.android.sdk.stats.GradlePluginData$Builder                  : loaded 2 times (x 301B)
Class com.android.build.gradle.internal.api.TestVariantImpl_Decorated                 : loaded 2 times (x 308B)
Class com.android.build.gradle.internal.dependency.EnumerateClassesTransform          : loaded 2 times (x 80B)
Class com.android.build.gradle.internal.tasks.TestPreBuildTask$CreationAction         : loaded 2 times (x 93B)
Class org.jetbrains.kotlin.gradle.internal.transforms.ClasspathEntrySnapshotTransform : loaded 2 times (x 84B)
Class com.android.build.api.component.impl.DefaultSourcesProviderImpl$getJniLibs$1    : loaded 2 times (x 133B)
Class com.android.build.gradle.internal.publishing.ArtifactCategory                   : loaded 2 times (x 81B)
Class com.android.build.api.component.analytics.AnalyticsEnabledArtifacts             : loaded 2 times (x 94B)
Class com.google.wireless.android.sdk.stats.AsmClassesTransformRegistration$1         : loaded 2 times (x 153B)
Class com.android.build.api.component.analytics.AnalyticsEnabledAndroidTest_Decorated : loaded 2 times (x 239B)
Class com.android.build.gradle.internal.core.dsl.impl.AndroidTestComponentDslInfoImpl$dexingDslInfo$2: loaded 2 times (x 81B)
Class com.android.build.api.variant.TestSuite                                         : loaded 2 times (x 72B)
Class com.android.build.api.variant.ApplicationAndroidResources                       : loaded 2 times (x 72B)
Class com.google.wireless.android.sdk.stats.GradleBuildVariant$1                      : loaded 2 times (x 153B)
Class com.android.build.api.variant.impl.ApplicationVariantBuilderImpl$deviceTests$1  : loaded 2 times (x 81B)
Class com.google.wireless.android.sdk.stats.GradleBuildSplits$3                       : loaded 2 times (x 153B)
Class org.jetbrains.plugins.gradle.model.AnnotationProcessingModel                    : loaded 2 times (x 72B)
Class com.android.build.gradle.internal.plugins.BasePlugin$createTasks$2$1            : loaded 2 times (x 77B)
Class dagger.hilt.android.plugin.transform.CopyTransform$Inject_1                     : loaded 2 times (x 111B)
Class com.android.build.api.extension.impl.OperationsRegistrar$Operation              : loaded 2 times (x 74B)
Class com.android.build.gradle.internal.ide.v2.NativeModelBuilder                     : loaded 2 times (x 88B)
Class com.android.build.gradle.internal.dsl.TestOptions$UnitTestOptions               : loaded 2 times (x 86B)
Class com.android.build.api.dsl.MultiDexConfig                                        : loaded 2 times (x 72B)
Class com.android.build.gradle.internal.dsl.AbiSplitOptions                           : loaded 2 times (x 97B)
Class com.android.build.gradle.api.BaseVariant                                        : loaded 2 times (x 72B)
Class org.jetbrains.kotlin.gradle.plugin.AndroidProjectHandler                        : loaded 2 times (x 74B)
Class org.jetbrains.kotlin.build.report.metrics.KlibSizeMetric                        : loaded 2 times (x 74B)
Class org.jetbrains.kotlin.gradle.plugin.diagnostics.CompilerDiagnosticsProblemsReporter: loaded 2 times (x 72B)
Class org.jetbrains.kotlin.gradle.plugin.KotlinTarget                                 : loaded 2 times (x 72B)
Class com.android.build.gradle.internal.services.BuiltInKotlinServicesKt              : loaded 2 times (x 73B)
Class com.google.protobuf.Descriptors$ServiceDescriptor                               : loaded 2 times (x 78B)
Class com.google.protobuf.GeneratedMessageV3$1                                        : loaded 2 times (x 80B)
Class com.google.wireless.android.sdk.stats.GradleBuildProject$1                      : loaded 2 times (x 78B)
Class com.android.build.gradle.internal.profile.AnalyticsConfiguratorService$Params   : loaded 2 times (x 72B)
Class io.opentelemetry.context.ContextStorageProvider                                 : loaded 2 times (x 72B)
Class com.android.build.gradle.internal.lint.LintFromMaven                            : loaded 2 times (x 74B)
Class com.amazon.ion.system.IonBinaryWriterBuilder                                    : loaded 2 times (x 101B)
Class jdk.internal.jimage.decompressor.ResourceDecompressorRepository                 : loaded 2 times (x 73B)
Class com.amazon.ion.impl.LocalSymbolTableAsStruct                                    : loaded 2 times (x 134B)
Class com.amazon.ion.impl.lite.IonTimestampLite                                       : loaded 2 times (x 195B)
Class org.jetbrains.plugins.gradle.model.FileCollectionDependency                     : loaded 2 times (x 72B)
Class io.opentelemetry.api.trace.SpanBuilder                                          : loaded 2 times (x 72B)
Class io.opentelemetry.api.DefaultOpenTelemetry                                       : loaded 2 times (x 91B)
Class com.intellij.gradle.toolingExtension.impl.model.utilDummyModel.DummyModel       : loaded 2 times (x 72B)
Class kotlin.text.StringsKt__RegexExtensionsKt                                        : loaded 2 times (x 73B)
Class kotlin.collections.EmptyIterator                                                : loaded 2 times (x 91B)
Class org.gradle.internal.time.Clock                                                  : loaded 2 times (x 72B)
Class org.gradle.tooling.model.BuildModel                                             : loaded 2 times (x 72B)
Class com.google.wireless.android.sdk.stats.LintTooltipLinkEvent                      : loaded 2 times (x 201B)
Class com.google.wireless.android.sdk.stats.StopEvent                                 : loaded 2 times (x 208B)
Class com.google.wireless.android.sdk.stats.WindowsDefenderStatus                     : loaded 2 times (x 199B)
Class com.google.wireless.android.sdk.stats.MultiViewEventOrBuilder                   : loaded 2 times (x 72B)
Class com.google.wireless.android.sdk.stats.IntelliJNewUIStateOrBuilder               : loaded 2 times (x 72B)
Class com.google.wireless.android.sdk.stats.LldbSessionStartDetailsOrBuilder          : loaded 2 times (x 72B)
Class com.android.build.gradle.internal.ide.v2.AaptOptionsImpl$Companion              : loaded 2 times (x 73B)
Class com.amazon.ion.impl.bin.IonManagedBinaryWriter$UserState$4                      : loaded 2 times (x 87B)
Class com.android.build.gradle.internal.ide.v2.AndroidProjectImpl$Companion           : loaded 2 times (x 73B)
Class com.android.build.gradle.internal.dependency.MockableJarTransform$Parameters$Inject_: loaded 2 times (x 112B)
Class com.google.devtools.ksp.gradle.KspAATask$Companion$registerKspAATask$kspTaskProvider$1$2$oldJvmDefaultMode$1: loaded 2 times (x 76B)
Class com.android.build.gradle.internal.ide.v2.ApiVersionImpl$Companion               : loaded 2 times (x 73B)
Class org.jetbrains.plugins.gradle.model.UnresolvedExternalDependency                 : loaded 2 times (x 72B)
Class [Lorg.jetbrains.kotlin.build.report.metrics.BuildAttributeKind;                 : loaded 2 times (x 71B)
Class org.jetbrains.kotlin.gradle.tasks.K2MultiplatformStructure                      : loaded 2 times (x 76B)
Class com.android.sdklib.repository.targets.OptionalLibraryImpl                       : loaded 2 times (x 86B)
Class org.gradle.accessors.dm.LibrariesForLibs$HiltAndroidLibraryAccessors            : loaded 2 times (x 85B)
Class com.sun.xml.bind.v2.runtime.unmarshaller.DefaultIDResolver$1                    : loaded 2 times (x 78B)
Class com.sun.xml.bind.v2.runtime.reflect.Accessor$FieldReflection                    : loaded 2 times (x 87B)
Class com.sun.xml.bind.v2.model.runtime.RuntimeNonElementRef                          : loaded 2 times (x 72B)
Class com.sun.xml.bind.v2.runtime.unmarshaller.Base64Data                             : loaded 2 times (x 93B)
Class com.google.protobuf.DescriptorProtos$MessageOptionsOrBuilder                    : loaded 2 times (x 72B)
Class com.android.build.gradle.internal.scope.InternalArtifactType$COMPILED_LOCAL_RESOURCES: loaded 2 times (x 76B)
Class com.android.build.gradle.internal.SdkLibDataFactory$Environment                 : loaded 2 times (x 74B)
Class com.android.build.gradle.internal.test.TestDataImpl                             : loaded 2 times (x 111B)
Class com.android.build.gradle.internal.tasks.BundleIdeModelProducerTask              : loaded 2 times (x 338B)
Class org.jetbrains.kotlin.gradle.plugin.mpp.compilationImpl.KotlinCompilationSourceSetsContainer: loaded 2 times (x 72B)
Class org.jetbrains.kotlin.gradle.plugin.diagnostics.KotlinToolingDiagnosticsCollector$Parameter: loaded 2 times (x 72B)
Class org.jetbrains.kotlin.gradle.plugin.diagnostics.KotlinToolingDiagnosticsCollectorKt$kotlinToolingDiagnosticsCollectorProvider$1: loaded 2 times (x 77B)
Class org.jetbrains.kotlin.compilerRunner.CompilerSystemPropertiesService$Parameters  : loaded 2 times (x 72B)
Class com.android.build.api.artifact.ScopedArtifact                                   : loaded 2 times (x 76B)
Class com.android.build.api.variant.ApplicationAndroidResourcesBuilder                : loaded 2 times (x 72B)
Class com.android.build.gradle.internal.core.dsl.impl.DslInfoBuilder$computeNames$1   : loaded 2 times (x 81B)
Class com.android.build.gradle.internal.ide.v2.ModelBuilder                           : loaded 2 times (x 82B)
Class com.android.build.gradle.internal.services.GlobalServiceRegistrationAction$execute$globalService$1: loaded 2 times (x 77B)
Class com.android.build.gradle.internal.dsl.JniLibsPackagingImpl$AgpDecorated         : loaded 2 times (x 95B)
Class com.android.build.api.artifact.ArtifactKind$FILE                                : loaded 2 times (x 74B)
Class com.android.build.gradle.internal.dsl.AnnotationProcessorOptions                : loaded 2 times (x 104B)
Class com.android.build.gradle.internal.dsl.AarMetadataImpl                           : loaded 2 times (x 95B)
Class com.android.build.gradle.internal.dsl.decorator.SupportedPropertyType$Var$Boolean: loaded 2 times (x 76B)
Class com.android.build.gradle.internal.dsl.VariantDimensionBinaryCompatibilityFix    : loaded 2 times (x 72B)
Class org.jetbrains.kotlin.gradle.plugin.abi.internal.AbiValidationExtensionImpl_Decorated: loaded 2 times (x 158B)
Class org.jetbrains.kotlin.gradle.plugin.ProjectLocalConfigurations                   : loaded 2 times (x 73B)
Class org.jetbrains.kotlin.gradle.plugin.mpp.KotlinUsages$KotlinUsagesDisambiguation  : loaded 2 times (x 78B)
Class com.android.build.gradle.options.FeatureStage$Enforced                          : loaded 2 times (x 74B)
Class org.jetbrains.kotlin.tooling.core.Extras$Key$Companion                          : loaded 2 times (x 73B)
Class org.jetbrains.kotlin.tooling.core.Extras$Key                                    : loaded 2 times (x 74B)
Class com.android.build.gradle.internal.utils.GradleEnvironmentProviderImpl           : loaded 2 times (x 78B)
Class com.google.protobuf.Descriptors$DescriptorPool                                  : loaded 2 times (x 74B)
Class com.google.wireless.android.sdk.stats.GradleBuildProject$2                      : loaded 2 times (x 153B)
Class com.google.protobuf.Internal$LongList                                           : loaded 2 times (x 72B)
Class com.google.gson.internal.$Gson$Types                                            : loaded 2 times (x 73B)
Class com.google.gson.JsonDeserializer                                                : loaded 2 times (x 72B)
Class com.android.build.gradle.internal.res.Aapt2FromMaven                            : loaded 2 times (x 74B)
Class com.android.build.gradle.internal.res.Aapt2FromMaven$Companion                  : loaded 2 times (x 73B)
Class com.android.build.gradle.options.OptionalBooleanOption                          : loaded 2 times (x 87B)
Class com.android.build.gradle.internal.plugins.BasePlugin$variantInputModel$2        : loaded 2 times (x 81B)
Class com.android.build.gradle.internal.variant.ApplicationVariantFactory             : loaded 2 times (x 108B)
Class com.android.build.gradle.internal.dsl.DeclarativeApplicationExtensionImpl       : loaded 2 times (x 395B)
Class jdk.internal.jimage.ImageReader$Directory                                       : loaded 2 times (x 86B)
Class org.gradle.accessors.dm.LibrariesForLibsInPluginsBlock$VoyagerLibraryAccessors  : loaded 2 times (x 79B)
Class org.gradle.accessors.dm.LibrariesForLibsInPluginsBlock                          : loaded 2 times (x 91B)
Class com.amazon.ion.IonString                                                        : loaded 2 times (x 72B)
Class io.opentelemetry.context.propagation.TextMapPropagator                          : loaded 2 times (x 72B)
Class org.jetbrains.plugins.gradle.model.GradleSourceSetDependencyModel               : loaded 2 times (x 72B)
Class kotlin.io.FilePathComponents                                                    : loaded 2 times (x 74B)
Class com.google.common.collect.CompoundOrdering                                      : loaded 2 times (x 117B)
Class kotlin.sequences.SequencesKt__SequencesJVMKt                                    : loaded 2 times (x 73B)
Class kotlin.coroutines.jvm.internal.RestrictedSuspendLambda                          : loaded 2 times (x 93B)
Class org.gradle.tooling.internal.adapter.TypeInspector                               : loaded 2 times (x 75B)
Class org.gradle.tooling.internal.adapter.ProtocolToModelAdapter$NoOpDecoration       : loaded 2 times (x 81B)
Class org.gradle.tooling.model.Element                                                : loaded 2 times (x 72B)
Class kotlin.collections.AbstractList                                                 : loaded 2 times (x 199B)
Class kotlin.collections.AbstractCollection                                           : loaded 2 times (x 119B)
Class com.google.wireless.android.sdk.stats.UiDeviceSettingsEvent                     : loaded 2 times (x 197B)
Class com.google.wireless.android.sdk.stats.DialogStatsOrBuilder                      : loaded 2 times (x 72B)
Class com.google.wireless.android.sdk.stats.StudioCoreGeminiActionsEventOrBuilder     : loaded 2 times (x 72B)
Class com.android.build.gradle.internal.ide.v2.DependenciesInfoImpl                   : loaded 2 times (x 77B)
Class com.android.build.gradle.internal.ide.v2.AndroidGradlePluginProjectFlagsImpl$Companion: loaded 2 times (x 73B)
Class com.android.build.gradle.internal.tasks.factory.BootClasspathConfigImpl$mockableJarArtifact$2$1: loaded 2 times (x 77B)
Class com.android.build.gradle.internal.ide.v2.BasicVariantImpl                       : loaded 2 times (x 86B)
Class [Lcom.sun.xml.bind.v2.runtime.property.StructureLoaderBuilder;                  : loaded 2 times (x 71B)
Class com.sun.xml.bind.v2.model.impl.RuntimeBuiltinLeafInfoImpl$26                    : loaded 2 times (x 138B)
Class com.sun.xml.bind.v2.model.impl.RuntimeBuiltinLeafInfoImpl$10$1                  : loaded 2 times (x 358B)
Class com.sun.xml.bind.v2.model.core.TypeInfo                                         : loaded 2 times (x 72B)
Class com.sun.xml.bind.v2.runtime.BinderImpl                                          : loaded 2 times (x 88B)
Class com.android.sdklib.repository.generated.common.v3.LibraryType                   : loaded 2 times (x 92B)
Class com.android.build.gradle.internal.PlatformComponents                            : loaded 2 times (x 74B)
Class com.android.build.gradle.internal.profile.TaskProfilingRecord                   : loaded 2 times (x 77B)
Class com.android.build.gradle.internal.scope.InternalArtifactType$TEST_FIXTURES_LINT_PARTIAL_RESULTS: loaded 2 times (x 76B)
Class com.android.build.gradle.internal.utils.D8BackportedMethodsGenerator            : loaded 2 times (x 80B)
Class com.android.build.gradle.internal.cxx.logging.IssueReporterLoggingEnvironmentKt : loaded 2 times (x 73B)
Class com.android.build.gradle.tasks.ProcessTestManifestPackaging$CreationAction$handleProvider$1: loaded 2 times (x 133B)
Class com.android.build.gradle.internal.AndroidTestTaskManager$createVariantPreBuildTask$1: loaded 2 times (x 76B)
Class com.android.build.gradle.internal.scope.InternalArtifactType$D8_METADATA        : loaded 2 times (x 76B)
Class com.android.build.gradle.internal.tasks.OptimizeResourcesTask                   : loaded 2 times (x 342B)
Class com.android.build.gradle.internal.tasks.BundleToApkTask$CreationAction$handleProvider$1: loaded 2 times (x 133B)
Class com.android.build.gradle.internal.tasks.FinalizeBundleTask                      : loaded 2 times (x 338B)
Class com.android.build.gradle.internal.dependency.ShrinkerVersion$Companion$R8$2     : loaded 2 times (x 80B)
Class org.jetbrains.kotlin.gradle.plugin.sources.DefaultKotlinSourceSetKt             : loaded 2 times (x 73B)
Class org.jetbrains.kotlin.gradle.dsl.KotlinJvmOptions                                : loaded 2 times (x 72B)
Class com.android.build.gradle.internal.scope.InternalArtifactType$STABLE_RESOURCE_IDS_FILE: loaded 2 times (x 76B)
Class com.android.build.api.component.impl.features.AndroidResourcesCreationConfigImpl: loaded 2 times (x 92B)
Class dagger.hilt.android.plugin.HiltGradlePlugin$configureAggregatingTask$1$1        : loaded 2 times (x 131B)
Class dagger.hilt.android.plugin.HiltGradlePlugin$configureJavaCompileTask$1          : loaded 2 times (x 77B)
Class com.android.build.api.variant.impl.ApplicationVariantImpl$packaging$2           : loaded 2 times (x 81B)
Class com.android.build.api.variant.impl.VariantImpl$buildConfigFields$2              : loaded 2 times (x 81B)
Class com.android.build.api.component.impl.ComponentImpl$builtInKaptSupportMode$2     : loaded 2 times (x 81B)
Class com.android.build.gradle.internal.core.dsl.features.OptimizationDslInfo         : loaded 2 times (x 72B)
Class com.google.wireless.android.sdk.stats.GradleBuildMemorySample$Builder           : loaded 2 times (x 304B)
Class com.android.builder.core.DefaultApiVersion                                      : loaded 2 times (x 79B)
Class com.android.build.gradle.internal.core.dsl.impl.ApplicationVariantDslInfoImpl$versionName$2: loaded 2 times (x 81B)
Class com.android.build.gradle.internal.core.dsl.impl.ComponentDslInfoImpl$1          : loaded 2 times (x 80B)
Class com.android.build.gradle.internal.utils.SdkUtilsKt                              : loaded 2 times (x 73B)
Class com.android.build.gradle.internal.lint.AndroidLintGlobalTask$GlobalCreationAction: loaded 2 times (x 93B)
Class com.android.build.gradle.internal.api.VariantFilter                             : loaded 2 times (x 82B)
Class com.android.build.gradle.internal.dsl.BundleOptionsTexture$AgpDecorated         : loaded 2 times (x 87B)
Class com.android.build.api.dsl.ManagedVirtualDevice                                  : loaded 2 times (x 72B)
Class com.android.build.gradle.internal.dsl.TestFixturesImpl_Decorated                : loaded 2 times (x 129B)
Class com.android.build.api.dsl.SdkComponents                                         : loaded 2 times (x 72B)
Class com.android.build.gradle.internal.coverage.JacocoOptions                        : loaded 2 times (x 87B)
Class com.android.build.api.artifact.ArtifactKind$DIRECTORY                           : loaded 2 times (x 74B)
Class com.android.build.gradle.internal.dsl.AarMetadataImpl$compileSdkDelegate$1      : loaded 2 times (x 81B)
Class com.android.tools.analytics.HostData$threadBean$2                               : loaded 2 times (x 80B)
Class com.android.build.api.dsl.TestOptions                                           : loaded 2 times (x 72B)
Class com.android.build.api.dsl.AbiSplit                                              : loaded 2 times (x 72B)
Class com.android.build.api.dsl.LibraryVariantDimension                               : loaded 2 times (x 72B)
Class org.jetbrains.kotlin.gradle.plugin.mpp.HierarchyAttributeContainer$1            : loaded 2 times (x 80B)
Class org.jetbrains.kotlin.gradle.dsl.ToolchainSupport                                : loaded 2 times (x 72B)
Class com.android.build.gradle.internal.profile.AnalyticsConfiguratorService$createAnalyticsService$1: loaded 2 times (x 77B)
Class org.jetbrains.kotlin.gradle.plugin.KotlinJsPluginWrapper                        : loaded 2 times (x 88B)
Class org.jetbrains.kotlin.gradle.plugin.mpp.InternalKotlinTarget                     : loaded 2 times (x 72B)
Class com.android.build.gradle.internal.services.FakeDependencyJarBuildService$RegistrationAction: loaded 2 times (x 76B)
Class com.android.utils.EnvironmentProvider                                           : loaded 2 times (x 72B)
Class com.google.protobuf.DescriptorProtos$EnumDescriptorProtoOrBuilder               : loaded 2 times (x 72B)
Class [Lcom.google.wireless.android.sdk.stats.GradleBuildProject$PluginType;          : loaded 2 times (x 71B)
Class com.google.protobuf.DescriptorProtos$ServiceDescriptorProto                     : loaded 2 times (x 206B)
Class com.google.common.util.concurrent.AbstractFuture$SynchronizedHelper             : loaded 2 times (x 80B)
Class com.google.protobuf.InvalidProtocolBufferException                              : loaded 2 times (x 89B)
Class com.google.common.collect.EnumHashBiMap                                         : loaded 2 times (x 161B)
Class com.amazon.ion.BufferConfiguration                                              : loaded 2 times (x 74B)
Class com.amazon.ion.system.SimpleCatalog                                             : loaded 2 times (x 93B)
Class io.opentelemetry.context.ArrayBasedContext                                      : loaded 2 times (x 102B)
Class com.intellij.gradle.toolingExtension.impl.model.taskModel.GradleTaskSerialisationService: loaded 2 times (x 78B)
Class com.android.ide.gradle.model.LegacyV1AgpVersionModel                            : loaded 2 times (x 72B)
Class kotlin.text.StringsKt__StringBuilderJVMKt                                       : loaded 2 times (x 73B)
Class com.google.common.collect.ImmutableRangeSet$Builder                             : loaded 2 times (x 79B)
Class kotlin.text.Regex                                                               : loaded 2 times (x 74B)
Class kotlin.sequences.SequencesKt__SequenceBuilderKt$sequence$$inlined$Sequence$1    : loaded 2 times (x 77B)
Class kotlin.Triple                                                                   : loaded 2 times (x 74B)
Class com.google.wireless.android.sdk.stats.NextEditPredictionEvent                   : loaded 2 times (x 217B)
Class com.google.wireless.android.sdk.stats.TestRecorderDetailsOrBuilder              : loaded 2 times (x 72B)
Class com.google.wireless.android.sdk.stats.StartupPerformanceFirstUiShownEventOrBuilder: loaded 2 times (x 72B)
Class org.jetbrains.kotlin.gradle.tasks.CompilerPluginOptions                         : loaded 2 times (x 74B)
Class com.android.build.gradle.internal.dependency.VariantDependencies$getAdditionalArtifacts$1: loaded 2 times (x 77B)
Class com.google.common.graph.SuccessorsFunction                                      : loaded 2 times (x 72B)
Class com.android.build.gradle.internal.ide.v2.BuildTypeImpl$Companion                : loaded 2 times (x 73B)
Class com.android.build.gradle.internal.api.DefaultAndroidLibrarySourceSet            : loaded 2 times (x 234B)
Class com.google.protobuf.WireFormat                                                  : loaded 2 times (x 73B)
Class com.sun.xml.bind.v2.runtime.unmarshaller.SAXConnector                           : loaded 2 times (x 103B)
Class com.android.sdklib.repository.generated.common.v3.ApiDetailsType                : loaded 2 times (x 115B)
Class [Lcom.sun.xml.bind.v2.model.annotation.Locatable;                               : loaded 2 times (x 71B)
Class com.sun.xml.bind.v2.model.impl.RuntimeBuiltinLeafInfoImpl$27                    : loaded 2 times (x 138B)
Class com.sun.xml.bind.v2.model.impl.ModelBuilder                                     : loaded 2 times (x 94B)
Class com.android.repository.impl.generated.generic.v1.ObjectFactory                  : loaded 2 times (x 77B)
Class com.android.repository.impl.generated.v1.ChannelRefType                         : loaded 2 times (x 79B)
Class com.android.build.gradle.internal.SdkComponentsBuildService$VersionedSdkLoader$adbExecutableProvider$1: loaded 2 times (x 77B)
Class com.android.build.gradle.internal.tasks.TestPreBuildTask                        : loaded 2 times (x 338B)
Class com.android.build.gradle.internal.tasks.MergeStartupProfileTask$CreationAction$handleProvider$1: loaded 2 times (x 133B)
Class com.android.build.gradle.internal.tasks.featuresplit.FeatureSetMetadataWriterTask$CreationAction$handleProvider$1: loaded 2 times (x 133B)
Class com.android.build.gradle.tasks.PackageApplication$CreationAction$handleProvider$operationRequest$1: loaded 2 times (x 133B)
Class com.android.build.api.variant.impl.SigningConfigImpl$storeFile$1                : loaded 2 times (x 77B)
Class com.android.build.gradle.internal.tasks.DexArchiveBuilderTask$CreationAction$handleProvider$10: loaded 2 times (x 80B)
Class com.android.build.gradle.internal.tasks.factory.features.DexingTaskCreationAction: loaded 2 times (x 72B)
Class org.jetbrains.kotlin.gradle.plugin.hierarchy.KotlinSourceSetTreeClassifier$Property: loaded 2 times (x 74B)
Class org.jetbrains.kotlin.gradle.dsl.KotlinCommonCompilerOptionsHelper               : loaded 2 times (x 73B)
Class com.android.build.gradle.tasks.MergeSourceSetFolders$MergeAssetCreationAction$handleProvider$1: loaded 2 times (x 133B)
Class com.android.build.gradle.internal.scope.InternalArtifactType$COMPILED_NAVIGATION_RES: loaded 2 times (x 76B)
Class dagger.hilt.android.plugin.transform.AndroidEntryPointClassVisitor$Factory_Decorated: loaded 2 times (x 138B)
Class com.android.build.gradle.internal.VariantTaskManager$createTasks$1              : loaded 2 times (x 77B)
Class com.android.build.gradle.internal.tasks.ModuleMetadataWriterTask$CreationAction : loaded 2 times (x 92B)
Class com.android.build.gradle.internal.core.dsl.impl.DslInfoCommonKt$getTestComponentNamespace$2$1: loaded 2 times (x 77B)
Class com.android.build.api.variant.impl.ApplicationVariantImpl$addVariantOutput$1    : loaded 2 times (x 77B)
Class com.android.build.api.variant.impl.VariantImpl$resValues$2                      : loaded 2 times (x 81B)
Class com.android.build.gradle.internal.component.legacy.OldVariantApiLegacySupport   : loaded 2 times (x 72B)
Class com.android.build.gradle.internal.core.dsl.impl.ComponentDslInfoImpl$2          : loaded 2 times (x 80B)
Class com.google.wireless.android.sdk.stats.GradleBuildProject$CompileOptions$1       : loaded 2 times (x 153B)
Class com.android.build.api.variant.ScopedArtifacts$Scope                             : loaded 2 times (x 81B)
Class com.android.build.gradle.internal.dsl.AbiSplitOptions$AgpDecorated_Decorated    : loaded 2 times (x 146B)
Class com.android.build.gradle.internal.CompileOptions$AgpDecorated                   : loaded 2 times (x 99B)
Class com.android.build.gradle.internal.dsl.BundleOptions$AgpDecorated_Decorated      : loaded 2 times (x 196B)
Class com.android.build.gradle.internal.dsl.BuildFeaturesImpl                         : loaded 2 times (x 112B)
Class com.android.build.gradle.internal.dsl.AarMetadataImpl$compileSdkDelegate$2      : loaded 2 times (x 81B)
Class com.android.build.gradle.internal.dsl.ExternalNativeNdkBuildOptions             : loaded 2 times (x 111B)
Class com.android.build.gradle.internal.dsl.CmakeOptions                              : loaded 2 times (x 100B)
Class org.jetbrains.kotlin.gradle.plugin.KotlinBaseApiPlugin$kaptExtension$2          : loaded 2 times (x 81B)
Class com.google.wireless.android.sdk.stats.GradleBuildVariant$VariantType$1          : loaded 2 times (x 78B)
Class org.jetbrains.kotlin.build.report.metrics.RESTORE_OUTPUT_FROM_BACKUP            : loaded 2 times (x 74B)
Class org.jetbrains.kotlin.gradle.internal.properties.PropertiesBuildService$property$1$valueFromGradleAndLocalProperties$1: loaded 2 times (x 77B)
Class org.jetbrains.kotlin.gradle.plugin.KotlinPluginWrapperKt$kotlinToolingVersion$2 : loaded 2 times (x 80B)
Class com.android.build.gradle.internal.errors.OptionInfo                             : loaded 2 times (x 74B)
Class com.android.build.gradle.internal.services.AndroidLocationsBuildService$AndroidDirectoryCreator$Params_Decorated: loaded 2 times (x 134B)
Class com.android.build.gradle.internal.ide.v2.GlobalSyncService$RegistrationAction   : loaded 2 times (x 76B)
Class com.android.build.gradle.internal.ide.dependencies.MavenCoordinatesCacheBuildService$Parameters: loaded 2 times (x 72B)
Class com.google.protobuf.Extension                                                   : loaded 2 times (x 87B)
Class com.google.wireless.android.sdk.stats.GradleBuildProfile                        : loaded 2 times (x 249B)
Class com.google.protobuf.MessageOrBuilder                                            : loaded 2 times (x 72B)
Class org.jetbrains.kotlin.gradle.internal.properties.PropertiesBuildService$IntGradleProperty: loaded 2 times (x 78B)
Class org.gradle.accessors.dm.LibrariesForLibsInPluginsBlock$KotlinxSerializationLibraryAccessors: loaded 2 times (x 79B)
Class org.jetbrains.plugins.gradle.tooling.util.IntObjectMap$1                        : loaded 2 times (x 79B)
Class org.gradle.tooling.model.internal.ImmutableDomainObjectSet                      : loaded 2 times (x 157B)
Class org.gradle.internal.classloader.VisitableURLClassLoader$InstrumentingVisitableURLClassLoader: loaded 2 times (x 124B)
Class org.gradle.kotlin.dsl.AndroidTestImplementationConfigurationAccessorsKt         : loaded 2 times (x 73B)
Class com.google.wireless.android.sdk.stats.AndroidViewShowBuildFilesInModuleEvent    : loaded 2 times (x 197B)
Class com.google.wireless.android.sdk.stats.ComposePreviewLiteModeEvent               : loaded 2 times (x 199B)
Class com.google.wireless.android.sdk.stats.AdbServerState                            : loaded 2 times (x 204B)
Class com.google.wireless.android.sdk.stats.EditorPickerEvent                         : loaded 2 times (x 202B)
Class com.google.wireless.android.sdk.stats.ComposeDeployEventOrBuilder               : loaded 2 times (x 72B)
Class com.google.wireless.android.sdk.stats.WhatsNewAssistantEventOrBuilder           : loaded 2 times (x 72B)
Class com.google.wireless.android.sdk.stats.FirebaseErrorDetailsOrBuilder             : loaded 2 times (x 72B)
Class [Lorg.jetbrains.kotlin.cli.common.arguments.Disables;                           : loaded 2 times (x 71B)
Class com.android.build.gradle.internal.ide.v2.GraphItemImpl                          : loaded 2 times (x 79B)
Class com.google.common.io.Files$FileByteSink                                         : loaded 2 times (x 79B)
Class org.jetbrains.kotlin.build.report.metrics.GRADLE_TASK                           : loaded 2 times (x 74B)
Class org.jetbrains.kotlin.build.report.metrics.SOURCE_LINES_NUMBER                   : loaded 2 times (x 74B)
Class com.android.build.gradle.internal.ide.v2.JavaCompileOptionsImpl$Companion       : loaded 2 times (x 73B)
Class com.android.build.gradle.internal.tasks.ProcessJavaResTaskKt$getProjectJavaRes$2$1: loaded 2 times (x 76B)
Class [Lorg.jetbrains.kotlin.gradle.tasks.KotlinCompilerExecutionStrategy;            : loaded 2 times (x 71B)
Class com.android.build.gradle.internal.res.GenerateLibraryRFileTask_Decorated        : loaded 2 times (x 410B)
Class org.jetbrains.kotlin.gradle.plugin.mpp.KotlinUsages$KotlinMetadataDisambiguation: loaded 2 times (x 78B)
Class com.sun.xml.bind.v2.runtime.unmarshaller.UnmarshallerImpl                       : loaded 2 times (x 141B)
Class com.sun.xml.bind.v2.runtime.property.StructureLoaderBuilder                     : loaded 2 times (x 72B)
Class com.android.sdklib.repository.generated.addon.v1.ExtraDetailsType               : loaded 2 times (x 87B)
Class com.sun.xml.bind.v2.model.impl.RuntimeElementPropertyInfoImpl                   : loaded 2 times (x 141B)
Class com.sun.xml.bind.v2.model.impl.RuntimeBuiltinLeafInfoImpl$28                    : loaded 2 times (x 78B)
Class [Lcom.sun.xml.bind.v2.util.QNameMap$Entry;                                      : loaded 2 times (x 71B)
Class com.sun.xml.bind.unmarshaller.InfosetScanner                                    : loaded 2 times (x 72B)
Class kotlinx.coroutines.flow.SubscribedFlowCollector                                 : loaded 2 times (x 77B)
Class org.jetbrains.kotlin.gradle.plugin.mpp.KotlinAndroidTargetVariantDsl            : loaded 2 times (x 72B)
Class com.google.wireless.android.sdk.stats.AndroidStudioEventOrBuilder               : loaded 2 times (x 72B)
Class [Lcom.android.build.gradle.internal.scope.InternalArtifactType;                 : loaded 2 times (x 71B)
Class com.android.build.gradle.internal.scope.InternalArtifactType$PREFAB_PACKAGE_CONFIGURATION: loaded 2 times (x 76B)
Class com.android.build.gradle.internal.api.TestVariantImpl                           : loaded 2 times (x 264B)
Class com.android.build.gradle.internal.dependency.ExtractProGuardRulesTransform$Parameters_Decorated: loaded 2 times (x 137B)
Class com.android.build.gradle.internal.SdkComponentsBuildService$sdkHandlerDelegate$1: loaded 2 times (x 81B)
Class com.android.tools.utp.gradle.api.UtpDependency                                  : loaded 2 times (x 81B)
Class com.android.build.gradle.tasks.PackageApplication$CreationAction$handleProvider$operationRequest$2: loaded 2 times (x 133B)
Class com.android.build.gradle.internal.tasks.DexArchiveBuilderTask$CreationAction$handleProvider$11: loaded 2 times (x 80B)
Class org.jetbrains.kotlin.compose.compiler.gradle.ComposeCompilerGradleSubplugin$applyToCompilation$allPluginProperties$1$1: loaded 2 times (x 76B)
Class org.jetbrains.kotlin.gradle.utils.ProjectExtensionsKt                           : loaded 2 times (x 73B)
Class org.jetbrains.kotlin.gradle.plugin.hierarchy.KotlinSourceSetTreeClassifier      : loaded 2 times (x 72B)
Class org.jetbrains.kotlin.gradle.plugin.mpp.KotlinNativeTarget                       : loaded 2 times (x 166B)
Class org.jetbrains.kotlin.gradle.plugin.mpp.compilationImpl.KotlinCompilationAssociator: loaded 2 times (x 72B)
Class com.android.build.api.variant.impl.JniLibsApkPackagingImpl                      : loaded 2 times (x 88B)
Class com.android.build.api.variant.DexPackagingOptions                               : loaded 2 times (x 72B)
Class com.android.build.gradle.internal.tasks.CheckAarMetadataTask$CreationAction$handleProvider$1: loaded 2 times (x 133B)
Class com.android.build.api.artifact.SingleArtifact$ASSETS                            : loaded 2 times (x 76B)
Class com.android.build.gradle.internal.dependency.AndroidAttributes                  : loaded 2 times (x 74B)
Class com.android.build.gradle.internal.AndroidTestTaskManager$createTopLevelTasks$1  : loaded 2 times (x 76B)
Class com.android.build.gradle.internal.tasks.CompressAssetsTask$CreationAction       : loaded 2 times (x 92B)
Class com.android.build.gradle.tasks.CompileNavigationXmlTask$CreationAction          : loaded 2 times (x 93B)
Class com.android.build.api.component.impl.DeviceTestImpl$manifestPlaceholdersCreationConfig$2: loaded 2 times (x 81B)
Class com.android.build.gradle.internal.publishing.AndroidArtifacts$ArtifactType      : loaded 2 times (x 81B)
Class com.android.build.api.variant.impl.HasTestFixtures                              : loaded 2 times (x 72B)
Class com.android.build.gradle.internal.core.dsl.impl.ApplicationVariantDslInfoImpl$signingConfigResolver$2: loaded 2 times (x 81B)
Class com.android.build.gradle.internal.core.dsl.impl.DslInfoUtilsKt$computeMergedOptions$1: loaded 2 times (x 81B)
Class org.jetbrains.kotlin.gradle.tasks.FailedCompilationException                    : loaded 2 times (x 84B)
Class org.jetbrains.kotlin.compose.compiler.gradle.internal.ComposeAgpMappingFileKt$configureComposeMappingFile$1$1: loaded 2 times (x 81B)
Class com.android.build.gradle.internal.tasks.ExtractProguardFiles$CreationAction     : loaded 2 times (x 92B)
Class com.android.build.gradle.internal.dsl.AgpExperimentalApiOptInRequiredException  : loaded 2 times (x 84B)
Class com.android.build.gradle.internal.dsl.BundleOptionsAiModelVersion$AgpDecorated_Decorated: loaded 2 times (x 132B)
Class com.android.build.gradle.internal.variant.LegacyVariantInputManager$1           : loaded 2 times (x 77B)
Class com.android.builder.internal.BaseConfigImpl$Companion                           : loaded 2 times (x 73B)
Class [Lcom.android.build.gradle.internal.core.Abi;                                   : loaded 2 times (x 71B)
Class com.android.ide.common.gradle.DEV                                               : loaded 2 times (x 79B)
Class org.jetbrains.kotlin.gradle.plugin.KotlinSourceSetTree$Companion                : loaded 2 times (x 73B)
Class org.jetbrains.kotlin.gradle.plugin.KotlinGradleBuildServices$Parameters         : loaded 2 times (x 72B)
Class com.google.protobuf.DescriptorProtos$UninterpretedOption                        : loaded 2 times (x 214B)
Class org.jetbrains.kotlin.compose.compiler.gradle.ComposeFeatureFlag                 : loaded 2 times (x 72B)
Class com.android.build.gradle.internal.profile.AnalyticsService$RegistrationAction   : loaded 2 times (x 76B)
Class dagger.hilt.android.plugin.HiltExtensionImpl_Decorated                          : loaded 2 times (x 139B)
Class com.android.build.gradle.internal.errors.DeprecationReporter$DeprecationTarget  : loaded 2 times (x 81B)
Class com.android.build.gradle.internal.plugins.BasePlugin$sdkComponentsBuildService$2: loaded 2 times (x 81B)
Class com.android.build.gradle.internal.core.dsl.TestedVariantDslInfo                 : loaded 2 times (x 72B)
Class com.android.build.gradle.internal.variant.AbstractAppVariantFactory             : loaded 2 times (x 108B)
Class [Lcom.amazon.ion.impl.bin.IonRawBinaryWriter$StreamFlushMode;                   : loaded 2 times (x 71B)
Class com.amazon.ion.UnsupportedIonVersionException                                   : loaded 2 times (x 87B)
Class io.opentelemetry.api.trace.SpanId                                               : loaded 2 times (x 73B)
Class kotlin.comparisons.ComparisonsKt__ComparisonsKt                                 : loaded 2 times (x 73B)
Class kotlin.ranges.RangesKt__RangesKt                                                : loaded 2 times (x 73B)
Class kotlin.collections.SetsKt___SetsKt                                              : loaded 2 times (x 73B)
Class kotlin.sequences.SequencesKt__SequencesKt                                       : loaded 2 times (x 73B)
Class kotlin.coroutines.Continuation                                                  : loaded 2 times (x 72B)
Class org.gradle.internal.classloader.VisitableURLClassLoader$Spec                    : loaded 2 times (x 76B)
Class org.gradle.internal.classpath.DefaultClassPath                                  : loaded 2 times (x 92B)
Class com.google.wireless.android.sdk.stats.OptInToMetricsOrBuilder                   : loaded 2 times (x 72B)
Class com.google.wireless.android.sdk.stats.StopEventOrBuilder                        : loaded 2 times (x 72B)
Class com.google.wireless.android.sdk.stats.DeviceInfoOrBuilder                       : loaded 2 times (x 72B)
Class com.google.wireless.android.sdk.stats.GcPauseEventOrBuilder                     : loaded 2 times (x 72B)
Class com.google.wireless.android.sdk.stats.AutoSyncSettingChangeEventOrBuilder       : loaded 2 times (x 72B)
Class com.google.wireless.android.sdk.stats.TestScenarioEventOrBuilder                : loaded 2 times (x 72B)
Class com.google.wireless.android.sdk.stats.GradleVersionCatalogDetectorEventOrBuilder: loaded 2 times (x 72B)
Class com.android.build.gradle.internal.ide.v2.ProjectSyncIssuesImpl$Companion        : loaded 2 times (x 73B)
Class org.jetbrains.kotlin.gradle.plugin.DefaultKotlinBasePlugin$addKotlinCompilerConfiguration$2$1$1: loaded 2 times (x 77B)
Class com.android.build.gradle.internal.ide.v2.LibraryInfoImpl$toKeyComponent$$inlined$sortedBy$1: loaded 2 times (x 91B)
Class com.android.build.gradle.tasks.ExtractDeepLinksTask$BaseCreationAction$configure$1$1: loaded 2 times (x 76B)
Class com.android.build.gradle.internal.cxx.configure.NativeModelBuilderOutcome$Outcome: loaded 2 times (x 89B)
Class com.android.build.gradle.internal.lint.CustomLintCheckUtils                     : loaded 2 times (x 73B)
Class com.android.build.gradle.internal.SdkComponentsKt                               : loaded 2 times (x 73B)
Class com.android.build.gradle.internal.tasks.ProcessJavaResTaskKt$getProjectJavaRes$2$2: loaded 2 times (x 76B)
Class com.android.build.gradle.internal.dsl.MinSdkSpecImpl$AgpDecorated               : loaded 2 times (x 86B)
Class com.sun.xml.bind.api.impl.NameConverter                                         : loaded 2 times (x 72B)
Class com.sun.xml.bind.v2.model.core.NonElement                                       : loaded 2 times (x 72B)
Class com.sun.xml.bind.v2.ContextFactory                                              : loaded 2 times (x 73B)
Class com.android.repository.impl.meta.SchemaModuleUtil                               : loaded 2 times (x 73B)
Class com.android.sdklib.repository.generated.common.v4.package-info                  : loaded 2 times (x 72B)
Class com.android.build.gradle.internal.errors.SyncIssueReporterImpl$GlobalSyncIssueService$Inject_: loaded 2 times (x 104B)
Class org.jetbrains.kotlin.gradle.plugin.KotlinJsCompilerTypeHolder                   : loaded 2 times (x 72B)
Class org.jetbrains.kotlin.konan.target.Architecture                                  : loaded 2 times (x 81B)
Class [Lcom.google.wireless.android.sdk.stats.AndroidStudioEvent$IdeBrand;            : loaded 2 times (x 71B)
Class com.google.protobuf.GeneratedMessageV3$FieldAccessorTable$FieldAccessor         : loaded 2 times (x 72B)
Class com.android.build.gradle.internal.scope.BuildArtifactType$JAVA_COMPILE_CLASSPATH: loaded 2 times (x 76B)
Class com.android.build.gradle.api.SourceKind                                         : loaded 2 times (x 81B)
Class com.android.build.gradle.tasks.factory.AndroidUnitTest                          : loaded 2 times (x 584B)
Class [Lcom.android.build.gradle.internal.tasks.DeviceProviderInstrumentTestTask$CreationAction$Type;: loaded 2 times (x 71B)
Class com.android.build.api.artifact.SingleArtifact$VERSION_CONTROL_INFO_FILE         : loaded 2 times (x 76B)
Class com.android.build.gradle.internal.tasks.DexArchiveBuilderTask$CreationAction$handleProvider$12: loaded 2 times (x 80B)
Class com.google.devtools.ksp.gradle.KspGradleSubplugin$Companion$getKspClassOutputDir$1: loaded 2 times (x 76B)
Class org.jetbrains.kotlin.compose.compiler.gradle.ComposeCompilerGradleSubplugin$applyToCompilation$allPluginProperties$1$2: loaded 2 times (x 76B)
Class [Lorg.jetbrains.kotlin.gradle.plugin.HasProject;                                : loaded 2 times (x 71B)
Class org.jetbrains.kotlin.gradle.utils.MutableObservableSetImpl                      : loaded 2 times (x 165B)
Class org.jetbrains.kotlin.gradle.plugin.mpp.compilationImpl.KotlinCompilationSourceSetInclusion$AddSourcesToCompileTask: loaded 2 times (x 72B)
Class com.android.build.gradle.internal.scope.InternalArtifactType$JAVAC              : loaded 2 times (x 76B)
Class com.android.build.gradle.internal.res.GenerateLibraryRFileTask$CreationAction$handleProvider$1: loaded 2 times (x 133B)
Class com.android.build.api.artifact.impl.OperationRequestsImplKt                     : loaded 2 times (x 73B)
Class com.android.build.gradle.internal.AndroidTestTaskManager$createTopLevelTasks$2  : loaded 2 times (x 77B)
Class com.android.build.api.component.analytics.AnalyticsEnabledApplicationVariant$userVisibleBundleConfig$2: loaded 2 times (x 81B)
Class com.android.build.gradle.internal.core.dsl.impl.ApplicationVariantDslInfoImpl$versionCode$2$versionCodeFromFlavors$1: loaded 2 times (x 80B)
Class com.android.build.api.component.analytics.AnalyticsEnabledAndroidTestBuilder    : loaded 2 times (x 110B)
Class com.android.build.api.component.impl.ComponentIdentityImpl                      : loaded 2 times (x 80B)
Class com.android.build.gradle.internal.tasks.factory.GlobalTaskNamesImpl             : loaded 2 times (x 83B)
Class com.android.build.gradle.internal.services.FakeDependencyJarBuildService$Inject_: loaded 2 times (x 104B)
Class com.android.build.gradle.internal.variant.LegacyVariantInputManager$2           : loaded 2 times (x 76B)
Class com.android.build.gradle.internal.manifest.LazyManifestParser$manifestData$1    : loaded 2 times (x 77B)
Class com.android.build.api.dsl.Splits                                                : loaded 2 times (x 72B)
Class com.android.build.gradle.internal.dsl.BundleOptionsStoreArchive                 : loaded 2 times (x 79B)
Class org.jetbrains.kotlin.gradle.dsl.DefaultToolchainSupport$wireToolchainToTasks$1  : loaded 2 times (x 77B)
Class org.jetbrains.kotlin.gradle.internal.properties.PropertiesBuildService$MemoizedCallable: loaded 2 times (x 77B)
Class org.jetbrains.kotlin.gradle.plugin.internal.DefaultMavenPublicationComponentAccessorFactory: loaded 2 times (x 78B)
Class org.jetbrains.kotlin.gradle.tasks.KotlinTasksProvider                           : loaded 2 times (x 74B)
Class org.jetbrains.kotlin.gradle.dsl.KotlinCommonCompilerOptions                     : loaded 2 times (x 72B)
Class com.google.wireless.android.sdk.stats.GradleTaskExecutionOrBuilder              : loaded 2 times (x 72B)
Class com.google.protobuf.Utf8$Processor                                              : loaded 2 times (x 79B)
Class com.google.protobuf.Reader                                                      : loaded 2 times (x 72B)
Class com.google.common.collect.Maps$UnmodifiableBiMap                                : loaded 2 times (x 155B)
Class com.android.builder.errors.IssueReporter$Companion                              : loaded 2 times (x 73B)
Class jdk.internal.jimage.decompressor.ZipDecompressorFactory                         : loaded 2 times (x 76B)
Class org.gradle.accessors.dm.LibrariesForLibsInPluginsBlock$KotlinPluginAccessors    : loaded 2 times (x 77B)
Class org.gradle.accessors.dm.LibrariesForLibsInPluginsBlock$MaterialLibraryAccessors : loaded 2 times (x 79B)
Class com.amazon.ion.impl.bin.IonManagedBinaryWriter$SymbolState                      : loaded 2 times (x 82B)
Class com.amazon.ion.IonStruct                                                        : loaded 2 times (x 72B)
Class org.jetbrains.plugins.gradle.model.GradleBuildScriptClasspathModel              : loaded 2 times (x 72B)
Class kotlin.sequences.FilteringSequence                                              : loaded 2 times (x 77B)
Class kotlin.text.CharsKt__CharJVMKt                                                  : loaded 2 times (x 73B)
Class kotlin.comparisons.ComparisonsKt                                                : loaded 2 times (x 73B)
Class kotlin.comparisons.ComparisonsKt___ComparisonsKt                                : loaded 2 times (x 73B)
Class kotlin.coroutines.jvm.internal.BaseContinuationImpl                             : loaded 2 times (x 89B)
Class kotlin.Result$Companion                                                         : loaded 2 times (x 73B)
Class org.gradle.util.internal.DefaultGradleVersion                                   : loaded 2 times (x 84B)
Class com.google.wireless.android.sdk.stats.AndroidTestRetentionEvent                 : loaded 2 times (x 198B)
Class com.android.build.api.component.impl.ComponentBuilderImpl                       : loaded 2 times (x 94B)
Class com.android.build.gradle.internal.variant.BaseVariantData                       : loaded 2 times (x 74B)
Class org.jetbrains.kotlin.gradle.internal.config.MavenComparableVersion$IntegerItem  : loaded 2 times (x 82B)
Class com.android.build.api.variant.ExternalNativeBuild                               : loaded 2 times (x 72B)
Class com.android.build.gradle.tasks.ExtractDeepLinksTask$BaseCreationAction$configure$1$2: loaded 2 times (x 76B)
Class com.android.build.gradle.internal.tasks.ProcessJavaResTaskKt$getProjectJavaRes$2$3: loaded 2 times (x 77B)
Class org.jetbrains.kotlin.build.report.metrics.BuildAttributes                       : loaded 2 times (x 74B)
Class com.android.build.gradle.tasks.JavaCompileKt                                    : loaded 2 times (x 73B)
Class com.sun.xml.bind.v2.runtime.unmarshaller.UnmarshallingContext$DefaultRootLoader : loaded 2 times (x 82B)
Class com.sun.xml.bind.v2.runtime.reflect.PrimitiveArrayListerLong                    : loaded 2 times (x 78B)
Class com.sun.xml.bind.v2.model.core.ClassInfo                                        : loaded 2 times (x 72B)
Class com.android.repository.impl.generated.v1.package-info                           : loaded 2 times (x 72B)
Class com.android.sdklib.repository.generated.addon.v4.package-info                   : loaded 2 times (x 72B)
Class org.jetbrains.kotlin.konan.target.KonanTarget$MACOS_X64                         : loaded 2 times (x 80B)
Class com.android.build.gradle.internal.core.dsl.impl.InstrumentedTestDslInfoImpl     : loaded 2 times (x 82B)
Class [Lcom.google.protobuf.WireFormat$FieldType;                                     : loaded 2 times (x 71B)
Class com.android.build.gradle.internal.tasks.UnsafeOutputsTask                       : loaded 2 times (x 335B)
Class com.android.build.gradle.internal.dependency.RecalculateStackFramesTransform$Inject_1: loaded 2 times (x 112B)
Class com.android.build.gradle.internal.HostTestTaskManager$setupJavaCompilationTasks$1: loaded 2 times (x 77B)
Class com.android.build.gradle.internal.tasks.creationconfig.ProcessTestManifestCreationConfigKt: loaded 2 times (x 73B)
Class com.android.build.gradle.internal.tasks.PerModuleBundleTask$CreationAction$handleProvider$1: loaded 2 times (x 133B)
Class com.android.build.gradle.internal.tasks.DexArchiveBuilderTask$CreationAction$handleProvider$13: loaded 2 times (x 80B)
Class org.jetbrains.kotlin.compose.compiler.gradle.ComposeCompilerGradleSubplugin$applyToCompilation$allPluginProperties$1$3: loaded 2 times (x 77B)
Class org.jetbrains.kotlin.compose.compiler.gradle.internal.ComposeWithAgpConfig$AgpConfigurationProvider: loaded 2 times (x 72B)
Class org.jetbrains.kotlin.gradle.plugin.KotlinSourceSet$Companion                    : loaded 2 times (x 73B)
Class org.jetbrains.kotlin.gradle.plugin.mpp.compilationImpl.KotlinCompilationImpl    : loaded 2 times (x 145B)
Class [Lorg.jetbrains.kotlin.gradle.plugin.mpp.compilationImpl.factory.KotlinCompilationImplFactory$PostConfigure;: loaded 2 times (x 71B)
Class com.android.build.gradle.tasks.JavaCompileCreationAction                        : loaded 2 times (x 92B)
Class com.android.build.gradle.internal.res.GenerateLibraryRFileTask$CreationAction$handleProvider$2: loaded 2 times (x 133B)
Class com.android.build.gradle.tasks.MergeSourceSetFolders                            : loaded 2 times (x 347B)
Class com.android.build.gradle.internal.AndroidTestTaskManager$createTopLevelTasks$3  : loaded 2 times (x 76B)
Class com.android.build.gradle.internal.scope.HostTestBuildFeaturesValuesImpl         : loaded 2 times (x 102B)
Class com.android.build.api.variant.impl.VariantImpl$buildConfigCreationConfig$2      : loaded 2 times (x 81B)
Class com.android.build.gradle.internal.dependency.SourceTypeAttributeKt              : loaded 2 times (x 73B)
Class com.android.build.api.artifact.impl.ArtifactsImpl$lookupProjectScopedArtifactsContainer$1: loaded 2 times (x 81B)
Class com.android.build.gradle.internal.dsl.PackagingOptions$AgpDecorated             : loaded 2 times (x 117B)
Class com.android.build.api.dsl.EmulatorControl                                       : loaded 2 times (x 72B)
Class com.android.build.gradle.internal.variant.LegacyVariantInputManager$3           : loaded 2 times (x 77B)
Class com.android.build.gradle.internal.dsl.AarMetadataImpl$AgpDecorated_Decorated    : loaded 2 times (x 145B)
Class com.android.build.gradle.internal.dsl.CompileSdkDelegate                        : loaded 2 times (x 91B)
Class com.android.build.gradle.internal.dsl.CoreNdkOptions                            : loaded 2 times (x 72B)
Class com.android.build.gradle.internal.dsl.decorator.AndroidPluginDslDecoratorKt     : loaded 2 times (x 73B)
Class com.android.build.gradle.internal.utils.KgpVersion$Companion                    : loaded 2 times (x 73B)
Class org.jetbrains.kotlin.konan.util.Named                                           : loaded 2 times (x 72B)
Class [Lorg.jetbrains.kotlin.gradle.report.BuildReportMode;                           : loaded 2 times (x 71B)
Class org.jetbrains.kotlin.gradle.plugin.AbstractKotlinAndroidPluginWrapper           : loaded 2 times (x 88B)
Class com.android.build.gradle.internal.services.BuiltInKotlinServices$AvailabilityReason$BuiltInKotlinBooleanOptionEnabled: loaded 2 times (x 73B)
Class [Lcom.android.tools.build.gradle.internal.profile.IntegerOption;                : loaded 2 times (x 71B)
Class com.google.wireless.android.sdk.stats.GradleIntegerOptionEntry$Builder          : loaded 2 times (x 299B)
Class com.google.common.base.CharMatcher$Ascii                                        : loaded 2 times (x 114B)
Class com.android.build.api.component.impl.DeviceTestImpl$renderscriptCreationConfig$2: loaded 2 times (x 81B)
Class com.google.protobuf.AbstractMessage$BuilderParent                               : loaded 2 times (x 72B)
Class com.android.build.api.variant.impl.ManifestFilesImpl                            : loaded 2 times (x 82B)
Class org.jetbrains.kotlin.gradle.tasks.configuration.AbstractKotlinCompileConfig$1   : loaded 2 times (x 81B)
Class org.jetbrains.kotlin.gradle.plugin.mpp.compilationImpl.KotlinCompilationFriendPathsResolver: loaded 2 times (x 72B)
Class org.jetbrains.kotlin.gradle.plugin.mpp.KotlinMetadataCompilation                : loaded 2 times (x 72B)
Class com.android.build.gradle.internal.plugins.BasePlugin$bootClasspathConfig$2      : loaded 2 times (x 81B)
Class com.android.build.gradle.internal.plugins.AndroidPluginBaseServices$settingsExtension$2: loaded 2 times (x 81B)
Class [Lio.opentelemetry.context.ThreadLocalContextStorage;                           : loaded 2 times (x 71B)
Class org.gradle.internal.classloader.ClassLoaderSpec                                 : loaded 2 times (x 73B)
Class com.google.protobuf.ByteString$CodedBuilder                                     : loaded 2 times (x 74B)
Class com.google.wireless.android.play.playlog.proto.ClientAnalytics                  : loaded 2 times (x 73B)
Class com.google.wireless.android.sdk.stats.SigningWizardEvent                        : loaded 2 times (x 205B)
Class com.google.wireless.android.sdk.stats.AppQualityInsightsUsageEventOrBuilder     : loaded 2 times (x 72B)
Class com.android.build.api.variant.impl.SigningConfigImpl$enableV4Signing$1          : loaded 2 times (x 77B)
Class [Lorg.jetbrains.kotlin.gradle.dsl.ExplicitApiMode;                              : loaded 2 times (x 71B)
Class com.android.build.gradle.tasks.ExtractDeepLinksTask_Decorated                   : loaded 2 times (x 393B)
Class com.android.build.gradle.internal.lint.CustomLintCheckUtils$getLocalCustomLintChecks$1$1: loaded 2 times (x 76B)
Class com.android.build.gradle.internal.ide.v2.BundleInfoImpl$Companion               : loaded 2 times (x 73B)
Class com.android.build.gradle.internal.AndroidJarInput_Decorated                     : loaded 2 times (x 130B)
Class org.jetbrains.kotlin.gradle.tasks.DefaultKotlinJavaToolchain$DefaultJavaToolchainSetter: loaded 2 times (x 77B)
Class org.jetbrains.kotlin.build.report.metrics.BuildAttributeKind                    : loaded 2 times (x 81B)
Class com.sun.xml.bind.AccessorFactoryImpl                                            : loaded 2 times (x 83B)
Class com.sun.xml.bind.v2.model.core.MapPropertyInfo                                  : loaded 2 times (x 72B)
Class javax.xml.bind.ModuleUtil                                                       : loaded 2 times (x 73B)
Class com.android.repository.impl.meta.RepoPackageImpl$Archives                       : loaded 2 times (x 74B)
Class com.android.sdklib.repository.meta.SysImgFactory                                : loaded 2 times (x 74B)
Class com.android.build.gradle.internal.services.VersionedSdkLoaderService$sam$java_util_concurrent_Callable$0: loaded 2 times (x 77B)
Class kotlinx.coroutines.ExecutorCoroutineDispatcherImpl                              : loaded 2 times (x 115B)
Class com.google.protobuf.DescriptorProtos$FieldOptions$EditionDefaultOrBuilder       : loaded 2 times (x 72B)
Class com.android.build.gradle.internal.VariantTaskManager$configureKotlinPluginTasksIfNecessary$1: loaded 2 times (x 81B)
Class com.android.build.gradle.internal.dependency.DexingOutputSplitTransformKt$registerTransformWithOutputType$1$1: loaded 2 times (x 77B)
Class com.android.build.gradle.internal.utils.DesugarLibConfigExtractor$Inject_1      : loaded 2 times (x 111B)
Class com.android.build.gradle.internal.dependency.MockableJarTransform$Parameters    : loaded 2 times (x 72B)
Class com.android.build.gradle.internal.cxx.logging.LoggingEnvironment                : loaded 2 times (x 72B)
Class com.android.build.gradle.internal.scope.InternalArtifactType$GLOBAL_SYNTHETICS_MIXED_SCOPE: loaded 2 times (x 76B)
Class org.jetbrains.kotlin.compose.compiler.gradle.ComposeCompilerGradleSubplugin$applyToCompilation$allPluginProperties$1$4: loaded 2 times (x 76B)
Class org.jetbrains.kotlin.gradle.plugin.mpp.KotlinCompilationsKt$moduleNameForCompilation$1: loaded 2 times (x 77B)
Class org.jetbrains.kotlin.gradle.plugin.mpp.KotlinCompilationsKt$addSourcesToKotlinCompileTask$1: loaded 2 times (x 77B)
Class org.jetbrains.kotlin.gradle.plugin.diagnostics.TransformActionUsingKotlinToolingDiagnostics$Parameters: loaded 2 times (x 72B)
Class org.jetbrains.kotlin.compilerRunner.CompilerSystemPropertiesService$Companion$registerIfAbsent$2$1: loaded 2 times (x 81B)
Class com.android.build.gradle.internal.tasks.creationconfig.JavaCompileCreationConfigKt: loaded 2 times (x 73B)
Class com.android.build.gradle.internal.tasks.creationconfig.BaseJavaPreCompileTaskCreationConfig: loaded 2 times (x 106B)
Class com.android.build.gradle.internal.res.GenerateLibraryRFileTask$CreationAction$handleProvider$3: loaded 2 times (x 133B)
Class com.android.build.gradle.internal.TaskManager$MergeType$MERGE                   : loaded 2 times (x 82B)
Class com.android.build.gradle.internal.scope.InternalArtifactType$MANIFEST_METADATA  : loaded 2 times (x 76B)
Class com.android.build.gradle.internal.AndroidTestTaskManager$createTopLevelTasks$4  : loaded 2 times (x 77B)
Class com.android.build.api.component.impl.features.OptimizationCreationConfigImpl$consumerProguardFilePaths$2: loaded 2 times (x 81B)
Class com.android.build.api.variant.impl.VariantImpl$renderscriptCreationConfig$2     : loaded 2 times (x 81B)
Class com.android.build.gradle.internal.component.TestFixturesCreationConfig          : loaded 2 times (x 72B)
Class com.android.build.gradle.internal.plugins.BasePlugin$createAndroidTasks$1       : loaded 2 times (x 79B)
Class dagger.hilt.android.plugin.HiltGradlePlugin$configureDependencyTransforms$1$1   : loaded 2 times (x 76B)
Class com.android.build.gradle.internal.lint.AndroidLintGlobalTask$LintFixCreationAction: loaded 2 times (x 93B)
Class com.android.build.gradle.internal.lint.AndroidLintGlobalTask$BaseGlobalCreationAction: loaded 2 times (x 93B)
Class com.android.build.gradle.ProguardFiles                                          : loaded 2 times (x 73B)
Class com.android.builder.core.DefaultDexOptions                                      : loaded 2 times (x 101B)
Class com.android.build.gradle.api.ApkVariant                                         : loaded 2 times (x 72B)
Class com.android.build.gradle.internal.dsl.ResourcesPackagingImpl$AgpDecorated_Decorated: loaded 2 times (x 131B)
Class com.android.build.gradle.internal.variant.LegacyVariantInputManager$4           : loaded 2 times (x 76B)
Class com.android.build.gradle.internal.api.artifact.SourceArtifactType$KEEP_RULES    : loaded 2 times (x 76B)
Class com.android.build.gradle.internal.api.artifact.SourceArtifactType$RENDERSCRIPT  : loaded 2 times (x 76B)
Class com.android.build.gradle.internal.dsl.NdkOptions_Decorated                      : loaded 2 times (x 167B)
Class com.android.build.gradle.internal.dsl.decorator.DslDecorator$ManagedProperty    : loaded 2 times (x 74B)
Class com.android.build.gradle.tasks.ProcessTestManifest$CreationAction$handleProvider$2: loaded 2 times (x 133B)
Class org.jetbrains.kotlin.build.report.metrics.CODE_GENERATION_LPS                   : loaded 2 times (x 74B)
Class org.jetbrains.kotlin.build.report.metrics.FIND_REFERENCED_CLASSES               : loaded 2 times (x 74B)
Class org.jetbrains.kotlin.gradle.internal.properties.PropertiesBuildService$GradleProperty: loaded 2 times (x 72B)
Class org.jetbrains.kotlin.gradle.plugin.statistics.BuildFinishBuildService$Companion : loaded 2 times (x 73B)
Class org.jetbrains.kotlin.gradle.utils.StoredPropertyKt$projectStoredProperty$1      : loaded 2 times (x 80B)
Class org.jetbrains.kotlin.gradle.internal.Kapt3GradleSubplugin$Companion             : loaded 2 times (x 73B)
Class com.android.prefs.VariableType                                                  : loaded 2 times (x 81B)
Class com.google.protobuf.ByteString                                                  : loaded 2 times (x 103B)
Class com.android.build.gradle.internal.tasks.Workers$ProfileAwareExecutorServiceAdapter: loaded 2 times (x 89B)
Class com.android.tools.analytics.Environment                                         : loaded 2 times (x 75B)
Class com.android.build.gradle.internal.errors.DeprecationReporter                    : loaded 2 times (x 72B)
Class com.android.build.gradle.internal.scope.BootClasspathBuilder$computeClasspath$1 : loaded 2 times (x 77B)
Class com.android.build.gradle.internal.dependency.DexingNoClasspathTransform$Inject_1: loaded 2 times (x 114B)
Class com.android.build.gradle.options.ApiStage$Stable                                : loaded 2 times (x 74B)
Class com.android.build.gradle.internal.crash.CrashReporting                          : loaded 2 times (x 73B)
Class com.android.build.api.variant.Component                                         : loaded 2 times (x 72B)
Class org.gradle.accessors.dm.LibrariesForLibs$AndroidxEspressoLibraryAccessors       : loaded 2 times (x 79B)
Class org.gradle.accessors.dm.LibrariesForLibs$VersionAccessors                       : loaded 2 times (x 94B)
Class com.amazon.ion.impl.IonWriterSystemTextMarkup                                   : loaded 2 times (x 193B)
Class com.amazon.ion.impl.bin.BlockAllocator                                          : loaded 2 times (x 82B)
Class kotlin.jvm.internal.FunctionReferenceImpl                                       : loaded 2 times (x 128B)
Class kotlin.collections.CollectionsKt___CollectionsJvmKt                             : loaded 2 times (x 73B)
Class com.google.wireless.android.sdk.stats.AndroidStudioEvent$EventKind              : loaded 2 times (x 89B)
Class com.google.wireless.android.sdk.stats.ProductDetails                            : loaded 2 times (x 224B)
Class com.google.wireless.android.sdk.stats.AssetStudioWizardEventOrBuilder           : loaded 2 times (x 72B)
Class com.android.build.gradle.internal.api.ApkVariantImpl                            : loaded 2 times (x 251B)
Class com.google.common.io.LineProcessor                                              : loaded 2 times (x 72B)
Class org.jetbrains.kotlin.gradle.tasks.K2MultiplatformStructure$RefinesEdge          : loaded 2 times (x 74B)
Class org.jetbrains.kotlin.gradle.plugin.diagnostics.ToolingDiagnostic$Severity       : loaded 2 times (x 81B)
Class com.google.protobuf.Descriptors$FieldDescriptor$1                               : loaded 2 times (x 78B)
Class com.sun.xml.bind.DatatypeConverterImpl                                          : loaded 2 times (x 113B)
Class com.sun.xml.bind.v2.ClassFactory                                                : loaded 2 times (x 73B)
Class com.android.sdklib.repository.generated.addon.v2.MavenType                      : loaded 2 times (x 82B)
Class com.android.sdklib.repository.generated.repository.v4.SourceDetailsType         : loaded 2 times (x 125B)
Class com.android.repository.impl.generated.v2.LicenseRefType                         : loaded 2 times (x 79B)
Class com.android.sdklib.repository.AndroidSdkHandler$DefaultInstanceProvider         : loaded 2 times (x 77B)
Class com.android.sdklib.repository.generated.repository.v4.package-info              : loaded 2 times (x 72B)
Class com.android.repository.api.ProgressIndicatorAdapter                             : loaded 2 times (x 109B)
Class com.android.build.gradle.internal.SdkLibDataFactory                             : loaded 2 times (x 74B)
Class com.android.build.gradle.internal.VariantTaskManager$configureKotlinPluginTasksIfNecessary$2: loaded 2 times (x 81B)
Class com.android.build.gradle.internal.SdkComponentsBuildService$VersionedSdkLoader  : loaded 2 times (x 74B)
Class com.android.build.gradle.internal.dependency.ShrinkerVersion                    : loaded 2 times (x 77B)
Class org.jetbrains.kotlin.compose.compiler.gradle.ComposeCompilerGradleSubplugin$applyToCompilation$allPluginProperties$1$5: loaded 2 times (x 76B)
Class org.jetbrains.kotlin.gradle.tasks.configuration.TaskConfigAction$configureTask$1: loaded 2 times (x 81B)
Class com.android.build.gradle.internal.scope.InternalArtifactType$LOCAL_ONLY_SYMBOL_LIST: loaded 2 times (x 76B)
Class com.android.build.gradle.internal.tasks.CheckAarMetadataTask$CreationAction     : loaded 2 times (x 92B)
Class com.android.build.gradle.tasks.MergeResources$CreationAction$handleProvider$1   : loaded 2 times (x 80B)
Class com.android.build.gradle.tasks.MergeResources$CreationAction                    : loaded 2 times (x 95B)
Class com.android.build.gradle.internal.core.dsl.impl.SigningConfigResolver$Companion : loaded 2 times (x 73B)
Class com.android.build.gradle.internal.variant.VariantComponentInfo                  : loaded 2 times (x 74B)
Class com.android.build.api.variant.impl.ApplicationVariantImpl$targetSdk$2           : loaded 2 times (x 81B)
Class com.android.build.api.variant.GeneratesAar                                      : loaded 2 times (x 72B)
Class com.android.build.gradle.internal.profile.AnalyticsResourceManager$getVariantBuilder$1: loaded 2 times (x 81B)
Class dagger.hilt.android.plugin.HiltGradlePlugin$configureDependencyTransforms$1$2   : loaded 2 times (x 76B)
Class com.android.build.api.AndroidPluginVersion$WhenMappings                         : loaded 2 times (x 73B)
Class com.android.build.api.variant.Aidl                                              : loaded 2 times (x 72B)
Class com.android.build.gradle.internal.tasks.factory.BootClasspathConfigImpl$fullBootClasspath$2: loaded 2 times (x 81B)
Class com.android.build.gradle.internal.dsl.BundleOptionsDeviceGroup$AgpDecorated     : loaded 2 times (x 87B)
Class com.android.build.gradle.internal.dsl.EmulatorControl                           : loaded 2 times (x 85B)
Class com.android.build.gradle.internal.dsl.TestOptions_Decorated                     : loaded 2 times (x 172B)
Class com.android.build.gradle.internal.variant.LegacyVariantInputManager$5           : loaded 2 times (x 77B)
Class com.sun.xml.bind.api.CompositeStructure                                         : loaded 2 times (x 74B)
Class com.android.build.gradle.internal.dsl.MinCompileSdkSpecImpl                     : loaded 2 times (x 86B)
Class com.android.build.gradle.api.ViewBindingOptions                                 : loaded 2 times (x 72B)
Class com.android.build.api.dsl.Split                                                 : loaded 2 times (x 72B)
Class com.android.build.api.dsl.LibraryDefaultConfig                                  : loaded 2 times (x 72B)
Class org.jetbrains.kotlin.gradle.dsl.JvmTarget                                       : loaded 2 times (x 81B)
Class org.jetbrains.kotlin.gradle.dsl.abi.AbiValidationExtension                      : loaded 2 times (x 72B)
Class org.jetbrains.kotlin.gradle.internal.ClassLoadersCachingBuildService            : loaded 2 times (x 78B)
Class org.jetbrains.kotlin.build.report.metrics.IC_ANALYZE_JAR_FILES                  : loaded 2 times (x 74B)
Class org.jetbrains.kotlin.build.report.metrics.IC_ANALYZE_CHANGES_IN_DEPENDENCIES    : loaded 2 times (x 74B)
Class org.jetbrains.kotlin.gradle.plugin.internal.DefaultJavaExecTaskParametersCompatibility$Factory: loaded 2 times (x 78B)
Class org.jetbrains.kotlin.gradle.plugin.VariantImplementationFactoriesConfigurator$Companion: loaded 2 times (x 73B)
Class javax.xml.bind.annotation.XmlValue                                              : loaded 2 times (x 72B)
Class com.google.protobuf.DescriptorProtos$EnumDescriptorProto$EnumReservedRange      : loaded 2 times (x 199B)
Class com.google.protobuf.DescriptorProtos$FileDescriptorProto$Builder                : loaded 2 times (x 342B)
Class com.sun.xml.bind.v2.runtime.reflect.Accessor$2                                  : loaded 2 times (x 89B)
Class com.google.protobuf.Internal$ListAdapter$Converter                              : loaded 2 times (x 72B)
Class com.sun.xml.bind.v2.runtime.unmarshaller.DefaultValueLoaderDecorator            : loaded 2 times (x 80B)
Class com.android.tools.analytics.CommonMetricsData$GarbageCollectionStatsDiffs       : loaded 2 times (x 73B)
Class org.jetbrains.kotlin.gradle.report.GradleBuildMetricsReporter                   : loaded 2 times (x 100B)
Class com.android.build.gradle.options.Version                                        : loaded 2 times (x 81B)
Class com.android.build.gradle.internal.plugins.BasePlugin$versionedSdkLoaderService$2: loaded 2 times (x 81B)
Class com.android.build.gradle.internal.plugins.AppPlugin$1                           : loaded 2 times (x 88B)
Class Settings_gradle$1$1                                                             : loaded 2 times (x 76B)
Class com.amazon.ion.system.IonWriterBuilderBase                                      : loaded 2 times (x 85B)
Class io.opentelemetry.api.trace.Tracer                                               : loaded 2 times (x 72B)
Class kotlin.TuplesKt                                                                 : loaded 2 times (x 73B)
Class kotlin.jvm.internal.markers.KMutableIterable                                    : loaded 2 times (x 72B)
Class kotlin.Unit                                                                     : loaded 2 times (x 73B)
Class kotlin.sequences.SequencesKt___SequencesJvmKt                                   : loaded 2 times (x 73B)
Class org.gradle.tooling.internal.adapter.ProtocolToModelAdapter$DefaultViewBuilder   : loaded 2 times (x 82B)
Class org.gradle.api.internal.classpath.Module$ModuleAlias                            : loaded 2 times (x 72B)
Class com.google.wireless.android.sdk.stats.JourneyEngineErrorEvent                   : loaded 2 times (x 197B)
Class com.google.wireless.android.sdk.stats.OptInToMetrics                            : loaded 2 times (x 195B)
Class com.google.wireless.android.sdk.stats.AdbUsageEventOrBuilder                    : loaded 2 times (x 72B)
Class com.google.wireless.android.sdk.stats.DynamicLayoutInspectorEventOrBuilder      : loaded 2 times (x 72B)
Class com.google.common.io.ByteArrayDataOutput                                        : loaded 2 times (x 72B)
Class com.android.build.gradle.internal.ide.v2.ViewBindingOptionsImpl                 : loaded 2 times (x 76B)
Class [Lorg.objectweb.asm.Label;                                                      : loaded 2 times (x 71B)
Class [Lorg.jetbrains.kotlin.compilerRunner.KotlinCompilerArgumentsLogLevel;          : loaded 2 times (x 71B)
Class org.jetbrains.kotlin.gradle.tasks.KotlinCompile_Decorated                       : loaded 2 times (x 609B)
Class com.android.build.gradle.internal.dependency.JdkImageTransformKt$getJdkImageFromTransform$1$1: loaded 2 times (x 77B)
Class com.sun.xml.bind.v2.runtime.reflect.ListIterator                                : loaded 2 times (x 72B)
Class com.sun.xml.bind.v2.model.impl.RuntimeModelBuilder$IDTransducerImpl             : loaded 2 times (x 90B)
Class com.android.sdklib.repository.generated.repository.v1.PlatformDetailsType       : loaded 2 times (x 128B)
Class javax.xml.bind.annotation.XmlElementRefs                                        : loaded 2 times (x 72B)
Class com.sun.xml.bind.v2.model.runtime.RuntimeElement                                : loaded 2 times (x 72B)
Class com.android.repository.impl.generated.v2.LicenseType                            : loaded 2 times (x 89B)
Class com.android.repository.impl.generated.v1.RepositoryType                         : loaded 2 times (x 88B)
Class com.android.sdklib.repository.generated.common.v4.ObjectFactory                 : loaded 2 times (x 77B)
Class com.android.sdklib.repository.generated.common.v2.LibraryType                   : loaded 2 times (x 92B)
Class com.android.sdklib.repository.generated.sysimg.v3.ObjectFactory                 : loaded 2 times (x 77B)
Class com.google.protobuf.CodedOutputStream$UnsafeDirectNioEncoder                    : loaded 2 times (x 111B)
Class com.google.protobuf.DescriptorProtos$OneofDescriptorProto$Builder               : loaded 2 times (x 301B)
Class com.android.build.gradle.internal.scope.BuildArtifactType                       : loaded 2 times (x 76B)
Class com.android.build.gradle.internal.api.AndroidArtifactVariantImpl                : loaded 2 times (x 232B)
Class com.android.build.gradle.internal.dependency.ModelArtifactCompatibilityRule     : loaded 2 times (x 78B)
Class com.android.build.gradle.internal.dependency.DesugarGraph                       : loaded 2 times (x 77B)
Class com.android.build.gradle.internal.dependency.DexingRegistration$ComponentSpecificParameters$Companion: loaded 2 times (x 73B)
Class com.android.build.gradle.internal.utils.DesugarLibUtils$registerDesugarLibConfigExtractorTransformIfAbsent$1: loaded 2 times (x 76B)
Class com.android.build.gradle.internal.dependency.MockableJarTransform               : loaded 2 times (x 80B)
Class com.android.build.gradle.internal.cxx.logging.ThreadLoggingEnvironment          : loaded 2 times (x 84B)
Class com.android.build.gradle.internal.tasks.CheckJetifierTask$CreationAction        : loaded 2 times (x 92B)
Class com.android.build.gradle.internal.tasks.ExtractVersionControlInfoTask$CreationAction: loaded 2 times (x 92B)
Class com.android.build.gradle.internal.tasks.MergeNativeDebugMetadataTask            : loaded 2 times (x 337B)
Class com.android.build.gradle.internal.tasks.BundleToApkTask                         : loaded 2 times (x 339B)
Class com.android.build.gradle.internal.tasks.ApplicationTaskManager$doCreateTasksForVariant$r8DexStartupOptimizationEnabled$1: loaded 2 times (x 76B)
Class com.android.build.gradle.internal.tasks.DexMergingAction                        : loaded 2 times (x 81B)
Class org.jetbrains.kotlin.compose.compiler.gradle.ComposeCompilerGradleSubplugin$applyToCompilation$allPluginProperties$1$6: loaded 2 times (x 76B)
Class org.jetbrains.kotlin.gradle.targets.js.dsl.KotlinWasmSubTargetContainerDsl      : loaded 2 times (x 72B)
Class org.jetbrains.kotlin.gradle.plugin.internal.BuildIdService$Companion            : loaded 2 times (x 73B)
Class com.google.wireless.android.sdk.stats.VariantPropertiesAccessOrBuilder          : loaded 2 times (x 72B)
Class com.android.build.api.component.impl.HostTestImpl$buildConfigCreationConfig$2   : loaded 2 times (x 81B)
Class com.android.build.api.component.impl.DeviceTestImpl$renderscript$2              : loaded 2 times (x 81B)
Class com.android.build.api.component.impl.DeviceTestImpl$signingConfig$2             : loaded 2 times (x 81B)
Class com.android.build.api.component.analytics.AnalyticsEnabledApplicationVariantBuilder_Decorated: loaded 2 times (x 268B)
Class com.android.build.api.variant.GeneratesTestApkBuilder                           : loaded 2 times (x 72B)
Class com.android.build.gradle.internal.plugins.BasePlugin$createAndroidTasks$3       : loaded 2 times (x 81B)
Class [Lcom.android.build.gradle.internal.SdkLocator$SdkLocationSource;               : loaded 2 times (x 71B)
Class [Lcom.android.build.gradle.internal.SdkType;                                    : loaded 2 times (x 71B)
Class com.android.build.gradle.internal.lint.AndroidLintGlobalTask$UpdateBaselineCreationAction: loaded 2 times (x 93B)
Class com.android.build.gradle.internal.ide.v2.ModelBuilder$Companion                 : loaded 2 times (x 73B)
Class com.android.build.gradle.internal.api.TestedVariant                             : loaded 2 times (x 72B)
Class com.android.build.gradle.internal.variant.LegacyVariantInputManager$6           : loaded 2 times (x 76B)
Class org.jetbrains.kotlin.cli.common.arguments.ArgumentField                         : loaded 2 times (x 74B)
Class org.jetbrains.kotlin.gradle.internal.config.LanguageFeature$Companion           : loaded 2 times (x 73B)
Class org.jetbrains.kotlin.build.report.metrics.JPS_CODE_GENERATION_LPS               : loaded 2 times (x 74B)
Class org.jetbrains.kotlin.cli.common.arguments.Enables$Container                     : loaded 2 times (x 72B)
Class com.google.wireless.android.sdk.stats.AndroidViewShowBuildFilesInModuleEventOrBuilder: loaded 2 times (x 72B)
Class org.jetbrains.kotlin.gradle.utils.StoredPropertyStorage                         : loaded 2 times (x 74B)
Class org.jetbrains.kotlin.gradle.plugin.KotlinSourceSetContainer                     : loaded 2 times (x 72B)
Class com.android.build.gradle.internal.services.Aapt2ThreadPoolBuildServiceKt        : loaded 2 times (x 73B)
Class com.google.wireless.android.sdk.stats.GradleBuildSplits                         : loaded 2 times (x 220B)
Class com.android.tools.analytics.HostData$memoryBean$2                               : loaded 2 times (x 80B)
Class com.google.wireless.android.sdk.stats.SplittingTabsUsageEventOrBuilder          : loaded 2 times (x 72B)
Class com.google.wireless.android.sdk.stats.PlayPublishingEventOrBuilder              : loaded 2 times (x 72B)
Class com.android.build.gradle.options.SyncOptions$ErrorFormatMode                    : loaded 2 times (x 81B)
Class com.android.build.gradle.internal.errors.SyncIssueReporter                      : loaded 2 times (x 78B)
Class com.android.build.gradle.internal.plugins.AppPlugin$2                           : loaded 2 times (x 88B)
Class com.android.build.gradle.internal.dsl.InternalTestedExtension                   : loaded 2 times (x 72B)
Class io.opentelemetry.api.trace.ArrayBasedTraceState                                 : loaded 2 times (x 88B)
Class io.opentelemetry.context.ContextKey                                             : loaded 2 times (x 72B)
Class io.opentelemetry.context.propagation.TextMapSetter                              : loaded 2 times (x 72B)
Class kotlin.ranges.RangesKt                                                          : loaded 2 times (x 73B)
Class org.gradle.tooling.internal.adapter.ProtocolToModelAdapter$ViewGraphDetails$1   : loaded 2 times (x 79B)
Class org.gradle.internal.classloader.VisitableURLClassLoader                         : loaded 2 times (x 118B)
Class com.google.wireless.android.play.playlog.proto.ClientAnalytics$LogEvent$1       : loaded 2 times (x 153B)
Class com.google.wireless.android.sdk.stats.DaemonCodeAnalyzerFinishedEvent           : loaded 2 times (x 212B)
Class com.google.wireless.android.sdk.stats.SentimentSurveyEvent                      : loaded 2 times (x 202B)
Class com.google.wireless.android.sdk.stats.DefaultActivityLocatorStats               : loaded 2 times (x 203B)
Class com.google.wireless.android.sdk.stats.LayoutInspectorEvent                      : loaded 2 times (x 203B)
Class com.google.wireless.android.sdk.stats.GradlePluginUpgradeDialogStats            : loaded 2 times (x 209B)
Class com.google.wireless.android.sdk.stats.FirebaseErrorDetails                      : loaded 2 times (x 198B)
Class com.google.wireless.android.sdk.stats.LintSessionOrBuilder                      : loaded 2 times (x 72B)
Class com.google.wireless.android.sdk.stats.ProductDetailsOrBuilder                   : loaded 2 times (x 72B)
Class com.google.wireless.android.sdk.stats.StudioToolWindowActionStatsOrBuilder      : loaded 2 times (x 72B)
Class com.android.build.gradle.internal.ide.dependencies.FullDependencyGraphBuilderKt : loaded 2 times (x 73B)
Class com.android.build.gradle.internal.signing.SigningConfigDataProvider             : loaded 2 times (x 74B)
Class com.android.build.gradle.internal.tasks.ProcessJavaResTaskKt$getProjectJavaRes$1: loaded 2 times (x 77B)
Class com.android.build.gradle.internal.tasks.creationconfig.JavaCompileCreationConfigKt$computeJavaSourceWithoutDependencies$1$1: loaded 2 times (x 81B)
Class com.sun.xml.bind.v2.runtime.unmarshaller.Scope                                  : loaded 2 times (x 74B)
Class javax.xml.bind.helpers.DefaultValidationEventHandler                            : loaded 2 times (x 77B)
Class [Ljavax.xml.bind.annotation.adapters.XmlJavaTypeAdapter;                        : loaded 2 times (x 71B)
Class javax.xml.bind.annotation.XmlElement$DEFAULT                                    : loaded 2 times (x 73B)
Class com.sun.xml.bind.v2.runtime.InternalBridge                                      : loaded 2 times (x 89B)
Class com.google.protobuf.DescriptorProtos$OneofDescriptorProto                       : loaded 2 times (x 201B)
Class com.android.build.api.component.impl.OldVariantApiLegacySupportImpl$getVariantOutputs$1: loaded 2 times (x 77B)
Class com.android.build.gradle.internal.api.BaseVariantOutputImpl                     : loaded 2 times (x 114B)
Class com.android.build.gradle.internal.ApiObjectFactory                              : loaded 2 times (x 75B)
Class com.android.build.gradle.internal.utils.D8BackportedMethodsGenerator$Parameters : loaded 2 times (x 72B)
Class com.android.build.gradle.internal.dependency.SubtractingArtifactCollection$SubtractingArtifactResult$artifactResults$1: loaded 2 times (x 81B)
Class org.jetbrains.kotlin.compose.compiler.gradle.ComposeCompilerGradleSubplugin$applyToCompilation$allPluginProperties$1$7: loaded 2 times (x 76B)
Class org.jetbrains.kotlin.gradle.plugin.mpp.compilationImpl.factory.ConfigurationNaming: loaded 2 times (x 72B)
Class [Lorg.jetbrains.kotlin.tooling.core.HasExtras;                                  : loaded 2 times (x 71B)
Class org.jetbrains.kotlin.gradle.plugin.mpp.compilationImpl.DefaultKotlinCompilationPostConfigureKt: loaded 2 times (x 73B)
Class org.jetbrains.kotlin.gradle.internal.IdeaKt$isInIdeaEnvironment$1               : loaded 2 times (x 76B)
Class org.jetbrains.kotlin.gradle.tasks.configuration.BaseKotlinCompileConfig$configureCommonParameters$1: loaded 2 times (x 76B)
Class com.android.build.api.variant.impl.ResourcesApkPackagingImpl$excludes$1         : loaded 2 times (x 77B)
Class com.android.build.gradle.tasks.MergeSourceSetFolders$GenericMergeCreationAction$handleProvider$1: loaded 2 times (x 133B)
Class com.android.build.gradle.tasks.MergeResources$CreationAction$handleProvider$3   : loaded 2 times (x 80B)
Class com.android.build.gradle.internal.scope.Java8LangSupport                        : loaded 2 times (x 81B)
Class com.google.common.base.Verify                                                   : loaded 2 times (x 73B)
Class dagger.hilt.android.plugin.util.TasksKt$addKspTaskProcessorOptions$1            : loaded 2 times (x 77B)
Class dagger.hilt.android.plugin.util.ConfigurationsKt                                : loaded 2 times (x 73B)
Class com.android.build.gradle.internal.attributes.VariantAttr$ImplFactory            : loaded 2 times (x 77B)
Class com.android.build.gradle.internal.core.dsl.impl.VariantDslInfoImpl$initApplicationId$2: loaded 2 times (x 77B)
Class com.android.build.api.variant.DependenciesInfoBuilder                           : loaded 2 times (x 72B)
Class com.android.build.gradle.internal.core.dsl.impl.VariantDslInfoImpl$applicationId$2: loaded 2 times (x 81B)
Class com.android.build.gradle.internal.plugins.DslContainerProvider$lock$1           : loaded 2 times (x 76B)
Class com.android.build.gradle.internal.SdkLocator$SdkLocationSource$TEST_SDK_DIRECTORY: loaded 2 times (x 82B)
Class com.android.build.gradle.internal.tasks.factory.TaskFactory                     : loaded 2 times (x 72B)
Class com.android.builder.core.DexOptions                                             : loaded 2 times (x 72B)
Class com.android.build.gradle.internal.dsl.LintImpl$AgpDecorated                     : loaded 2 times (x 228B)
Class com.android.build.gradle.internal.api.DefaultAndroidSourceSet                   : loaded 2 times (x 229B)
Class com.google.common.base.Converter$FunctionBasedConverter                         : loaded 2 times (x 92B)
Class com.android.build.gradle.internal.dependency.SourceSetManager                   : loaded 2 times (x 75B)
Class org.jetbrains.kotlin.gradle.dsl.DefaultToolchainSupport$wireToolchainToTasks$1$1: loaded 2 times (x 77B)
Class org.jetbrains.kotlin.build.report.metrics.INCREMENTAL_SHRINK_CURRENT_CLASSPATH_SNAPSHOT: loaded 2 times (x 74B)
Class org.jetbrains.kotlin.build.report.metrics.GRADLE_TASK_PREPARATION               : loaded 2 times (x 74B)
Class org.jetbrains.kotlin.gradle.utils.SingleActionPerProject                        : loaded 2 times (x 75B)
Class org.jetbrains.kotlin.gradle.plugin.internal.ProjectDependencyAccessor$Factory   : loaded 2 times (x 72B)
Class org.jetbrains.kotlin.gradle.plugin.DefaultKotlinBasePlugin                      : loaded 2 times (x 84B)
Class com.android.prefs.AbstractAndroidLocations                                      : loaded 2 times (x 84B)
Class com.google.protobuf.DescriptorProtos$FeatureSet                                 : loaded 2 times (x 253B)
Class com.google.protobuf.DescriptorProtos$EnumDescriptorProto$EnumReservedRangeOrBuilder: loaded 2 times (x 72B)
Class com.google.protobuf.IntArrayList                                                : loaded 2 times (x 264B)
Class com.google.common.util.concurrent.AbstractFuture$Waiter                         : loaded 2 times (x 74B)
Class com.google.common.util.concurrent.AbstractFuture$AtomicReferenceFieldUpdaterAtomicHelper: loaded 2 times (x 81B)
Class com.google.protobuf.ExtensionRegistryLite                                       : loaded 2 times (x 76B)
Class com.google.wireless.android.sdk.stats.MachineDetailsOrBuilder                   : loaded 2 times (x 72B)
Class com.google.wireless.android.sdk.stats.RunStartData                              : loaded 2 times (x 203B)
Class com.android.build.gradle.internal.plugins.AndroidPluginBaseServices$optionService$2: loaded 2 times (x 81B)
Class com.android.build.gradle.internal.plugins.AppPlugin$3                           : loaded 2 times (x 88B)
Class com.android.build.api.variant.AndroidComponentsExtension                        : loaded 2 times (x 72B)
Class Settings_gradle                                                                 : loaded 2 times (x 126B)
Class [Lcom.amazon.ion.SymbolTable;                                                   : loaded 2 times (x 71B)
Class com.amazon.ion.impl.bin.IonBinaryWriterAdapter$Factory                          : loaded 2 times (x 72B)
Class com.amazon.ion.impl.BlockedBuffer$BufferedOutputStream                          : loaded 2 times (x 92B)
Class org.jetbrains.plugins.gradle.tooling.serialization.ExternalTestsSerializationService$ReadContext: loaded 2 times (x 74B)
Class kotlin.sequences.FlatteningSequence$iterator$1                                  : loaded 2 times (x 81B)
Class kotlin.jvm.functions.Function0                                                  : loaded 2 times (x 72B)
Class kotlin.collections.ArraysUtilJVM                                                : loaded 2 times (x 73B)
Class com.google.wireless.android.sdk.stats.GradleJdkInvalidEvent                     : loaded 2 times (x 197B)
Class org.gradle.tooling.internal.adapter.ProtocolToModelAdapter$InvocationHandlerImpl: loaded 2 times (x 79B)
Class org.gradle.tooling.model.eclipse.EclipseProject                                 : loaded 2 times (x 72B)
Class org.gradle.tooling.model.idea.IdeaDependency                                    : loaded 2 times (x 72B)
Class com.google.wireless.android.sdk.stats.NavEditorEventOrBuilder                   : loaded 2 times (x 72B)
Class com.google.wireless.android.sdk.stats.InstantRunOrBuilder                       : loaded 2 times (x 72B)
Class org.gradle.tooling.model.build.GradleEnvironment                                : loaded 2 times (x 72B)
Class ijInit1_bpuig6iy9o5dhcz8v7cl2fgyw$_run_closure1                                 : loaded 2 times (x 141B)
Class com.android.build.gradle.internal.ide.v2.JavaArtifactImpl$Companion             : loaded 2 times (x 73B)
Class org.jetbrains.plugins.gradle.tooling.util.IntObjectMap$ObjectFactory            : loaded 2 times (x 72B)
Class com.android.build.gradle.internal.ide.v2.BasicArtifactImpl$Companion            : loaded 2 times (x 73B)
Class com.android.build.gradle.internal.ide.v2.BasicArtifactImpl                      : loaded 2 times (x 78B)
Class com.sun.xml.bind.v2.runtime.unmarshaller.LocatorEx                              : loaded 2 times (x 72B)
Class com.android.sdklib.repository.meta.DetailsTypes$MavenType                       : loaded 2 times (x 72B)
Class com.sun.xml.bind.v2.model.core.ElementPropertyInfo                              : loaded 2 times (x 72B)
Class com.sun.xml.bind.v2.model.impl.RuntimeElementInfoImpl                           : loaded 2 times (x 121B)
Class com.android.repository.api.RemotePackage                                        : loaded 2 times (x 72B)
Class com.android.sdklib.repository.generated.sysimg.v5.package-info                  : loaded 2 times (x 72B)
Class com.android.sdklib.repository.generated.sysimg.v1.package-info                  : loaded 2 times (x 72B)
Class com.android.sdklib.repository.meta.DetailsTypes$SourceDetailsType               : loaded 2 times (x 72B)
Class org.jetbrains.kotlin.gradle.dsl.KotlinTargetContainerWithWasmPresetFunctions    : loaded 2 times (x 72B)
Class [Lio.opentelemetry.api.trace.ImmutableTraceFlags;                               : loaded 2 times (x 71B)
Class com.amazon.ion.IonException                                                     : loaded 2 times (x 86B)
Class com.google.common.collect.HashBiMap                                             : loaded 2 times (x 144B)
Class com.android.build.gradle.internal.dependency.DexingOutputSplitTransformKt       : loaded 2 times (x 73B)
Class com.android.build.gradle.internal.attribution.CheckJetifierBuildService$Parameters: loaded 2 times (x 72B)
Class com.android.build.gradle.internal.test.AbstractTestDataImpl$testCoverageEnabled$1: loaded 2 times (x 81B)
Class org.jetbrains.kotlin.compose.compiler.gradle.ComposeCompilerGradleSubplugin$applyToCompilation$allPluginProperties$1$8: loaded 2 times (x 78B)
Class org.jetbrains.kotlin.gradle.plugin.mpp.compilationImpl.KotlinCompilationCompilerOptionsFromTargetConfigurator: loaded 2 times (x 76B)
Class org.jetbrains.kotlin.gradle.plugin.mpp.compilationImpl.factory.DefaultKotlinCompilationSourceSetsContainerFactory$DefaultDefaultSourceSetNaming: loaded 2 times (x 76B)
Class [Lorg.jetbrains.kotlin.gradle.plugin.mpp.compilationImpl.DefaultKotlinCompilationFriendPathsResolver$FriendArtifactResolver;: loaded 2 times (x 71B)
Class org.jetbrains.kotlin.gradle.internal.IdeaKt$isInIdeaEnvironment$2               : loaded 2 times (x 76B)
Class org.jetbrains.kotlin.gradle.tasks.configuration.BaseKotlinCompileConfig$configureCommonParameters$2: loaded 2 times (x 77B)
Class com.android.build.gradle.tasks.MergeResources$CreationAction$handleProvider$4   : loaded 2 times (x 80B)
Class com.android.build.gradle.internal.component.NestedComponentCreationConfig       : loaded 2 times (x 72B)
Class com.android.build.api.variant.TestedComponentPackaging                          : loaded 2 times (x 72B)
Class com.android.build.gradle.internal.core.InternalBaseVariant$MergedFlavor         : loaded 2 times (x 72B)
Class com.android.build.gradle.internal.core.dsl.impl.DslInfoBuilder                  : loaded 2 times (x 74B)
Class com.android.build.gradle.internal.plugins.DslContainerProvider$lock$2           : loaded 2 times (x 76B)
Class com.amazon.ion.util.GzipStreamInterceptor                                       : loaded 2 times (x 87B)
Class com.android.build.api.extension.impl.AndroidComponentsExtensionImpl$registerConfigurations$1: loaded 2 times (x 77B)
Class com.android.build.api.instrumentation.InstrumentationParameters$None            : loaded 2 times (x 75B)
Class com.android.build.api.artifact.impl.PropertyAdapter                             : loaded 2 times (x 72B)
Class com.android.build.gradle.ProguardFiles$ProguardFile                             : loaded 2 times (x 81B)
Class com.android.build.gradle.internal.cxx.configure.NativeModelBuilderOutcomeOrBuilder: loaded 2 times (x 72B)
Class com.android.builder.testing.api.DeviceProvider                                  : loaded 2 times (x 79B)
Class com.android.build.gradle.internal.dsl.ExternalNativeBuild$AgpDecorated_Decorated: loaded 2 times (x 146B)
Class com.android.build.gradle.internal.dsl.DeviceGroupFactory                        : loaded 2 times (x 77B)
Class com.amazon.ion.impl.bin.IonManagedBinaryWriter$UserState$3                      : loaded 2 times (x 87B)
Class com.android.builder.errors.EvalIssueException                                   : loaded 2 times (x 84B)
Class com.android.build.api.dsl.Ndk                                                   : loaded 2 times (x 72B)
Class com.android.build.api.dsl.BundleStoreArchive                                    : loaded 2 times (x 72B)
Class com.android.build.api.dsl.BundleCodeTransparency                                : loaded 2 times (x 72B)
Class com.android.ide.common.blame.SourcePosition                                     : loaded 2 times (x 73B)
Class org.jetbrains.kotlin.build.report.metrics.LOOKUP_SIZE                           : loaded 2 times (x 74B)
Class org.jetbrains.kotlin.gradle.plugin.GradleUtilsKt                                : loaded 2 times (x 73B)
Class org.jetbrains.kotlin.gradle.internal.properties.PropertiesBuildService$Params$Inject_: loaded 2 times (x 108B)
Class org.jetbrains.kotlin.gradle.internal.properties.PropertiesBuildService          : loaded 2 times (x 78B)
Class org.jetbrains.kotlin.gradle.plugin.BuildFinishedListenerService$Companion$registerIfAbsent$1$1$1: loaded 2 times (x 77B)
Class com.android.build.gradle.internal.utils.AnalyticsEnabledValueSource$Params$Inject_: loaded 2 times (x 108B)
Class com.android.builder.profile.ThreadRecorder                                      : loaded 2 times (x 78B)
Class com.google.protobuf.CodedInputStream$StreamDecoder                              : loaded 2 times (x 121B)
Class com.android.tools.analytics.AnalyticsSettingsData$Companion                     : loaded 2 times (x 73B)
Class com.android.build.gradle.internal.services.Aapt2ThreadPoolBuildService$RegistrationAction: loaded 2 times (x 76B)
Class com.android.build.gradle.internal.AvdComponentsBuildService                     : loaded 2 times (x 78B)
Class com.google.gson.InstanceCreator                                                 : loaded 2 times (x 72B)
Class [Lcom.android.builder.errors.IssueReporter$Type;                                : loaded 2 times (x 71B)
Class com.android.build.gradle.internal.plugins.AndroidPluginBaseServices$optionService$2$1: loaded 2 times (x 80B)
Class com.android.build.gradle.internal.core.dsl.ApplicationVariantDslInfo            : loaded 2 times (x 72B)
Class com.android.build.gradle.internal.variant.DimensionCombination                  : loaded 2 times (x 72B)
Class com.android.build.gradle.internal.core.dsl.VariantDslInfo                       : loaded 2 times (x 72B)
Class com.android.build.gradle.internal.variant.VariantFactory                        : loaded 2 times (x 72B)
Class jdk.internal.jimage.decompressor.ZipDecompressor                                : loaded 2 times (x 77B)
Class com.amazon.ion.impl.bin.AbstractIonWriter$WriteValueOptimization                : loaded 2 times (x 81B)
Class kotlin.collections.AbstractMutableList                                          : loaded 2 times (x 208B)
Class kotlin.jvm.functions.Function1                                                  : loaded 2 times (x 72B)
Class com.google.wireless.android.sdk.stats.McpEnablementEvent                        : loaded 2 times (x 200B)
Class com.google.wireless.android.sdk.stats.EmulatorHostOrBuilder                     : loaded 2 times (x 72B)
Class com.android.build.gradle.internal.ide.v2.EdgeImpl$Companion                     : loaded 2 times (x 73B)
Class org.jetbrains.kotlin.gradle.tasks.KotlinCompile$javaSources$1                   : loaded 2 times (x 77B)
Class org.jetbrains.kotlin.incremental.IncrementalCompilationFeatures                 : loaded 2 times (x 73B)
Class com.sun.xml.bind.v2.runtime.unmarshaller.StructureLoader                        : loaded 2 times (x 80B)
Class com.sun.xml.bind.v2.runtime.reflect.Accessor$SetterOnlyReflection               : loaded 2 times (x 87B)
Class com.sun.xml.bind.v2.model.impl.ElementPropertyInfoImpl                          : loaded 2 times (x 124B)
Class com.sun.xml.bind.v2.model.impl.TypeInfoSetImpl$1                                : loaded 2 times (x 82B)
Class com.sun.xml.bind.v2.model.runtime.RuntimeArrayInfo                              : loaded 2 times (x 72B)
Class com.android.repository.impl.generated.generic.v2.ObjectFactory                  : loaded 2 times (x 77B)
Class com.android.repository.impl.generated.v1.DependenciesType                       : loaded 2 times (x 77B)
Class com.google.protobuf.WireFormat$JavaType                                         : loaded 2 times (x 81B)
Class com.android.build.gradle.internal.scope.InternalArtifactType$LINT_VITAL_LINT_MODEL: loaded 2 times (x 76B)
Class com.android.build.gradle.internal.dependency.IdentityTransform$Parameters_Decorated: loaded 2 times (x 137B)
Class com.android.build.gradle.internal.cxx.gradle.generator.CxxConfigurationModelKt$ENABLE_CHECK_CONFIG_TIME_CONSTRUCTION$2: loaded 2 times (x 80B)
Class com.android.build.gradle.internal.scope.InternalArtifactType$UNIT_TEST_CONFIG_DIRECTORY: loaded 2 times (x 76B)
Class com.android.build.gradle.tasks.ProcessTestManifest                              : loaded 2 times (x 363B)
Class com.android.build.gradle.internal.tasks.ExtractNativeDebugMetadataTask          : loaded 2 times (x 341B)
Class com.android.build.gradle.internal.scope.InternalArtifactType$EXTERNAL_FILE_LIB_DEX_ARCHIVES: loaded 2 times (x 76B)
Class org.jetbrains.kotlin.gradle.plugin.KotlinTarget$DefaultImpls                    : loaded 2 times (x 73B)
Class org.jetbrains.kotlin.compose.compiler.gradle.ComposeCompilerGradleSubplugin$applyToCompilation$allPluginProperties$1$9: loaded 2 times (x 78B)
Class org.jetbrains.kotlin.gradle.plugin.diagnostics.KotlinToolingDiagnosticsCollector: loaded 2 times (x 78B)
Class com.android.build.gradle.internal.scope.InternalArtifactType$COMPILE_APP_CLASSES_JAR: loaded 2 times (x 76B)
Class com.android.build.api.variant.impl.ResSourceDirectoriesImpl                     : loaded 2 times (x 94B)
Class com.android.build.api.variant.impl.DexPackagingOptionsImpl                      : loaded 2 times (x 77B)
Class com.android.build.gradle.internal.tasks.MergeNativeLibsTaskKt                   : loaded 2 times (x 73B)
Class com.android.build.gradle.internal.scope.InternalArtifactType$ANDROID_RES_SOURCE_SET_PATH_MAP: loaded 2 times (x 76B)
Class com.android.build.gradle.tasks.MergeResources$CreationAction$handleProvider$5   : loaded 2 times (x 80B)
Class com.android.build.api.component.impl.MutableListBackedUpWithListProperty        : loaded 2 times (x 207B)
Class com.android.build.api.variant.VariantExtensionConfig                            : loaded 2 times (x 72B)
Class com.android.build.api.component.analytics.AnalyticsEnabledAndroidTest           : loaded 2 times (x 184B)
Class com.android.build.gradle.internal.core.dsl.AndroidTestComponentDslInfo          : loaded 2 times (x 72B)
Class com.android.build.api.variant.impl.VariantOutputConfigurationImplKt$WhenMappings: loaded 2 times (x 73B)
Class com.android.build.gradle.internal.dependency.VariantDependencies                : loaded 2 times (x 78B)
Class com.google.wireless.android.sdk.stats.GradleBuildVariant$NativeBuildConfigInfoOrBuilder: loaded 2 times (x 72B)
Class com.android.build.gradle.internal.plugins.DslContainerProvider$lock$3           : loaded 2 times (x 76B)
Class dagger.hilt.android.plugin.transform.AggregatedPackagesTransform$Companion      : loaded 2 times (x 73B)
Class com.android.build.api.extension.impl.AndroidComponentsExtensionImpl$onVariants$1: loaded 2 times (x 77B)
Class com.android.build.gradle.internal.services.FakeDependencyJarBuildService$Params : loaded 2 times (x 72B)
Class com.android.build.gradle.internal.api.artifact.SourceArtifactType               : loaded 2 times (x 76B)
Class com.android.build.gradle.internal.dsl.decorator.annotation.RuntimeGuardedExperimentalApi: loaded 2 times (x 72B)
Class com.android.build.gradle.internal.dsl.CompileSdkBetaSpecImpl                    : loaded 2 times (x 83B)
Class com.android.build.api.dsl.AgpTestSuite                                          : loaded 2 times (x 72B)
Class com.android.build.api.dsl.MaxSdkVersion                                         : loaded 2 times (x 72B)
Class [Lcom.android.build.gradle.internal.dsl.decorator.SupportedPropertyType;        : loaded 2 times (x 71B)
Class org.jetbrains.kotlin.tooling.core.MutableExtrasImpl                             : loaded 2 times (x 167B)
Class org.jetbrains.kotlin.build.report.metrics.NON_INCREMENTAL_SHRINK_CURRENT_CLASSPATH_SNAPSHOT: loaded 2 times (x 74B)
Class org.jetbrains.kotlin.gradle.utils.FileUtilsKt                                   : loaded 2 times (x 73B)
Class com.google.protobuf.Utf8$SafeProcessor                                          : loaded 2 times (x 79B)
Class com.google.wireless.android.sdk.stats.GradleProjectOptionsSettings              : loaded 2 times (x 221B)
Class org.jetbrains.kotlin.gradle.plugin.internal.CustomPropertiesFileValueSource$Parameters$Inject_: loaded 2 times (x 108B)
Class org.jetbrains.kotlin.build.report.metrics.CLEAR_JAR_CACHE                       : loaded 2 times (x 74B)
Class org.jetbrains.kotlin.build.report.metrics.TASK_FINISH_LISTENER_NOTIFICATION     : loaded 2 times (x 74B)
Class org.jetbrains.kotlin.gradle.report.BuildReportType                              : loaded 2 times (x 81B)
Class [Lcom.android.tools.analytics.Environment$EnvironmentVariable;                  : loaded 2 times (x 71B)
Class com.android.SdkConstants                                                        : loaded 2 times (x 73B)
Class org.jetbrains.kotlin.gradle.targets.native.KonanPropertiesBuildService$Companion$registerIfAbsent$2$1: loaded 2 times (x 81B)
Class com.android.build.gradle.internal.services.R8D8ThreadPoolBuildService$Companion : loaded 2 times (x 73B)
Class com.android.build.api.dsl.JUnitEngineSpec                                       : loaded 2 times (x 72B)
Class com.android.build.api.instrumentation.manageddevice.ManagedDeviceRegistry       : loaded 2 times (x 72B)
Class com.android.build.gradle.internal.services.GlobalServiceRegistrationAction$execute$1: loaded 2 times (x 77B)
Class com.android.build.gradle.internal.services.RunOnceBuildService                  : loaded 2 times (x 72B)
Class com.google.devtools.ksp.gradle.KspGradleSubplugin$Companion                     : loaded 2 times (x 73B)
Class com.amazon.ion.impl.bin.BlockAllocatorProvider                                  : loaded 2 times (x 74B)
Class io.opentelemetry.api.trace.ArrayBasedTraceStateBuilder                          : loaded 2 times (x 79B)
Class org.jetbrains.plugins.gradle.tooling.serialization.internal.IdeaProjectSerializationService$WriteContext: loaded 2 times (x 74B)
Class com.intellij.gradle.toolingExtension.impl.model.sourceSetDependencyModel.GradleSourceSetDependencySerialisationService: loaded 2 times (x 79B)
Class org.jetbrains.plugins.gradle.model.GradleSourceSetModel                         : loaded 2 times (x 72B)
Class kotlin.KotlinNothingValueException                                              : loaded 2 times (x 84B)
Class kotlin.jvm.functions.Function2                                                  : loaded 2 times (x 72B)
Class org.gradle.internal.classpath.DefaultClassPath$ImmutableUniqueList$Builder      : loaded 2 times (x 77B)
Class com.google.wireless.android.play.playlog.proto.ClientAnalytics$LogEvent         : loaded 2 times (x 199B)
Class com.google.wireless.android.sdk.stats.TSdkUAEventOrBuilder                      : loaded 2 times (x 72B)
Class com.google.wireless.android.sdk.stats.UserSentimentOrBuilder                    : loaded 2 times (x 72B)
Class com.google.wireless.android.sdk.stats.GlassesPairingEventOrBuilder              : loaded 2 times (x 72B)
Class com.google.wireless.android.sdk.stats.ComposePreviewCanvasEventOrBuilder        : loaded 2 times (x 72B)
Class com.android.build.gradle.internal.ide.dependencies.LibraryServiceKt             : loaded 2 times (x 73B)
Class com.android.build.gradle.internal.ide.dependencies.ArtifactUtils$filterProjectDependenciesWithNonAndroidVariants$2: loaded 2 times (x 81B)
Class com.android.build.gradle.internal.ide.v2.ModelBuilder$getGraphBuilder$1         : loaded 2 times (x 81B)
Class com.android.build.gradle.internal.ide.dependencies.GraphEdgeCache               : loaded 2 times (x 72B)
Class com.android.build.gradle.internal.ide.v2.ModelBuilder$createAndroidArtifact$testInfo$1: loaded 2 times (x 79B)
Class com.google.wireless.android.sdk.stats.GradleBuildVariant$KotlinOptions$1        : loaded 2 times (x 153B)
Class org.jetbrains.kotlin.gradle.plugin.PropertiesProvider$propertyWithValueReporting$1: loaded 2 times (x 77B)
Class com.android.build.gradle.internal.dependency.JdkImageTransform$Inject_1         : loaded 2 times (x 112B)
Class com.android.build.gradle.internal.dependency.JdkImageTransformKt$registerJdkImageTransform$1: loaded 2 times (x 77B)
Class com.android.build.gradle.internal.dsl.ApplicationBuildFeaturesImpl_Decorated    : loaded 2 times (x 171B)
Class com.sun.xml.bind.v2.runtime.unmarshaller.Intercepter                            : loaded 2 times (x 72B)
Class [Ljavax.xml.bind.annotation.XmlAccessOrder;                                     : loaded 2 times (x 71B)
Class javax.xml.bind.annotation.adapters.XmlJavaTypeAdapters                          : loaded 2 times (x 72B)
Class com.android.sdklib.repository.meta.AddonFactory                                 : loaded 2 times (x 76B)
Class com.android.sdklib.repository.AndroidSdkHandler$Companion                       : loaded 2 times (x 73B)
Class com.android.build.gradle.internal.SdkDirectLoadingStrategy$Companion            : loaded 2 times (x 73B)
Class com.android.build.gradle.internal.dsl.JniLibsPackagingImpl$AgpDecorated_Decorated: loaded 2 times (x 139B)
Class com.android.build.gradle.internal.scope.InternalArtifactType$FULL_JAR           : loaded 2 times (x 76B)
Class com.android.build.gradle.internal.dependency.DexingRegistration$ComponentSpecificParameters: loaded 2 times (x 74B)
Class com.android.build.gradle.internal.utils.DesugarLibUtils                         : loaded 2 times (x 73B)
Class com.android.build.gradle.internal.dependency.AarResourcesCompilerTransform$Inject_1: loaded 2 times (x 111B)
Class com.android.build.gradle.internal.cxx.configure.NdkLocator                      : loaded 2 times (x 74B)
Class com.android.build.api.variant.impl.TestVariantImpl                              : loaded 2 times (x 687B)
Class com.android.build.gradle.tasks.ProcessTestManifestPackaging                     : loaded 2 times (x 338B)
Class com.android.build.gradle.internal.tasks.SdkDependencyDataGeneratorTask$CreationAction: loaded 2 times (x 92B)
Class com.android.build.gradle.internal.tasks.BundleReportDependenciesTask            : loaded 2 times (x 337B)
Class com.android.build.gradle.internal.tasks.CheckDuplicateClassesTask               : loaded 2 times (x 336B)
Class com.android.build.api.variant.impl.SourceDirectoriesImpl$addGeneratedSourceDirectory$mappedValue$1: loaded 2 times (x 77B)
Class org.jetbrains.kotlin.gradle.plugin.mpp.KotlinCompilationFactory$DefaultImpls    : loaded 2 times (x 73B)
Class org.jetbrains.kotlin.gradle.plugin.mpp.compilationImpl.factory.DefaultKotlinCompilationDependencyConfigurationsFactory: loaded 2 times (x 77B)
Class org.jetbrains.kotlin.gradle.utils.RegisterTransformForArtifactTypeKt            : loaded 2 times (x 73B)
Class com.android.build.api.variant.JniLibsTestedApkPackaging                         : loaded 2 times (x 72B)
Class com.android.build.gradle.internal.scope.InternalArtifactType$JAVA_RES           : loaded 2 times (x 76B)
Class com.android.build.gradle.tasks.MergeResources$CreationAction$handleProvider$6   : loaded 2 times (x 80B)
Class [Lcom.android.build.gradle.tasks.MergeResources$Flag;                           : loaded 2 times (x 71B)
Class com.android.build.gradle.internal.dependency.ProvidedClasspathSubtractor$excludes$1: loaded 2 times (x 81B)
Class com.android.build.gradle.internal.dependency.VariantDependencies$WhenMappings   : loaded 2 times (x 73B)
Class com.android.build.api.component.impl.features.OptimizationCreationConfigImpl    : loaded 2 times (x 88B)
Class com.android.build.api.variant.impl.CodeTransparencyImpl                         : loaded 2 times (x 77B)
Class com.android.build.api.variant.InternalSources                                   : loaded 2 times (x 72B)
Class com.android.build.gradle.internal.plugins.DslContainerProvider$lock$4           : loaded 2 times (x 77B)
Class com.android.build.api.dsl.CompileSdkReleaseSpec                                 : loaded 2 times (x 72B)
Class com.google.devtools.ksp.gradle.AndroidPluginIntegration$forEachAndroidSourceSet$1: loaded 2 times (x 77B)
Class com.android.build.gradle.internal.core.InternalBaseVariant                      : loaded 2 times (x 72B)
Class com.android.build.gradle.internal.scope.DelayedActionsExecutor                  : loaded 2 times (x 74B)
Class org.jetbrains.kotlin.build.report.metrics.IC_DETECT_REMOVED_CLASSES             : loaded 2 times (x 74B)
Class org.jetbrains.kotlin.gradle.internal.properties.PropertiesBuildService$Companion$registerIfAbsent$1: loaded 2 times (x 77B)
Class org.jetbrains.kotlin.gradle.plugin.internal.DefaultConfigurationCacheStartParameterAccessorVariantFactory: loaded 2 times (x 78B)
Class org.jetbrains.kotlin.gradle.dsl.KotlinCommonCompilerToolOptions                 : loaded 2 times (x 72B)
Class com.android.build.gradle.internal.plugins.BasePlugin$Companion$createAndroidJdkImageConfiguration$1: loaded 2 times (x 76B)
Class [Lcom.android.prefs.LocationValue;                                              : loaded 2 times (x 71B)
Class com.google.wireless.android.sdk.stats.GradleTaskExecution                       : loaded 2 times (x 207B)
Class com.android.build.gradle.internal.dsl.DexOptions                                : loaded 2 times (x 105B)
Class com.android.build.api.artifact.impl.StorageProviderImpl                         : loaded 2 times (x 74B)
Class com.android.build.gradle.internal.tasks.LintCompile                             : loaded 2 times (x 330B)
Class com.android.build.gradle.internal.scope.BuildFeatureValues                      : loaded 2 times (x 72B)
Class com.android.build.gradle.internal.manifest.ManifestValueSource$Params_Decorated : loaded 2 times (x 132B)
Class com.android.utils.Environment                                                   : loaded 2 times (x 76B)
Class com.android.build.gradle.internal.plugins.LibraryPlugin                         : loaded 2 times (x 99B)
Class com.android.build.gradle.AssetPackPluginKt                                      : loaded 2 times (x 73B)
Class org.gradle.accessors.dm.LibrariesForLibsInPluginsBlock$KotlinxLibraryAccessors  : loaded 2 times (x 79B)
Class com.amazon.ion.impl.lite.IonSequenceLite                                        : loaded 2 times (x 434B)
Class com.amazon.ion.impl._Private_Utils$1                                            : loaded 2 times (x 100B)
Class com.amazon.ion.impl.SymbolTableAsStruct                                         : loaded 2 times (x 72B)
Class io.opentelemetry.api.trace.TracerProvider                                       : loaded 2 times (x 72B)
Class com.android.ide.gradle.model.dependencies.Coordinates                           : loaded 2 times (x 72B)
Class com.google.common.collect.AbstractRangeSet                                      : loaded 2 times (x 116B)
Class kotlin.collections.MapsKt___MapsJvmKt                                           : loaded 2 times (x 73B)
Class org.gradle.tooling.internal.adapter.WeakIdentityHashMap$AbsentValueProvider     : loaded 2 times (x 72B)
Class com.google.wireless.android.sdk.stats.AndroidProfilerDbStats                    : loaded 2 times (x 204B)
Class com.google.wireless.android.sdk.stats.IdePluginInfoOrBuilder                    : loaded 2 times (x 72B)
Class com.google.wireless.android.sdk.stats.AndroidStudioEvent                        : loaded 2 times (x 966B)
Class com.android.build.gradle.internal.dependency.VariantDependenciesBuilder         : loaded 2 times (x 84B)
Class org.jetbrains.kotlin.gradle.plugin.sources.SourceSetsVisibilityInferenceKt      : loaded 2 times (x 73B)
Class com.android.build.gradle.internal.ide.v2.LibraryImpl                            : loaded 2 times (x 87B)
Class com.android.build.gradle.internal.tasks.featuresplit.PackagedDependenciesWriterTask_Decorated: loaded 2 times (x 385B)
Class com.android.build.gradle.internal.ide.dependencies.LocalJarCacheImpl            : loaded 2 times (x 77B)
Class com.android.build.gradle.internal.lint.CustomLintCheckUtils$getLocalCustomLintChecks$1: loaded 2 times (x 76B)
Class com.android.build.gradle.internal.tasks.ProcessJavaResTaskKt                    : loaded 2 times (x 73B)
Class com.android.build.gradle.tasks.KotlinCompileCreationActionKt$configureKotlinJvmCompile$1: loaded 2 times (x 81B)
Class org.jetbrains.kotlin.build.report.metrics.BuildPerformanceMetrics$Companion     : loaded 2 times (x 73B)
Class com.android.build.api.attributes.AgpVersionAttr                                 : loaded 2 times (x 72B)
Class [Lcom.sun.xml.bind.v2.runtime.property.PropertyImpl;                            : loaded 2 times (x 71B)
Class com.sun.xml.bind.v2.runtime.IllegalAnnotationException                          : loaded 2 times (x 88B)
Class com.sun.xml.bind.v2.model.impl.RuntimeEnumLeafInfoImpl                          : loaded 2 times (x 151B)
Class javax.xml.bind.JAXBIntrospector                                                 : loaded 2 times (x 75B)
Class com.android.repository.api.SettingsController                                   : loaded 2 times (x 72B)
Class com.android.build.gradle.internal.variant.ApkVariantData                        : loaded 2 times (x 74B)
Class com.google.protobuf.DescriptorProtos$MessageOptions$1                           : loaded 2 times (x 153B)
Class com.google.protobuf.DescriptorProtos$DescriptorProto$ReservedRange              : loaded 2 times (x 199B)
Class com.android.build.gradle.internal.scope.InternalArtifactType$AIDL_PARCELABLE    : loaded 2 times (x 76B)
Class com.android.build.gradle.internal.dependency.AarTransform$Companion             : loaded 2 times (x 73B)
Class com.android.build.api.variant.impl.FlatSourceDirectoriesForJavaImpl$internalGenerators$2$1: loaded 2 times (x 78B)
Class com.android.build.gradle.internal.core.dsl.DynamicFeatureVariantDslInfo         : loaded 2 times (x 72B)
Class com.android.build.gradle.internal.tasks.DexMergingTask$CreationAction$WhenMappings: loaded 2 times (x 73B)
Class com.android.build.gradle.internal.tasks.CheckDuplicateClassesTask$CreationAction: loaded 2 times (x 92B)
Class com.android.build.gradle.internal.tasks.MergeJavaResourceTask                   : loaded 2 times (x 370B)
Class org.jetbrains.kotlin.gradle.plugin.mpp.KotlinCommonCompilation                  : loaded 2 times (x 195B)
Class [Lorg.jetbrains.kotlin.gradle.plugin.sources.ConsistencyCheck;                  : loaded 2 times (x 71B)
Class com.android.build.api.variant.SourceDirectories                                 : loaded 2 times (x 72B)
Class com.android.build.gradle.internal.tasks.ProcessNavigationXmlTask                : loaded 2 times (x 341B)
Class com.android.build.gradle.internal.scope.InternalArtifactType$CHECK_MANIFEST_RESULT: loaded 2 times (x 76B)
Class com.android.build.api.component.impl.OldVariantApiLegacySupportImpl             : loaded 2 times (x 91B)
Class com.android.build.api.instrumentation.ClassContext                              : loaded 2 times (x 72B)
Class com.android.build.gradle.internal.scope.InternalArtifactType$NESTED_RESOURCES_VALIDATION_REPORT: loaded 2 times (x 76B)
Class com.android.build.gradle.internal.HostTestTaskManager$createTopLevelTasksCore$1 : loaded 2 times (x 77B)
Class com.android.build.api.component.impl.features.OptimizationCreationConfigImpl$proguardFiles$2: loaded 2 times (x 81B)
Class com.android.build.api.component.analytics.AnalyticsEnabledAnnotationProcessor   : loaded 2 times (x 83B)
Class com.android.build.gradle.internal.core.MergedExternalNativeBuildOptions         : loaded 2 times (x 89B)
Class com.android.build.api.variant.impl.ApplicationVariantImpl$dexing$2              : loaded 2 times (x 81B)
Class com.android.build.gradle.internal.VariantManager$getFlavorSelection$1           : loaded 2 times (x 80B)
Class com.android.build.gradle.internal.dsl.ModulePropertyKey                         : loaded 2 times (x 72B)
Class com.android.build.gradle.internal.core.dsl.impl.ComponentDslInfoImpl$androidResourcesDsl$2: loaded 2 times (x 81B)
Class com.android.build.gradle.internal.VariantManager$getLazyManifestParser$1        : loaded 2 times (x 81B)
Class com.android.build.gradle.internal.plugins.DslContainerProvider$lock$5           : loaded 2 times (x 77B)
Class com.android.build.gradle.internal.dsl.BundleOptionsStoreArchive$AgpDecorated    : loaded 2 times (x 83B)
Class com.android.build.gradle.internal.dsl.ApplicationExtensionImpl$AgpDecorated_Decorated: loaded 2 times (x 469B)
Class com.android.build.api.variant.AnnotationProcessor                               : loaded 2 times (x 72B)
Class org.jetbrains.kotlin.gradle.plugin.abi.internal.AbiFiltersSpecImplKt            : loaded 2 times (x 73B)
Class org.jetbrains.kotlin.gradle.report.ReportingSettings                            : loaded 2 times (x 74B)
Class org.jetbrains.kotlin.build.report.metrics.STORE_BUILD_INFO                      : loaded 2 times (x 74B)
Class org.jetbrains.kotlin.gradle.plugin.KotlinBasePluginWrapper                      : loaded 2 times (x 88B)
Class com.android.build.gradle.internal.plugins.BasePlugin$Companion$createAndroidJdkImageConfiguration$2: loaded 2 times (x 76B)
Class com.android.build.gradle.internal.ManagedDeviceUtilsKt                          : loaded 2 times (x 73B)
Class com.google.protobuf.DescriptorProtos$UninterpretedOptionOrBuilder               : loaded 2 times (x 72B)
Class com.android.tools.build.gradle.internal.profile.BooleanOption                   : loaded 2 times (x 89B)
Class com.android.build.gradle.internal.tasks.AppClasspathCheckTask$CreationAction    : loaded 2 times (x 92B)
Class com.android.build.gradle.tasks.ExtractDeepLinksTask$BaseCreationAction          : loaded 2 times (x 95B)
Class com.google.gson.TypeAdapter$1                                                   : loaded 2 times (x 76B)
Class com.android.build.gradle.internal.dependency.VariantDependencies$Companion$WhenMappings: loaded 2 times (x 73B)
Class com.android.build.gradle.internal.tasks.ModuleMetadataWriterTask$CreationAction$handleProvider$1: loaded 2 times (x 133B)
Class com.android.build.gradle.internal.component.ComponentBasedMergeSourceSetFoldersCreationConfig: loaded 2 times (x 96B)
Class com.android.build.gradle.tasks.MergeSourceSetFolders$MergeAssetCreationAction   : loaded 2 times (x 93B)
Class com.android.build.gradle.internal.services.GlobalServiceRegistrationAction      : loaded 2 times (x 75B)
Class org.gradle.accessors.dm.LibrariesForLibsInPluginsBlock$AndroidxActivityLibraryAccessors: loaded 2 times (x 79B)
Class org.gradle.accessors.dm.LibrariesForLibs$ClerkAndroidLibraryAccessors           : loaded 2 times (x 79B)
Class com.amazon.ion.impl.bin.AbstractIonWriter                                       : loaded 2 times (x 162B)
Class io.opentelemetry.api.trace.AutoValue_ArrayBasedTraceState                       : loaded 2 times (x 89B)
Class gnu.trove.TObjectHash                                                           : loaded 2 times (x 96B)
Class org.jetbrains.plugins.gradle.tooling.util.ObjectCollector$Processor             : loaded 2 times (x 72B)
Class kotlin.jvm.functions.Function4                                                  : loaded 2 times (x 72B)
Class kotlin.collections.EmptySet                                                     : loaded 2 times (x 124B)
Class kotlin.annotation.Target                                                        : loaded 2 times (x 72B)
Class kotlin.collections.CollectionsKt___CollectionsKt                                : loaded 2 times (x 73B)
Class com.android.build.api.variant.impl.JniLibsTestedApkPackagingImpl                : loaded 2 times (x 93B)
Class org.gradle.internal.exceptions.NonGradleCauseExceptionsHolder                   : loaded 2 times (x 72B)
Class org.gradle.tooling.model.idea.IdeaModuleDependency                              : loaded 2 times (x 72B)
Class org.gradle.tooling.internal.adapter.ViewBuilder                                 : loaded 2 times (x 72B)
Class com.google.wireless.android.sdk.stats.KotlinSupport                             : loaded 2 times (x 203B)
Class com.google.wireless.android.sdk.stats.DesignEditorHelpPanelEvent                : loaded 2 times (x 201B)
Class com.google.wireless.android.sdk.stats.VsPluginEvent                             : loaded 2 times (x 203B)
Class com.google.wireless.android.sdk.stats.NextEditPredictionEventOrBuilder          : loaded 2 times (x 72B)
Class com.google.wireless.android.sdk.stats.CommitMetricsEventOrBuilder               : loaded 2 times (x 72B)
Class org.jetbrains.kotlin.gradle.report.UsesBuildMetricsService                      : loaded 2 times (x 72B)
Class org.jetbrains.kotlin.gradle.utils.ConfigurationCacheOpaqueValueSource           : loaded 2 times (x 81B)
Class com.android.build.gradle.tasks.KotlinCompileCreationActionKt$configureKotlinJvmCompile$2: loaded 2 times (x 81B)
Class com.android.repository.impl.generated.v1.PatchType                              : loaded 2 times (x 89B)
Class com.sun.xml.bind.v2.runtime.reflect.Accessor$ReadOnlyFieldReflection            : loaded 2 times (x 87B)
Class com.sun.xml.bind.v2.model.core.AttributePropertyInfo                            : loaded 2 times (x 72B)
Class com.sun.xml.bind.v2.model.impl.RuntimeReferencePropertyInfoImpl                 : loaded 2 times (x 143B)
Class javax.xml.bind.Binder                                                           : loaded 2 times (x 87B)
Class javax.xml.bind.JAXBContext                                                      : loaded 2 times (x 80B)
Class [Lcom.android.repository.Revision$PreviewComparison;                            : loaded 2 times (x 71B)
Class com.android.builder.sdk.SdkLibData                                              : loaded 2 times (x 79B)
Class com.android.build.gradle.internal.profile.AnalyticsService$Inject_              : loaded 2 times (x 132B)
Class com.google.protobuf.DescriptorProtos$DescriptorProto$ExtensionRange             : loaded 2 times (x 202B)
Class com.android.build.gradle.internal.scope.InternalArtifactType$CONSUMER_PROGUARD_DIR: loaded 2 times (x 76B)
Class com.android.build.gradle.internal.tasks.SigningReportTask                       : loaded 2 times (x 324B)
Class com.android.build.gradle.internal.tasks.ListingFileRedirectTask$CreationAction$handleProvider$1: loaded 2 times (x 133B)
Class com.android.build.gradle.internal.res.LinkApplicationAndroidResourcesTask$CreationAction: loaded 2 times (x 98B)
Class com.android.build.gradle.tasks.ProcessApplicationManifest$CreationAction$handleProvider$1: loaded 2 times (x 133B)
Class com.android.build.gradle.internal.HostTestTaskManager$createTopLevelTasksCore$2 : loaded 2 times (x 77B)
Class com.android.build.api.artifact.impl.ScopedArtifactsImpl$ScopedArtifactsOperationImpl$toAppend$2: loaded 2 times (x 77B)
Class com.android.build.api.instrumentation.FramesComputationMode                     : loaded 2 times (x 81B)
Class com.android.build.api.variant.DependenciesInfo                                  : loaded 2 times (x 72B)
Class com.android.build.gradle.internal.VariantManager$getFlavorSelection$2           : loaded 2 times (x 81B)
Class com.android.build.api.variant.impl.GlobalVariantBuilderConfigImpl               : loaded 2 times (x 79B)
Class com.android.build.gradle.internal.plugins.DslContainerProvider$lock$6           : loaded 2 times (x 77B)
Class com.android.build.gradle.internal.dsl.TargetSdkSpecImpl$AgpDecorated_Decorated  : loaded 2 times (x 131B)
Class dagger.hilt.android.plugin.util.VariantsKt                                      : loaded 2 times (x 73B)
Class com.android.build.gradle.internal.lint.AndroidLintGlobalTask$LintFixCreationAction$Companion: loaded 2 times (x 73B)
Class com.android.build.api.artifact.impl.SinglePropertyAdapter                       : loaded 2 times (x 80B)
Class com.android.build.api.artifact.impl.TypedStorageProvider                        : loaded 2 times (x 74B)
Class com.android.build.gradle.internal.plugins.BasePlugin$globalConfig$2$1           : loaded 2 times (x 81B)
Class com.android.build.gradle.internal.dsl.TestOptions$suites$2                      : loaded 2 times (x 81B)
Class com.android.build.gradle.internal.dsl.VariantDimensionBinaryCompatibilityFixParent: loaded 2 times (x 72B)
Class org.jetbrains.kotlin.gradle.plugin.mpp.compilationImpl.factory.KotlinCompilationImplFactory$KotlinCompilationSourceSetsContainerFactory: loaded 2 times (x 72B)
Class org.jetbrains.kotlin.gradle.dsl.JvmDefaultMode                                  : loaded 2 times (x 81B)
Class org.jetbrains.kotlin.gradle.plugin.ProjectLocalConfigurations$ProjectLocalCompatibility: loaded 2 times (x 78B)
Class org.jetbrains.kotlin.build.report.metrics.NON_INCREMENTAL_LOAD_CURRENT_CLASSPATH_SNAPSHOT: loaded 2 times (x 74B)
Class org.jetbrains.kotlin.gradle.plugin.internal.DefaultMavenPublicationComponentAccessor: loaded 2 times (x 77B)
Class org.jetbrains.kotlin.gradle.plugin.statistics.BuildFinishBuildService           : loaded 2 times (x 86B)
Class org.jetbrains.kotlin.gradle.plugin.internal.DefaultProjectIsolationStartParameterAccessor$Factory: loaded 2 times (x 78B)
Class org.jetbrains.kotlin.gradle.dsl.KotlinJvmCompilerOptions                        : loaded 2 times (x 72B)
Class com.android.build.gradle.internal.services.VersionedSdkLoaderService$versionedSdkLoader$2$1: loaded 2 times (x 77B)
Class com.android.build.gradle.internal.ide.dependencies.LibraryDependencyCacheBuildService$Parameters: loaded 2 times (x 72B)
Class com.google.protobuf.DescriptorProtos$EnumValueOptions$Builder                   : loaded 2 times (x 358B)
Class [Lcom.google.protobuf.Descriptors$FileDescriptor;                               : loaded 2 times (x 71B)
Class com.google.wireless.android.sdk.stats.GradleBuildMemorySample                   : loaded 2 times (x 204B)
Class com.android.build.gradle.internal.res.Aapt2FromMaven$Companion$create$aapt2Directory$1$1: loaded 2 times (x 76B)
Class org.jetbrains.kotlin.gradle.utils.MutableObservableSet                          : loaded 2 times (x 72B)
Class com.google.common.collect.ForwardingMap                                         : loaded 2 times (x 134B)
Class org.jetbrains.kotlin.gradle.plugin.hierarchy.KotlinSourceSetTreeClassifierKt    : loaded 2 times (x 73B)
Class com.android.build.gradle.internal.TaskManager$addSubpluginOptionsForBuiltInKotlin$configureKotlinTask$1: loaded 2 times (x 81B)
Class com.android.build.gradle.options.ProjectOptions$OptionValue                     : loaded 2 times (x 74B)
Class com.android.build.api.dsl.ApkExtension                                          : loaded 2 times (x 72B)
Class jdk.internal.jimage.ImageStrings                                                : loaded 2 times (x 72B)
Class org.gradle.accessors.dm.LibrariesForLibs$AndroidxComposeUiTestLibraryAccessors  : loaded 2 times (x 80B)
Class com.amazon.ion.system.IonReaderBuilder                                          : loaded 2 times (x 97B)
Class io.opentelemetry.api.trace.TraceState                                           : loaded 2 times (x 72B)
Class org.jetbrains.plugins.gradle.model.AnnotationProcessingConfig                   : loaded 2 times (x 72B)
Class com.amazon.ion.IonReader                                                        : loaded 2 times (x 72B)
Class gnu.trove.Equality                                                              : loaded 2 times (x 72B)
Class kotlin.text.StringsKt___StringsJvmKt                                            : loaded 2 times (x 73B)
Class kotlin.reflect.KDeclarationContainer                                            : loaded 2 times (x 72B)
Class kotlin.annotation.Retention                                                     : loaded 2 times (x 72B)
Class org.gradle.tooling.model.eclipse.HierarchicalEclipseProject                     : loaded 2 times (x 72B)
Class com.google.wireless.android.sdk.stats.RenderSecurityManagerEvent                : loaded 2 times (x 200B)
Class com.google.wireless.android.sdk.stats.TestRunOrBuilder                          : loaded 2 times (x 72B)
Class com.google.wireless.android.sdk.stats.VirtualizationEventOrBuilder              : loaded 2 times (x 72B)
Class com.google.wireless.android.sdk.stats.JniInspectionEventOrBuilder               : loaded 2 times (x 72B)
Class org.jetbrains.kotlin.gradle.tasks.CompilerPluginOptionsKt                       : loaded 2 times (x 73B)
Class com.android.ide.common.caching.CreatingCache$ValueState                         : loaded 2 times (x 74B)
Class com.android.build.gradle.internal.ide.dependencies.LibraryCacheImpl$getLibrary$1$1: loaded 2 times (x 81B)
Class [Lcom.google.common.io.FileWriteMode;                                           : loaded 2 times (x 71B)
Class com.android.build.gradle.internal.ide.dependencies.LibraryServiceImpl           : loaded 2 times (x 78B)
Class com.android.build.gradle.internal.ide.dependencies.LibraryService               : loaded 2 times (x 72B)
Class com.android.build.gradle.internal.cxx.configure.NativeModelBuilderOutcome$1     : loaded 2 times (x 153B)
Class org.jetbrains.kotlin.buildtools.api.SourcesChanges                              : loaded 2 times (x 72B)
Class com.sun.xml.bind.v2.runtime.reflect.PrimitiveArrayListerBoolean                 : loaded 2 times (x 78B)
Class com.sun.xml.bind.v2.runtime.property.Property                                   : loaded 2 times (x 72B)
Class com.android.sdklib.repository.generated.sysimg.v3.SysImgDetailsType             : loaded 2 times (x 146B)
Class com.android.repository.api.RepositorySource                                     : loaded 2 times (x 72B)
Class com.sun.xml.bind.v2.model.impl.ClassInfoImpl$1                                  : loaded 2 times (x 73B)
Class com.sun.xml.bind.v2.runtime.reflect.Accessor$GetterOnlyReflection               : loaded 2 times (x 87B)
Class javax.xml.bind.annotation.XmlMixed                                              : loaded 2 times (x 72B)
Class com.sun.xml.bind.v2.model.nav.ReflectionNavigator                               : loaded 2 times (x 125B)
Class com.sun.xml.bind.v2.model.annotation.AnnotationReader                           : loaded 2 times (x 72B)
Class com.android.repository.impl.generated.v1.LicenseType                            : loaded 2 times (x 89B)
Class com.android.sdklib.repository.generated.common.v1.LibraryType                   : loaded 2 times (x 92B)
Class com.android.sdklib.repository.meta.DetailsTypes$AddonDetailsType                : loaded 2 times (x 72B)
Class com.android.sdklib.repository.legacy.remote.internal.DownloadCache              : loaded 2 times (x 79B)
Class com.android.build.gradle.internal.tasks.SigningConfigWriterTask$CreationAction$handleProvider$1: loaded 2 times (x 133B)
Class org.jetbrains.kotlin.konan.target.HostManager$Companion$targetAliases$2         : loaded 2 times (x 80B)
Class com.android.build.gradle.internal.tasks.GlobalSyntheticsMergeTask               : loaded 2 times (x 338B)
Class com.android.tools.analytics.NullUsageTracker                                    : loaded 2 times (x 84B)
Class com.android.build.gradle.internal.scope.InternalArtifactType$PUBLIC_RES         : loaded 2 times (x 76B)
Class com.android.build.gradle.internal.publishing.PublishingSpecs$Companion$1        : loaded 2 times (x 80B)
Class org.jetbrains.kotlin.gradle.internal.transforms.ClasspathEntrySnapshotTransform$Parameters_Decorated: loaded 2 times (x 157B)
Class com.android.build.api.variant.impl.JniLibsTestedApkPackagingImpl$testOnly$1     : loaded 2 times (x 77B)
Class com.android.build.gradle.internal.tasks.CompressAssetsTask$CreationAction$handleProvider$1: loaded 2 times (x 133B)
Class com.android.build.api.component.impl.features.AndroidResourcesCreationConfigImpl$pseudoLocalesEnabled$2: loaded 2 times (x 81B)
Class com.android.build.gradle.tasks.ProcessMultiApkApplicationManifest$CreationAction: loaded 2 times (x 92B)
Class com.android.build.gradle.tasks.ProcessApplicationManifest$CreationAction$handleProvider$2: loaded 2 times (x 133B)
Class com.android.build.gradle.internal.tasks.PrepareLintJarForPublish                : loaded 2 times (x 331B)
Class com.android.build.gradle.internal.VariantTaskManager$Companion                  : loaded 2 times (x 73B)
Class [Lcom.google.wireless.android.sdk.stats.GradleBuildVariant$DexMergerTool;       : loaded 2 times (x 71B)
Class com.android.build.api.artifact.impl.ScopedArtifactsImpl$ScopedArtifactsOperationImpl$toAppend$3: loaded 2 times (x 77B)
Class dagger.hilt.android.plugin.HiltGradlePlugin$createHiltCompileOnlyConfiguration$5$1$1: loaded 2 times (x 76B)
Class com.android.build.api.variant.VariantOutputConfiguration                        : loaded 2 times (x 72B)
Class com.android.build.gradle.internal.core.dsl.impl.ApplicationVariantDslInfoImpl$versionCode$2: loaded 2 times (x 81B)
Class com.google.devtools.ksp.gradle.KspConfigurations$1                              : loaded 2 times (x 77B)
Class com.android.build.gradle.internal.tasks.ExtractProguardFiles$CreationAction$handleProvider$1: loaded 2 times (x 133B)
Class com.android.build.gradle.internal.dsl.SdkComponentsImpl$ndkDirectory$2          : loaded 2 times (x 81B)
Class com.android.build.gradle.internal.dsl.Splits$AgpDecorated_Decorated             : loaded 2 times (x 131B)
Class com.android.repository.Revision$Precision                                       : loaded 2 times (x 81B)
Class com.android.build.api.dsl.ApplicationInstallation                               : loaded 2 times (x 72B)
Class com.android.build.api.dsl.ConfigurableFiles                                     : loaded 2 times (x 72B)
Class org.jetbrains.kotlin.gradle.utils.Completable                                   : loaded 2 times (x 74B)
Class org.jetbrains.kotlin.build.report.metrics.RUN_ENTRY_POINT                       : loaded 2 times (x 74B)
Class org.jetbrains.kotlin.build.report.metrics.IR_PRE_LOWERING                       : loaded 2 times (x 74B)
Class org.jetbrains.kotlin.build.report.metrics.CLEAR_OUTPUT                          : loaded 2 times (x 74B)
Class org.jetbrains.kotlin.gradle.plugin.DefaultKotlinBasePlugin$addKotlinCompilerConfiguration$2$1: loaded 2 times (x 77B)
Class org.jetbrains.kotlin.gradle.plugin.internal.DefaultCompatibilityConventionRegistrar$Factory: loaded 2 times (x 78B)
Class com.android.builder.internal.StringCachingService                               : loaded 2 times (x 72B)
Class com.google.protobuf.Internal$EnumLiteMap                                        : loaded 2 times (x 72B)
Class com.google.wireless.android.sdk.stats.GradleBuildProject$CompileOptionsOrBuilder: loaded 2 times (x 72B)
Class com.google.wireless.android.sdk.stats.GradleBuildMemorySample$1                 : loaded 2 times (x 153B)
Class com.google.gson.internal.bind.TypeAdapters$34$1                                 : loaded 2 times (x 76B)
Class com.android.build.gradle.tasks.ProcessTestManifest$CreationAction$handleProvider$1: loaded 2 times (x 133B)
Class com.android.build.gradle.internal.TaskManager$PreBuildCreationAction            : loaded 2 times (x 93B)
Class com.android.build.gradle.internal.attribution.CheckJetifierBuildService         : loaded 2 times (x 82B)
Class com.android.build.gradle.options.FeatureStage$Experimental                      : loaded 2 times (x 74B)
Class [Lcom.android.build.gradle.internal.errors.DeprecationReporter$DeprecationTarget;: loaded 2 times (x 71B)
Class com.android.build.gradle.internal.services.ProjectServices                      : loaded 2 times (x 74B)
Class com.amazon.ion.IonClob                                                          : loaded 2 times (x 72B)
Class io.opentelemetry.context.LazyStorage                                            : loaded 2 times (x 73B)
Class org.jetbrains.plugins.gradle.tooling.ModelBuilderService$Parameter              : loaded 2 times (x 72B)
Class kotlin.io.FilesKt                                                               : loaded 2 times (x 73B)
Class kotlin.collections.MapsKt___MapsKt                                              : loaded 2 times (x 73B)
Class kotlin.collections.ArraysKt___ArraysKt                                          : loaded 2 times (x 73B)
Class com.google.wireless.android.sdk.stats.AdvertiserNotificationEvent               : loaded 2 times (x 199B)
Class com.google.wireless.android.sdk.stats.GradleVersionCatalogDetectorEvent         : loaded 2 times (x 197B)
Class com.google.wireless.android.sdk.stats.WhatsNewAssistantUpdateEvent              : loaded 2 times (x 214B)
Class com.google.wireless.android.sdk.stats.NonTransitiveRClassMigrationEventOrBuilder: loaded 2 times (x 72B)
Class org.jetbrains.kotlin.gradle.dsl.KotlinHierarchyDsl                              : loaded 2 times (x 72B)
Class com.google.common.hash.HashCode$IntHashCode                                     : loaded 2 times (x 82B)
Class org.jetbrains.kotlin.gradle.plugin.ide.IdeCompilerArgumentsResolver             : loaded 2 times (x 72B)
Class com.google.common.io.Files                                                      : loaded 2 times (x 73B)
Class com.android.build.gradle.internal.ide.dependencies.BuildIdentifierMethods       : loaded 2 times (x 73B)
Class com.android.build.gradle.internal.tasks.PrepareLintJarForPublishKt$getPublishedCustomLintChecks$1: loaded 2 times (x 77B)
Class com.android.build.gradle.internal.SdkParsingUtilsKt                             : loaded 2 times (x 73B)
Class org.jetbrains.kotlin.gradle.tasks.DefaultKotlinJavaToolchain$DefaultJdkSetter   : loaded 2 times (x 78B)
Class com.android.sdklib.repository.generated.repository.v1.LayoutlibType             : loaded 2 times (x 76B)
Class com.sun.xml.bind.v2.model.impl.PropertyInfoImpl$1                               : loaded 2 times (x 73B)
Class javax.xml.bind.annotation.XmlInlineBinaryData                                   : loaded 2 times (x 72B)
Class com.sun.xml.bind.v2.runtime.Location                                            : loaded 2 times (x 72B)
Class javax.xml.bind.JAXBContextFactory                                               : loaded 2 times (x 72B)
Class com.sun.xml.bind.v2.runtime.reflect.Accessor$1                                  : loaded 2 times (x 87B)
Class com.android.build.gradle.internal.profile.AnalyticsService$Params$Inject_       : loaded 2 times (x 122B)
Class com.sun.xml.bind.v2.runtime.property.SingleReferenceNodeProperty                : loaded 2 times (x 104B)
Class com.sun.xml.bind.v2.runtime.unmarshaller.StructureLoader$1                      : loaded 2 times (x 73B)
Class com.android.build.gradle.internal.scope.InternalArtifactType$DATA_BINDING_ARTIFACT: loaded 2 times (x 76B)
Class com.android.build.gradle.internal.scope.InternalArtifactType$ANDROID_TEST_LINT_PARTIAL_RESULTS: loaded 2 times (x 76B)
Class com.android.build.gradle.internal.publishing.PublishingSpecs$Companion$2        : loaded 2 times (x 80B)
Class com.android.build.gradle.internal.dependency.ExtractNavigationXmlTransform$Inject_1: loaded 2 times (x 111B)
Class com.android.build.gradle.internal.dependency.ClassesDirToClassesTransform$Inject_1: loaded 2 times (x 111B)
Class com.android.build.gradle.internal.services.Aapt2Input                           : loaded 2 times (x 72B)
Class com.android.build.api.variant.impl.SigningConfigImpl$storeType$1                : loaded 2 times (x 77B)
Class com.android.build.gradle.internal.tasks.GlobalSyntheticsGeneratorTask$CreationAction$handleProvider$1: loaded 2 times (x 133B)
Class org.jetbrains.kotlin.gradle.dsl.KotlinVersion$Companion                         : loaded 2 times (x 73B)
Class org.jetbrains.kotlin.gradle.plugin.mpp.KotlinOnlyTarget                         : loaded 2 times (x 152B)
Class com.android.build.gradle.tasks.KotlinTaskCreationAction                         : loaded 2 times (x 78B)
Class com.android.build.gradle.tasks.ProcessApplicationManifest$CreationAction$handleProvider$3: loaded 2 times (x 133B)
Class com.android.build.gradle.internal.scope.InternalArtifactType$APK_IDE_MODEL      : loaded 2 times (x 76B)
Class com.android.build.gradle.internal.ScreenshotTestTaskManager                     : loaded 2 times (x 84B)
Class [Lcom.android.build.api.variant.ComponentIdentity;                              : loaded 2 times (x 71B)
Class dagger.hilt.android.plugin.HiltGradlePlugin$createHiltCompileOnlyConfiguration$5$1$2: loaded 2 times (x 76B)
Class dagger.hilt.android.plugin.util.StringsKt                                       : loaded 2 times (x 73B)
Class com.android.build.api.component.impl.HostTestImpl$androidResourcesCreationConfig$2: loaded 2 times (x 81B)
Class com.android.build.gradle.internal.variant.TestVariantData                       : loaded 2 times (x 74B)
Class com.android.build.gradle.internal.scope.MutableTaskContainer                    : loaded 2 times (x 98B)
Class com.android.build.api.attributes.AgpVersionAttr$Companion                       : loaded 2 times (x 73B)
Class com.google.wireless.android.sdk.stats.GradleBuildVariant$PrivacySandboxDependenciesInfo: loaded 2 times (x 200B)
Class com.android.build.api.variant.impl.DeviceTestBuilderImpl$Companion              : loaded 2 times (x 73B)
Class com.android.build.gradle.internal.core.MergedOptimization                       : loaded 2 times (x 78B)
Class com.android.build.gradle.internal.core.dsl.impl.ComponentDslInfoImpl            : loaded 2 times (x 122B)
Class com.android.build.gradle.internal.manifest.ManifestValueSource$Params           : loaded 2 times (x 72B)
Class com.android.build.gradle.internal.SystemPropertiesFactory                       : loaded 2 times (x 73B)
Class com.android.build.gradle.internal.SdkLocationSourceSet                          : loaded 2 times (x 74B)
Class com.google.devtools.ksp.gradle.KspConfigurations$2                              : loaded 2 times (x 77B)
Class com.android.build.gradle.internal.services.VariantBuilderServicesImpl           : loaded 2 times (x 90B)
Class com.android.build.gradle.internal.dsl.BundleOptionsDensity$AgpDecorated_Decorated: loaded 2 times (x 127B)
Class com.android.build.gradle.internal.dsl.AdbOptions                                : loaded 2 times (x 89B)
Class com.android.build.api.artifact.ArtifactKind                                     : loaded 2 times (x 74B)
Class com.android.build.gradle.internal.dsl.PackagingOptions                          : loaded 2 times (x 113B)
Class com.android.build.api.dsl.JavaCompileOptions                                    : loaded 2 times (x 72B)
Class com.android.build.gradle.internal.dsl.BundleOptionsTexture                      : loaded 2 times (x 83B)
Class org.bouncycastle.operator.OperatorCreationException                             : loaded 2 times (x 84B)
Class org.jetbrains.kotlin.gradle.dsl.DefaultToolchainSupport                         : loaded 2 times (x 78B)
Class org.jetbrains.kotlin.gradle.plugin.abi.internal.AbiValidationExtensionImpl      : loaded 2 times (x 108B)
Class org.jetbrains.kotlin.gradle.plugin.VariantImplementationFactories$Inject_       : loaded 2 times (x 108B)
Class org.jetbrains.kotlin.gradle.plugin.internal.CustomPropertiesFileValueSource     : loaded 2 times (x 84B)
Class org.jetbrains.kotlin.gradle.InternalKotlinGradlePluginApi                       : loaded 2 times (x 72B)
Class com.android.build.gradle.internal.plugins.BasePlugin$versionedSdkLoaderService$2$1: loaded 2 times (x 81B)
Class [Lcom.android.prefs.VariableType;                                               : loaded 2 times (x 71B)
Class com.google.protobuf.DescriptorProtos$EnumOptions                                : loaded 2 times (x 255B)
Class com.android.sdklib.IAndroidTarget                                               : loaded 2 times (x 72B)
Class com.google.protobuf.LazyStringList                                              : loaded 2 times (x 72B)
Class org.jetbrains.kotlin.gradle.plugin.PropertiesProvider$separateKmpCompilation$1  : loaded 2 times (x 81B)
Class com.google.devtools.ksp.gradle.KspSubpluginKt$maybeRegisterTransform$2          : loaded 2 times (x 76B)
Class com.android.utils.Environment$Companion                                         : loaded 2 times (x 73B)
Class com.android.build.gradle.internal.plugins.VersionCheckPlugin$apply$1            : loaded 2 times (x 81B)
Class org.gradle.accessors.dm.LibrariesForLibs$AndroidPluginAccessors                 : loaded 2 times (x 76B)
Class com.amazon.ion.impl.lite.IonLobLite                                             : loaded 2 times (x 187B)
Class com.amazon.ion.impl.lite.IonTextLite                                            : loaded 2 times (x 184B)
Class com.amazon.ion.IonNumber                                                        : loaded 2 times (x 72B)
Class gnu.trove.TObjectHashingStrategy                                                : loaded 2 times (x 72B)
Class kotlin.collections.MapsKt__MapWithDefaultKt                                     : loaded 2 times (x 73B)
Class org.gradle.tooling.internal.adapter.ProtocolToModelAdapter$ReflectionMethodInvoker: loaded 2 times (x 78B)
Class com.android.tools.analytics.JournalingUsageTracker$scheduleFlush$1              : loaded 2 times (x 77B)
Class com.google.wireless.android.sdk.stats.WearHealthServicesEvent                   : loaded 2 times (x 197B)
Class com.google.wireless.android.sdk.stats.Align16kbEvent                            : loaded 2 times (x 203B)
Class com.google.wireless.android.sdk.stats.OomDialogEvent                            : loaded 2 times (x 213B)
Class com.google.wireless.android.sdk.stats.GradleBuildDetailsOrBuilder               : loaded 2 times (x 72B)
Class org.jetbrains.kotlin.gradle.internal.config.LanguageFeature                     : loaded 2 times (x 81B)
Class com.android.build.gradle.internal.ide.v2.ViewBindingOptionsImpl$Companion       : loaded 2 times (x 73B)
Class com.android.build.gradle.internal.ide.v2.ProjectInfoImpl                        : loaded 2 times (x 85B)
Class com.android.build.gradle.internal.ide.v2.ArtifactDependenciesAdjacencyListImpl  : loaded 2 times (x 79B)
Class com.android.build.gradle.internal.ide.v2.LintOptionsImpl$Companion              : loaded 2 times (x 73B)
Class com.android.build.gradle.internal.ide.v2.LintOptionsImpl                        : loaded 2 times (x 109B)
Class com.android.build.gradle.internal.ide.Utils                                     : loaded 2 times (x 73B)
Class org.jetbrains.kotlin.gradle.tasks.TaskOutputsBackup                             : loaded 2 times (x 74B)
Class com.android.build.api.variant.impl.FlatSourceDirectoriesImpl$getAsFileTreesForOldVariantAPI$1: loaded 2 times (x 77B)
Class com.sun.xml.bind.v2.runtime.JaxBeanInfo$1                                       : loaded 2 times (x 79B)
Class javax.xml.bind.ValidationEvent                                                  : loaded 2 times (x 72B)
Class com.sun.xml.bind.v2.model.impl.Utils                                            : loaded 2 times (x 73B)
Class com.android.repository.api.Channel                                              : loaded 2 times (x 83B)
Class com.android.sdklib.repository.meta.Library                                      : loaded 2 times (x 91B)
Class com.android.sdklib.repository.generated.sysimg.v4.ObjectFactory                 : loaded 2 times (x 77B)
Class com.android.build.gradle.internal.PlatformToolsComponents$Companion$build$fileExists$1: loaded 2 times (x 77B)
Class com.android.build.gradle.internal.SdkComponentsBuildService$VersionedSdkLoader$coreForSystemModulesProvider$1: loaded 2 times (x 77B)
Class org.jetbrains.kotlin.konan.target.Family                                        : loaded 2 times (x 81B)
Class com.android.build.gradle.internal.ide.dependencies.StringCacheImpl              : loaded 2 times (x 77B)
Class com.android.build.gradle.internal.publishing.PublishingSpecs$Companion$3        : loaded 2 times (x 80B)
Class com.android.build.gradle.internal.scope.InternalArtifactType$FEATURE_NAME       : loaded 2 times (x 76B)
Class com.android.build.gradle.internal.scope.InternalArtifactType$AAPT_PROGUARD_FILE : loaded 2 times (x 76B)
Class com.android.build.api.artifact.SingleArtifact$OBFUSCATION_MAPPING_FILE          : loaded 2 times (x 76B)
Class com.android.build.gradle.internal.dependency.DexingOutputSplitTransform$DexOutput: loaded 2 times (x 81B)
Class com.android.build.gradle.internal.dependency.LibrarySymbolTableTransform$Inject_1: loaded 2 times (x 111B)
Class com.android.build.gradle.internal.NdkHandlerInput                               : loaded 2 times (x 75B)
Class com.android.build.gradle.internal.scope.InternalArtifactType$CODE_COVERAGE      : loaded 2 times (x 76B)
Class com.android.build.gradle.internal.scope.InternalArtifactType$NATIVE_SYMBOL_TABLES: loaded 2 times (x 76B)
Class com.android.build.gradle.internal.tasks.MergeGeneratedProguardFilesCreationAction$Companion: loaded 2 times (x 73B)
Class org.jetbrains.kotlin.gradle.internal.CompilerOptionsDslHelpersKt                : loaded 2 times (x 73B)
Class com.android.build.api.variant.impl.FileBasedDirectoryEntryImpl                  : loaded 2 times (x 87B)
Class com.android.build.gradle.internal.component.KmpComponentCreationConfig          : loaded 2 times (x 72B)
Class com.android.build.gradle.tasks.ProcessApplicationManifest$CreationAction$handleProvider$4: loaded 2 times (x 76B)
Class com.android.build.gradle.tasks.ProcessApplicationManifest                       : loaded 2 times (x 365B)
Class [Lcom.android.build.gradle.internal.scope.Java8LangSupport;                     : loaded 2 times (x 71B)
Class dagger.hilt.android.plugin.util.TasksKt$addKaptTaskProcessorOptions$1           : loaded 2 times (x 77B)
Class dagger.hilt.android.plugin.HiltGradlePlugin$createHiltCompileOnlyConfiguration$5$1$3: loaded 2 times (x 76B)
Class dagger.hilt.android.plugin.HiltGradlePlugin$createHiltCompileOnlyConfiguration$1: loaded 2 times (x 133B)
Class com.google.wireless.android.sdk.stats.VariantApiUsage$1                         : loaded 2 times (x 153B)
Class com.android.build.gradle.internal.scope.AndroidTestBuildFeatureValuesImpl       : loaded 2 times (x 102B)
Class com.android.build.api.variant.impl.AndroidTestBuilderImpl                       : loaded 2 times (x 98B)
Class com.android.build.gradle.internal.plugins.BasePlugin$variantManager$2$1         : loaded 2 times (x 81B)
Class com.android.build.gradle.internal.tasks.factory.GlobalTaskCreationConfigImpl$Companion: loaded 2 times (x 73B)
Class com.android.build.api.dsl.UnitTestOptions                                       : loaded 2 times (x 72B)
Class com.android.builder.core.ToolsRevisionUtils                                     : loaded 2 times (x 73B)
Class com.android.builder.model.BaseConfig                                            : loaded 2 times (x 72B)
Class com.android.build.gradle.internal.dsl.AndroidSourceSetFactory                   : loaded 2 times (x 79B)
Class [Lcom.google.wireless.android.sdk.stats.GradleBuildVariant$VariantType;         : loaded 2 times (x 71B)
Class com.google.wireless.android.sdk.stats.BrowserSurveyEventOrBuilder               : loaded 2 times (x 72B)
Class org.jetbrains.kotlin.gradle.plugin.abi.internal.AbiValidationExtensionKt        : loaded 2 times (x 73B)
Class org.jetbrains.kotlin.gradle.internal.properties.NativePropertiesLoader$konanDataDirProperty$1: loaded 2 times (x 77B)
Class org.jetbrains.kotlin.gradle.plugin.KotlinGradleBuildServices$Inject_            : loaded 2 times (x 102B)
Class org.jetbrains.kotlin.gradle.plugin.KotlinGradleBuildServices$Companion$registerIfAbsent$2$1: loaded 2 times (x 81B)
Class org.jetbrains.kotlin.gradle.plugin.VariantImplementationFactoriesConfigurator$Inject_: loaded 2 times (x 98B)
Class com.google.wireless.android.sdk.stats.AppLinksAssistantEvent                    : loaded 2 times (x 232B)
Class com.android.prefs.QueryResult                                                   : loaded 2 times (x 84B)
Class com.google.protobuf.FieldSet                                                    : loaded 2 times (x 74B)
Class com.google.wireless.android.sdk.stats.TSdkUAEvent                               : loaded 2 times (x 205B)
Class com.android.tools.analytics.HostData$runtimeBean$2                              : loaded 2 times (x 80B)
Class com.google.protobuf.MutabilityOracle                                            : loaded 2 times (x 72B)
Class com.google.protobuf.GeneratedMessageV3$Builder                                  : loaded 2 times (x 280B)
Class com.google.wireless.android.sdk.stats.KotlinGradlePerformance                   : loaded 2 times (x 228B)
Class com.google.wireless.android.sdk.stats.StudioBotToolWindowAutoOpenEvent          : loaded 2 times (x 197B)
Class org.gradle.internal.classloader.ClassLoaderHierarchy                            : loaded 2 times (x 72B)
Class com.android.build.gradle.options.ApiStage$Removed                               : loaded 2 times (x 74B)
Class com.android.build.gradle.internal.plugins.BasePlugin$apply$1                    : loaded 2 times (x 77B)
Class [Lcom.amazon.ion.impl.bin.IonManagedBinaryWriter$UserState;                     : loaded 2 times (x 71B)
Class com.amazon.ion.impl.bin.utf8.Utf8StringEncoder                                  : loaded 2 times (x 82B)
Class com.amazon.ion.IonBool                                                          : loaded 2 times (x 72B)
Class kotlin.text.StringsKt___StringsKt                                               : loaded 2 times (x 73B)
Class com.google.common.collect.NullsLastOrdering                                     : loaded 2 times (x 117B)
Class kotlin.collections.CollectionsKt__MutableCollectionsJVMKt                       : loaded 2 times (x 73B)
Class kotlin.collections.CollectionsKt__ReversedViewsKt                               : loaded 2 times (x 73B)
Class kotlin.enums.EnumEntriesKt                                                      : loaded 2 times (x 73B)
Class com.google.wireless.android.sdk.stats.ComposeAnimationToolingEvent              : loaded 2 times (x 199B)
Class com.google.wireless.android.sdk.stats.InstantRun                                : loaded 2 times (x 208B)
Class com.google.wireless.android.sdk.stats.SmlAiExcludeEventOrBuilder                : loaded 2 times (x 72B)
Class com.google.wireless.android.sdk.stats.ApkDebugProjectOrBuilder                  : loaded 2 times (x 72B)
Class com.android.ide.common.caching.CreatingCache$State                              : loaded 2 times (x 81B)
Class com.android.build.api.dsl.TestExtension                                         : loaded 2 times (x 72B)
Class com.android.build.gradle.internal.ide.v2.TestInfoImpl$Companion                 : loaded 2 times (x 73B)
Class org.jetbrains.kotlin.gradle.internal.Kapt3KotlinGradleSubpluginKt               : loaded 2 times (x 73B)
Class com.android.build.gradle.internal.ProguardFileType                              : loaded 2 times (x 81B)
Class kotlin.sequences.SequencesKt__SequenceBuilderKt                                 : loaded 2 times (x 73B)
Class com.sun.xml.bind.v2.runtime.property.ArrayERProperty$ReceiverImpl               : loaded 2 times (x 77B)
Class [Ljavax.xml.bind.annotation.XmlElement;                                         : loaded 2 times (x 71B)
Class com.sun.xml.bind.v2.runtime.reflect.Utils$1                                     : loaded 2 times (x 79B)
Class javax.xml.bind.annotation.XmlAccessType                                         : loaded 2 times (x 81B)
Class javax.xml.bind.annotation.XmlType                                               : loaded 2 times (x 72B)
Class com.sun.xml.bind.v2.model.annotation.XmlEnumQuick                               : loaded 2 times (x 93B)
Class com.sun.xml.bind.v2.model.annotation.RuntimeInlineAnnotationReader              : loaded 2 times (x 108B)
Class kotlin.io.FilesKt__FileTreeWalkKt                                               : loaded 2 times (x 73B)
Class com.android.build.gradle.internal.publishing.PublishingSpecs$Companion$4        : loaded 2 times (x 80B)
Class com.android.build.gradle.tasks.AidlCompile                                      : loaded 2 times (x 340B)
Class com.android.build.gradle.tasks.GenerateBuildConfig                              : loaded 2 times (x 348B)
Class com.android.build.gradle.internal.dependency.RecalculateStackFramesTransform$Companion$registerRecalculateStackFramesTransform$1$1: loaded 2 times (x 77B)
Class com.android.build.gradle.internal.dependency.RecalculateStackFramesTransform    : loaded 2 times (x 81B)
Class com.android.build.api.artifact.SingleArtifact$BUNDLE                            : loaded 2 times (x 76B)
Class com.android.build.gradle.internal.tasks.ApplicationTaskManager$doCreateTasksForVariant$d8DexStartupOptimizationEnabled$1: loaded 2 times (x 76B)
Class com.android.build.gradle.internal.scope.InternalArtifactType$DEX_METADATA_DIRECTORY: loaded 2 times (x 76B)
Class org.jetbrains.kotlin.gradle.dsl.KotlinJvmCompile                                : loaded 2 times (x 72B)
Class com.android.build.gradle.internal.scope.InternalArtifactType$ANNOTATION_PROCESSOR_LIST: loaded 2 times (x 76B)
Class com.android.build.gradle.tasks.GenerateManifestJarTask$CreationAction           : loaded 2 times (x 92B)
Class com.android.build.gradle.internal.tasks.ExtractNativeDebugMetadataTask$CreationAction: loaded 2 times (x 93B)
Class com.google.common.base.VerifyException                                          : loaded 2 times (x 84B)
Class dagger.hilt.android.plugin.HiltGradlePlugin$createHiltCompileOnlyConfiguration$5$1$4: loaded 2 times (x 76B)
Class dagger.hilt.android.plugin.HiltGradlePlugin$createHiltCompileOnlyConfiguration$2: loaded 2 times (x 133B)
Class com.android.build.gradle.internal.core.dsl.InstrumentedTestComponentDslInfo     : loaded 2 times (x 72B)
Class com.android.build.api.variant.impl.VariantImpl$pseudoLocalesEnabled$2           : loaded 2 times (x 81B)
Class com.android.build.api.component.impl.ComponentImpl$oldVariantApiLegacySupport$2 : loaded 2 times (x 81B)
Class com.android.build.gradle.internal.core.dsl.impl.DslInfoBuilder$Companion        : loaded 2 times (x 73B)
Class com.android.build.gradle.internal.api.ReadOnlyObjectProvider                    : loaded 2 times (x 78B)
Class com.android.builder.core.LibraryRequest                                         : loaded 2 times (x 74B)
Class com.google.common.base.Enums                                                    : loaded 2 times (x 73B)
Class com.android.builder.model.VectorDrawablesOptions                                : loaded 2 times (x 72B)
Class kotlin.jvm.internal.CollectionToArray                                           : loaded 2 times (x 73B)
Class com.android.build.gradle.internal.dsl.MaxSdkSpecImpl                            : loaded 2 times (x 81B)
Class com.android.build.gradle.internal.dsl.DefaultConfig                             : loaded 2 times (x 439B)
Class kotlin.sequences.FilteringSequence$iterator$1                                   : loaded 2 times (x 81B)
Class org.jetbrains.kotlin.gradle.plugin.UsesVariantImplementationFactories           : loaded 2 times (x 72B)
Class org.jetbrains.kotlin.gradle.internal.Kapt3GradleSubplugin                       : loaded 2 times (x 83B)
Class com.android.build.gradle.internal.services.AndroidLocationsBuildService$AndroidDirectoryCreator$Inject_: loaded 2 times (x 113B)
Class com.google.protobuf.Android                                                     : loaded 2 times (x 73B)
Class com.google.protobuf.Descriptors$DescriptorValidationException                   : loaded 2 times (x 87B)
Class com.intellij.gradle.toolingExtension.impl.model.sourceSetModel.GradleSourceSetSerialisationService$Companion: loaded 2 times (x 73B)
Class com.amazon.ion.impl._Private_IonValue                                           : loaded 2 times (x 72B)
Class com.amazon.ion.impl.bin.IonManagedBinaryWriter$UserState$2                      : loaded 2 times (x 87B)
Class jdk.internal.jimage.BasicImageReader                                            : loaded 2 times (x 97B)
Class [Lcom.android.build.gradle.options.BooleanOption;                               : loaded 2 times (x 71B)
Class com.android.build.gradle.internal.services.ServiceRegistrationAction$execute$1  : loaded 2 times (x 77B)
Class [Lcom.google.common.util.concurrent.DirectExecutor;                             : loaded 2 times (x 71B)
Class org.gradle.accessors.dm.LibrariesForLibs$AndroidxLifecycleViewmodelLibraryAccessors: loaded 2 times (x 79B)
Class com.amazon.ion.IonLoader                                                        : loaded 2 times (x 72B)
Class io.opentelemetry.context.propagation.NoopTextMapPropagator                      : loaded 2 times (x 78B)
Class com.intellij.gradle.toolingExtension.model.repositoryModel.ProjectRepositoriesModel: loaded 2 times (x 72B)
Class org.jetbrains.plugins.gradle.model.GradleProperty                               : loaded 2 times (x 72B)
Class gnu.trove.TObjectCanonicalHashingStrategy                                       : loaded 2 times (x 80B)
Class com.google.common.collect.ImmutableRangeSet$ComplementRanges                    : loaded 2 times (x 209B)
Class sync_studio_tooling9_d3r6ej5zo0do14vwbjxummxmk                                  : loaded 2 times (x 173B)
Class com.google.wireless.android.sdk.stats.PromptLibraryEvent                        : loaded 2 times (x 201B)
Class com.google.wireless.android.sdk.stats.StudioToolWindowActionStats               : loaded 2 times (x 202B)
Class com.google.wireless.android.sdk.stats.MlModelBindingEvent                       : loaded 2 times (x 204B)
Class com.google.wireless.android.sdk.stats.GradleBuildDetails                        : loaded 2 times (x 234B)
Class org.jetbrains.kotlin.compilerRunner.ArgumentsToStrings                          : loaded 2 times (x 73B)
Class org.jetbrains.kotlin.gradle.utils.CompilerArgsUtilsKt                           : loaded 2 times (x 73B)
Class com.android.build.gradle.internal.ide.dependencies.ResolvedArtifact             : loaded 2 times (x 74B)
Class com.android.build.gradle.internal.plugins.AndroidPluginBaseServices             : loaded 2 times (x 80B)
Class com.android.build.gradle.internal.dependency.JdkImageTransform                  : loaded 2 times (x 81B)
Class com.sun.xml.bind.v2.runtime.Utils$1                                             : loaded 2 times (x 79B)
Class com.sun.xml.bind.v2.runtime.reflect.PrimitiveArrayListerFloat                   : loaded 2 times (x 78B)
Class com.sun.xml.bind.v2.util.FlattenIterator                                        : loaded 2 times (x 81B)
Class com.sun.xml.bind.v2.model.impl.RuntimeElementInfoImpl$RuntimePropertyImpl       : loaded 2 times (x 162B)
Class com.sun.xml.bind.v2.model.runtime.RuntimePropertyInfo                           : loaded 2 times (x 72B)
Class com.sun.xml.bind.v2.model.annotation.XmlElementRefsQuick                        : loaded 2 times (x 93B)
Class javax.xml.bind.annotation.XmlElementRef                                         : loaded 2 times (x 72B)
Class com.android.repository.impl.generated.v1.ArchivesType                           : loaded 2 times (x 77B)
Class com.android.sdklib.BuildToolInfo                                                : loaded 2 times (x 78B)
Class com.android.build.gradle.internal.ClasspathVerifier                             : loaded 2 times (x 73B)
Class com.android.build.gradle.internal.publishing.PublishingSpecs$Companion$5        : loaded 2 times (x 80B)
Class com.android.build.gradle.internal.publishing.LibraryVariantSpecBuilder          : loaded 2 times (x 92B)
Class com.android.build.gradle.internal.dependency.RecalculateStackFramesTransform$Companion$registerRecalculateStackFramesTransform$1$2: loaded 2 times (x 79B)
Class com.android.build.gradle.internal.dependency.DexingRegistration                 : loaded 2 times (x 73B)
Class com.android.build.gradle.internal.dependency.ExtractProGuardRulesTransform$Companion: loaded 2 times (x 73B)
Class com.android.build.gradle.internal.SdkComponentsBuildService$VersionedNdkHandler : loaded 2 times (x 74B)
Class com.android.build.api.variant.DynamicFeatureVariant                             : loaded 2 times (x 72B)
Class com.android.build.gradle.internal.tasks.creationconfig.TestComponentProcessTestManifestCreationConfig: loaded 2 times (x 146B)
Class com.android.build.gradle.internal.tasks.ApplicationTaskManager$createDynamicBundleTask$1: loaded 2 times (x 77B)
Class com.android.build.gradle.internal.utils.GlobalSyntheticsMergingUtilsKt          : loaded 2 times (x 73B)
Class com.google.devtools.ksp.gradle.KspGradleSubplugin$applyToCompilation$4          : loaded 2 times (x 77B)
Class org.jetbrains.kotlin.gradle.plugin.mpp.compilationImpl.factory.KotlinCompilationImplFactory$PostConfigure: loaded 2 times (x 72B)
Class org.jetbrains.kotlin.gradle.tasks.configuration.BaseKotlinCompileConfig$1$1     : loaded 2 times (x 77B)
Class com.android.build.gradle.internal.res.GenerateLibraryRFileTask                  : loaded 2 times (x 352B)
Class com.android.build.gradle.internal.scope.InternalArtifactType$MERGED_RES_BLAME_FOLDER: loaded 2 times (x 76B)
Class com.android.build.gradle.internal.AndroidTestTaskManager                        : loaded 2 times (x 84B)
Class dagger.hilt.android.plugin.HiltGradlePlugin$createHiltCompileOnlyConfiguration$3: loaded 2 times (x 133B)
Class com.google.wireless.android.sdk.stats.AsmFramesComputationModeUpdate$1          : loaded 2 times (x 153B)
Class com.google.wireless.android.sdk.stats.AsmClassesTransformRegistration$Scope$1   : loaded 2 times (x 78B)
Class com.android.build.gradle.internal.core.dsl.impl.HostTestComponentDslInfoImpl$namespace$2: loaded 2 times (x 81B)
Class com.android.build.api.variant.TestFixtures                                      : loaded 2 times (x 72B)
Class com.android.build.api.variant.DeviceTest                                        : loaded 2 times (x 72B)
Class com.android.build.gradle.internal.core.dsl.impl.ConsumableComponentDslInfoImpl$renderscriptDslInfo$2: loaded 2 times (x 81B)
Class com.android.build.gradle.internal.EnvironmentVariablesPropertiesFactory         : loaded 2 times (x 73B)
Class org.jetbrains.kotlin.compose.compiler.gradle.internal.ComposeAgpMappingFileKt$configureComposeMappingFile$1$execute$$inlined$findByType$1: loaded 2 times (x 88B)
Class com.android.build.gradle.internal.dsl.SdkComponentsImpl$aidl$2                  : loaded 2 times (x 81B)
Class com.android.build.gradle.internal.dsl.CmakeOptions$AgpDecorated                 : loaded 2 times (x 103B)
Class com.android.build.gradle.internal.dependency.SourceSetManager$createConfigurationsForSourceSet$createKaptConfiguration$1: loaded 2 times (x 81B)
Class com.android.build.gradle.internal.dsl.JavaCompileOptions$AgpDecorated           : loaded 2 times (x 88B)
Class com.android.build.api.dsl.NdkBuildFlags                                         : loaded 2 times (x 72B)
Class com.android.build.gradle.internal.dsl.CoreExternalNativeNdkBuildOptions         : loaded 2 times (x 72B)
Class com.google.common.base.CaseFormat                                               : loaded 2 times (x 85B)
Class com.android.build.gradle.internal.dsl.DefaultConfig$AgpDecorated_Decorated      : loaded 2 times (x 518B)
Class org.jetbrains.kotlin.gradle.plugin.mpp.AbstractKotlinTarget$kotlinComponents$2  : loaded 2 times (x 81B)
Class org.jetbrains.kotlin.gradle.tasks.abi.KotlinLegacyAbiDumpTask                   : loaded 2 times (x 72B)
Class org.jetbrains.kotlin.gradle.plugin.KotlinPlatformType$CompatibilityRule         : loaded 2 times (x 78B)
Class org.jetbrains.kotlin.gradle.internal.properties.NativePropertiesLoader$actualNativeHomeDirectory$1: loaded 2 times (x 77B)
Class org.jetbrains.kotlin.gradle.internal.properties.NativePropertiesKt              : loaded 2 times (x 73B)
Class org.jetbrains.kotlin.build.report.metrics.SNAPSHOT_KOTLIN_CLASSES               : loaded 2 times (x 74B)
Class com.android.build.gradle.internal.plugins.BasePlugin$dslServices$2              : loaded 2 times (x 81B)
Class org.jetbrains.kotlin.build.report.metrics.NON_INCREMENTAL_COMPILATION_DAEMON    : loaded 2 times (x 74B)
Class org.jetbrains.kotlin.build.report.metrics.GET_LOOKUP_SYMBOLS                    : loaded 2 times (x 74B)
Class com.android.tools.build.gradle.internal.profile.IntegerOption                   : loaded 2 times (x 89B)
Class [Lcom.google.protobuf.Descriptors$GenericDescriptor;                            : loaded 2 times (x 71B)
Class com.android.build.gradle.internal.errors.AndroidProblemReporterProvider$Parameters$Inject_: loaded 2 times (x 108B)
Class com.android.build.gradle.internal.errors.AndroidProblemReporterProvider$Inject_ : loaded 2 times (x 98B)
Class com.google.protobuf.MapField                                                    : loaded 2 times (x 91B)
Class com.google.gson.internal.bind.TypeAdapters$EnumTypeAdapter                      : loaded 2 times (x 76B)
Class com.google.gson.internal.bind.TypeAdapters$28                                   : loaded 2 times (x 77B)
Class com.android.builder.profile.NameAnonymizer                                      : loaded 2 times (x 74B)
Class com.android.build.api.variant.CanMinifyCodeBuilder                              : loaded 2 times (x 72B)
Class com.amazon.ion.impl._Private_Utils                                              : loaded 2 times (x 73B)
Class kotlin.ranges.IntRange$Companion                                                : loaded 2 times (x 73B)
Class kotlin.text.MatcherMatchResult$groups$1                                         : loaded 2 times (x 153B)
Class kotlin.collections.EmptyMap                                                     : loaded 2 times (x 110B)
Class kotlin.reflect.KAnnotatedElement                                                : loaded 2 times (x 72B)
Class kotlin.jvm.internal.markers.KMutableCollection                                  : loaded 2 times (x 72B)
Class kotlin.coroutines.intrinsics.IntrinsicsKt                                       : loaded 2 times (x 73B)
Class org.gradle.internal.exceptions.MultiCauseException                              : loaded 2 times (x 72B)
Class org.gradle.internal.time.CountdownTimer                                         : loaded 2 times (x 72B)
Class kotlin.jvm.internal.Intrinsics                                                  : loaded 2 times (x 73B)
Class org.gradle.kotlin.dsl.KspConfigurationAccessorsKt                               : loaded 2 times (x 73B)
Class org.gradle.kotlin.dsl.ImplementationConfigurationAccessorsKt                    : loaded 2 times (x 73B)
Class com.google.wireless.android.sdk.stats.EmulatorConsoleEventOrBuilder             : loaded 2 times (x 72B)
Class com.google.wireless.android.sdk.stats.IntellijProjectSizeStats                  : loaded 2 times (x 201B)
Class com.google.wireless.android.sdk.stats.JourneyFinishedEvent                      : loaded 2 times (x 197B)
Class com.google.wireless.android.sdk.stats.VfsRefreshOrBuilder                       : loaded 2 times (x 72B)
Class com.google.wireless.android.sdk.stats.EditorNotificationOrBuilder               : loaded 2 times (x 72B)
Class com.google.wireless.android.sdk.stats.WhatsNewAssistantUpdateEventOrBuilder     : loaded 2 times (x 72B)
Class [Lcom.android.build.gradle.internal.cxx.configure.NativeModelBuilderOutcome$Outcome;: loaded 2 times (x 71B)
Class com.google.common.io.ByteStreams$LimitedInputStream                             : loaded 2 times (x 94B)
Class com.android.build.gradle.internal.tasks.ProcessJavaResTask_Decorated            : loaded 2 times (x 638B)
Class com.android.ide.common.process.ProcessException                                 : loaded 2 times (x 84B)
Class com.google.devtools.ksp.gradle.KspAATask$Companion$registerKspAATask$kspTaskProvider$1$2$compilerArgument$1: loaded 2 times (x 76B)
Class org.jetbrains.kotlin.gradle.tasks.GradleCompileTaskProvider                     : loaded 2 times (x 74B)
Class javax.xml.bind.annotation.W3CDomHandler                                         : loaded 2 times (x 87B)
Class com.sun.xml.bind.v2.runtime.reflect.TransducedAccessor$IDREFTransducedAccessorImpl: loaded 2 times (x 82B)
Class com.sun.xml.bind.v2.runtime.unmarshaller.WildcardLoader                         : loaded 2 times (x 81B)
Class com.sun.xml.bind.v2.runtime.unmarshaller.XsiTypeLoader                          : loaded 2 times (x 80B)
Class com.sun.xml.bind.v2.runtime.reflect.AdaptedAccessor                             : loaded 2 times (x 87B)
Class com.sun.xml.bind.v2.model.impl.LeafInfoImpl                                     : loaded 2 times (x 104B)
Class com.android.sdklib.repository.generated.addon.v1.LibrariesType                  : loaded 2 times (x 77B)
Class com.android.sdklib.repository.AndroidSdkHandler                                 : loaded 2 times (x 74B)
Class [Lcom.android.sdklib.repository.legacy.remote.internal.DownloadCache$Strategy;  : loaded 2 times (x 71B)
Class com.google.protobuf.CodedInputStream$UnsafeDirectNioDecoder                     : loaded 2 times (x 121B)
Class com.android.build.gradle.internal.dependency.RecalculateStackFramesTransform$Parameters_Decorated: loaded 2 times (x 140B)
Class com.android.build.gradle.internal.scope.InternalArtifactType$DEVICE_PROVIDER_CODE_COVERAGE: loaded 2 times (x 76B)
Class com.android.build.gradle.internal.tasks.ApplicationTaskManager$createDynamicBundleTask$2: loaded 2 times (x 77B)
Class com.google.devtools.ksp.gradle.KspGradleSubplugin$applyToCompilation$5          : loaded 2 times (x 77B)
Class org.jetbrains.kotlin.gradle.plugin.mpp.compilationImpl.factory.KotlinCompilationDependencyConfigurationsFactoriesKt: loaded 2 times (x 73B)
Class org.jetbrains.kotlin.gradle.plugin.mpp.compilationImpl.DefaultKotlinCompilationFriendPathsResolver: loaded 2 times (x 77B)
Class org.jetbrains.kotlin.gradle.internal.transforms.ClasspathEntrySnapshotTransform$Inject_1: loaded 2 times (x 115B)
Class org.jetbrains.kotlin.gradle.tasks.configuration.BaseKotlinCompileConfig$registerBuildToolsApiTransformations$1: loaded 2 times (x 81B)
Class org.jetbrains.kotlin.gradle.tasks.configuration.AbstractKotlinCompileConfigKt$sam$org_gradle_api_Action$0: loaded 2 times (x 77B)
Class org.jetbrains.kotlin.gradle.plugin.internal.BuildIdService                      : loaded 2 times (x 78B)
Class com.android.build.api.variant.impl.FlatSourceDirectoriesForJavaImpl$internalGenerators$2: loaded 2 times (x 81B)
Class com.android.build.gradle.internal.res.ParseLibraryResourcesTask                 : loaded 2 times (x 345B)
Class com.android.build.gradle.internal.res.LinkApplicationAndroidResourcesTask$CreationAction$handleProvider$1: loaded 2 times (x 133B)
Class com.android.build.gradle.internal.TaskManager$MergeType$PACKAGE                 : loaded 2 times (x 82B)
Class com.android.build.gradle.internal.tasks.ValidateResourcesTask                   : loaded 2 times (x 337B)
Class dagger.hilt.android.plugin.HiltGradlePlugin$createHiltCompileOnlyConfiguration$4: loaded 2 times (x 133B)
Class dagger.hilt.android.plugin.VersionKt                                            : loaded 2 times (x 73B)
Class com.android.build.api.component.analytics.AnalyticsEnabledInstrumentation       : loaded 2 times (x 83B)
Class com.android.build.gradle.internal.services.BuiltInKotlinSupportMode$Supported$BuiltInKotlinBooleanOptionEnabled: loaded 2 times (x 73B)
Class com.android.build.gradle.internal.core.dsl.impl.AndroidTestComponentDslInfoImpl$signingConfigResolver$2: loaded 2 times (x 81B)
Class com.android.build.gradle.internal.component.features.DexingCreationConfig       : loaded 2 times (x 72B)
Class com.android.build.api.variant.SigningConfig                                     : loaded 2 times (x 72B)
Class com.android.build.api.variant.Renderscript                                      : loaded 2 times (x 72B)
Class com.android.build.gradle.internal.dependency.SourceTypeCompatibilityRule        : loaded 2 times (x 78B)
Class com.android.build.gradle.internal.GradleLocalPropertiesFactory$get$propertiesContent$1: loaded 2 times (x 77B)
Class org.jetbrains.kotlin.gradle.plugin.SubpluginArtifact                            : loaded 2 times (x 74B)
Class com.android.build.gradle.internal.dsl.BaseAppModuleExtension_Decorated          : loaded 2 times (x 541B)
Class com.android.build.gradle.internal.api.artifact.SourceArtifactType$JNI           : loaded 2 times (x 76B)
Class com.google.protobuf.DescriptorProtos$ServiceDescriptorProtoOrBuilder            : loaded 2 times (x 72B)
Class com.android.build.gradle.internal.dsl.LibraryAndroidResourcesImpl               : loaded 2 times (x 128B)
Class com.android.build.gradle.internal.model.CoreExternalNativeBuild                 : loaded 2 times (x 72B)
Class com.android.build.api.dsl.ApplicationProductFlavor                              : loaded 2 times (x 72B)
Class org.jetbrains.kotlin.gradle.dsl.KotlinVersion                                   : loaded 2 times (x 81B)
Class org.jetbrains.kotlin.gradle.plugin.abi.internal.AbiFiltersSpecImpl_Decorated    : loaded 2 times (x 147B)
Class org.jetbrains.kotlin.gradle.internal.properties.NativePropertiesLoader$actualNativeHomeDirectory$2: loaded 2 times (x 76B)
Class org.jetbrains.kotlin.gradle.utils.StoredPropertyKt                              : loaded 2 times (x 73B)
Class com.google.protobuf.DescriptorProtos$FileOptions$Builder                        : loaded 2 times (x 404B)
Class com.google.wireless.android.sdk.stats.GradleProjectOptionsSettings$1            : loaded 2 times (x 153B)
Class org.jetbrains.kotlin.build.report.metrics.DIRECTORY_CLASSPATH_ENTRY_SNAPSHOT_SIZE: loaded 2 times (x 74B)
Class com.google.protobuf.AbstractProtobufList                                        : loaded 2 times (x 231B)
Class com.android.tools.analytics.AnalyticsState                                      : loaded 2 times (x 74B)
Class org.jetbrains.kotlin.gradle.plugin.KotlinPlatformType$Companion                 : loaded 2 times (x 73B)
Class org.jetbrains.kotlin.gradle.plugin.KotlinPlatformType$DisambiguationRule        : loaded 2 times (x 78B)
Class org.jetbrains.kotlin.gradle.dsl.abi.BinariesSource                              : loaded 2 times (x 81B)
Class com.android.build.api.dsl.DynamicFeatureVariantDimension                        : loaded 2 times (x 72B)
Class com.google.common.util.concurrent.ListeningScheduledExecutorService             : loaded 2 times (x 72B)
Class com.android.build.gradle.internal.dsl.DeclarativeApplicationExtension           : loaded 2 times (x 72B)
Class jdk.internal.jrtfs.JrtFileSystem                                                : loaded 2 times (x 104B)
Class org.gradle.accessors.dm.LibrariesForLibs$AndroidxLibraryAccessors               : loaded 2 times (x 84B)
Class io.opentelemetry.api.trace.Span                                                 : loaded 2 times (x 72B)
Class com.intellij.gradle.toolingExtension.impl.model.projectModel.GradleExternalProjectSerializationService$ReadContext: loaded 2 times (x 75B)
Class com.intellij.gradle.toolingExtension.impl.model.dependencyModel.DependencyWriteContext: loaded 2 times (x 74B)
Class kotlin.collections.MapsKt                                                       : loaded 2 times (x 73B)
Class kotlin.coroutines.intrinsics.CoroutineSingletons                                : loaded 2 times (x 81B)
Class kotlin.collections.CollectionsKt__IterablesKt                                   : loaded 2 times (x 73B)
Class org.gradle.tooling.model.ProjectModel                                           : loaded 2 times (x 72B)
Class org.gradle.tooling.model.gradle.GradleBuild                                     : loaded 2 times (x 72B)
Class com.google.wireless.android.sdk.stats.CoroutineDebuggerEvent                    : loaded 2 times (x 199B)
Class com.google.wireless.android.sdk.stats.FileUsage                                 : loaded 2 times (x 209B)
Class com.google.wireless.android.sdk.stats.DebuggerEvent                             : loaded 2 times (x 206B)
Class com.google.wireless.android.sdk.stats.AppInspectionEvent                        : loaded 2 times (x 215B)
Class com.google.wireless.android.sdk.stats.EmulatorUiEvent                           : loaded 2 times (x 204B)
Class com.google.wireless.android.sdk.stats.SurveyResponseOrBuilder                   : loaded 2 times (x 72B)
Class com.google.wireless.android.sdk.stats.MlModelBindingEventOrBuilder              : loaded 2 times (x 72B)
Class com.android.build.gradle.internal.ide.dependencies.AdditionalArtifacts          : loaded 2 times (x 74B)
Class com.android.build.gradle.internal.dsl.decorator.SupportedPropertyType$Collection$Set: loaded 2 times (x 76B)
Class org.jetbrains.kotlin.gradle.internal.build.SourcesUtilsKt                       : loaded 2 times (x 73B)
Class javax.xml.bind.ValidationEventLocator                                           : loaded 2 times (x 72B)
Class com.sun.xml.bind.v2.runtime.ElementBeanInfoImpl$IntercepterLoader               : loaded 2 times (x 83B)
Class com.android.sdklib.repository.generated.repository.v2.PlatformDetailsType       : loaded 2 times (x 128B)
Class [Lcom.sun.xml.bind.v2.model.impl.PropertyInfoImpl;                              : loaded 2 times (x 71B)
Class com.sun.xml.bind.v2.model.annotation.XmlElementDeclQuick                        : loaded 2 times (x 98B)
Class com.android.repository.impl.generated.v2.ChannelRefType                         : loaded 2 times (x 79B)
Class com.android.build.gradle.internal.SdkComponentsBuildService$VersionedSdkLoader$emulatorDirectoryProvider$1: loaded 2 times (x 77B)
Class com.android.repository.impl.downloader.LocalFileAwareDownloader                 : loaded 2 times (x 86B)
Class com.android.build.gradle.internal.dsl.ConsumerKeepRulesImpl                     : loaded 2 times (x 94B)
Class com.android.builder.profile.NameAnonymizerSerializer                            : loaded 2 times (x 75B)
Class com.google.protobuf.DescriptorProtos$FieldDescriptorProto$1                     : loaded 2 times (x 153B)
Class com.android.build.gradle.internal.publishing.PublishingSpecs$VariantSpecBuilder : loaded 2 times (x 72B)
Class com.android.build.gradle.internal.tasks.ValidateSigningTask$CreationAction      : loaded 2 times (x 92B)
Class com.android.build.gradle.internal.tasks.CheckDuplicateClassesTask$CreationAction$handleProvider$1: loaded 2 times (x 133B)
Class org.jetbrains.kotlin.gradle.plugin.mpp.compilationImpl.KotlinCompilationSourceSetsContainerKt: loaded 2 times (x 73B)
Class org.jetbrains.kotlin.gradle.tasks.configuration.BaseKotlinCompileConfig$registerBuildToolsApiTransformations$2: loaded 2 times (x 81B)
Class org.jetbrains.kotlin.gradle.tasks.KotlinJvmCompile                              : loaded 2 times (x 72B)
Class com.android.build.api.variant.impl.SourceDirectoriesImpl                        : loaded 2 times (x 88B)
Class com.android.build.api.variant.impl.ResourcesPackagingImpl$excludes$1            : loaded 2 times (x 77B)
Class com.android.build.gradle.internal.res.LinkApplicationAndroidResourcesTask$CreationAction$handleProvider$2: loaded 2 times (x 133B)
Class com.android.build.gradle.internal.instrumentation.AsmClassVisitorFactoryEntry   : loaded 2 times (x 74B)
Class com.android.build.api.component.impl.HostTestImpl_Decorated                     : loaded 2 times (x 486B)
Class com.android.build.gradle.internal.services.BuiltInKaptSupportMode               : loaded 2 times (x 73B)
Class com.android.build.api.extension.impl.AndroidComponentsExtensionImpl$addSourceSetConfigurations$1: loaded 2 times (x 77B)
Class com.android.build.gradle.internal.cxx.configure.NativeModelBuilderOutcome$Builder: loaded 2 times (x 323B)
Class com.android.build.gradle.internal.variant.VariantModelImpl                      : loaded 2 times (x 89B)
Class com.android.build.api.variant.VariantSelector                                   : loaded 2 times (x 72B)
Class com.android.build.gradle.api.InstallableVariant                                 : loaded 2 times (x 72B)
Class com.android.build.gradle.internal.dsl.LintImpl$AgpDecorated_Decorated           : loaded 2 times (x 309B)
Class com.android.build.gradle.internal.dsl.PackagingOptions$AgpDecorated_Decorated   : loaded 2 times (x 163B)
Class com.android.build.gradle.internal.dsl.CoreProductFlavor                         : loaded 2 times (x 72B)
Class com.android.build.api.dsl.BuildType                                             : loaded 2 times (x 72B)
Class com.android.build.gradle.internal.dsl.VcsInfoImpl                               : loaded 2 times (x 79B)
Class org.jetbrains.kotlin.gradle.internal.properties.NativePropertiesLoader$actualNativeHomeDirectory$3: loaded 2 times (x 77B)
Class org.jetbrains.kotlin.gradle.report.BuildReportMode                              : loaded 2 times (x 81B)
Class org.jetbrains.kotlin.build.report.metrics.COMPILE_ITERATION                     : loaded 2 times (x 74B)
Class org.jetbrains.kotlin.build.report.metrics.SET_UP_ABI_SNAPSHOTS                  : loaded 2 times (x 74B)
Class org.jetbrains.kotlin.gradle.plugin.VariantImplementationFactories$Companion$getProvider$2$1$1: loaded 2 times (x 77B)
Class org.jetbrains.kotlin.gradle.plugin.internal.ProjectIsolationStartParameterAccessor$Factory: loaded 2 times (x 72B)
Class com.google.protobuf.Descriptors$NumberGetter                                    : loaded 2 times (x 72B)
Class com.google.protobuf.LazyField                                                   : loaded 2 times (x 87B)
Class com.android.tools.analytics.HostData$graphicsEnvironment$2                      : loaded 2 times (x 80B)
Class com.google.protobuf.Message$Builder                                             : loaded 2 times (x 72B)
Class com.android.tools.analytics.Environment$EnvironmentVariable                     : loaded 2 times (x 81B)
Class com.android.build.gradle.internal.errors.AndroidProblemReporterProvider$Parameters_Decorated: loaded 2 times (x 132B)
Class com.android.build.gradle.internal.errors.AndroidProblemReporterProvider$Parameters: loaded 2 times (x 72B)
Class jdk.internal.jimage.decompressor.CompressedResourceHeader                       : loaded 2 times (x 73B)
Class org.jetbrains.plugins.gradle.model.GradleConfiguration                          : loaded 2 times (x 72B)
Class com.amazon.ion.impl.bin.utf8.Utf8StringEncoderPool                              : loaded 2 times (x 76B)
Class com.amazon.ion.impl._Private_IonSystem                                          : loaded 2 times (x 72B)
Class com.amazon.ion.BufferConfiguration$OversizedValueHandler                        : loaded 2 times (x 72B)
Class kotlin.ranges.OpenEndRange                                                      : loaded 2 times (x 72B)
Class kotlin.sequences.SequenceBuilderIterator                                        : loaded 2 times (x 87B)
Class kotlin.KotlinNullPointerException                                               : loaded 2 times (x 84B)
Class sync_studio_tooling4_4qo5hbc0yfz8pz0hwr0uvlpo3$_run_closure1                    : loaded 2 times (x 140B)
Class com.google.wireless.android.sdk.stats.JvmDetails$1                              : loaded 2 times (x 153B)
Class com.google.wireless.android.sdk.stats.BackupAndSyncEvent                        : loaded 2 times (x 201B)
Class com.google.wireless.android.sdk.stats.EditorCompletionStats                     : loaded 2 times (x 200B)
Class com.google.wireless.android.sdk.stats.ComposeSampleEvent                        : loaded 2 times (x 197B)
Class com.google.wireless.android.sdk.stats.NavEditorEvent                            : loaded 2 times (x 216B)
Class com.google.wireless.android.sdk.stats.VsPluginEventOrBuilder                    : loaded 2 times (x 72B)
Class com.google.wireless.android.sdk.stats.StudioLabsEventOrBuilder                  : loaded 2 times (x 72B)
Class com.google.wireless.android.sdk.stats.DeviceScreenshotEventOrBuilder            : loaded 2 times (x 72B)
Class com.google.wireless.android.sdk.stats.SdkIndexLoadingDetailsOrBuilder           : loaded 2 times (x 72B)
Class com.google.wireless.android.sdk.stats.DirectAccessUsageEventOrBuilder           : loaded 2 times (x 72B)
Class com.android.build.gradle.internal.ide.v2.ProjectInfoImpl$toKeyComponent$$inlined$sortedBy$1: loaded 2 times (x 91B)
Class com.android.build.gradle.internal.dsl.CompileSdkSpecImpl                        : loaded 2 times (x 92B)
Class com.android.build.gradle.internal.ide.dependencies.ArtifactUtils                : loaded 2 times (x 73B)
Class com.google.devtools.ksp.gradle.KspGradleConfig                                  : loaded 2 times (x 106B)
Class org.jetbrains.kotlin.gradle.tasks.DefaultKotlinJavaToolchain$javaExecutable$1   : loaded 2 times (x 77B)
Class org.jetbrains.kotlin.build.report.metrics.BuildAttribute                        : loaded 2 times (x 81B)
Class com.android.build.gradle.internal.tasks.factory.GlobalTaskCreationConfigImpl$platformAttrs$2$attributes$1: loaded 2 times (x 76B)
Class com.android.build.gradle.tasks.JavaCompileOptionsForRoom                        : loaded 2 times (x 77B)
Class com.android.build.api.component.impl.features.OptimizationCreationConfigImpl$consumerProguardFiles$2$consumerProguardFilesProperty$1: loaded 2 times (x 81B)
Class com.sun.xml.bind.v2.runtime.property.SingleMapNodeProperty$1                    : loaded 2 times (x 80B)
Class javax.xml.bind.annotation.XmlList                                               : loaded 2 times (x 72B)
Class com.sun.xml.bind.v2.model.core.EnumLeafInfo                                     : loaded 2 times (x 72B)
Class com.android.build.gradle.internal.SupportToolsComponents                        : loaded 2 times (x 74B)
Class com.android.build.gradle.internal.PlatformToolsComponents                       : loaded 2 times (x 74B)
Class com.android.repository.io.FileOpUtils                                           : loaded 2 times (x 73B)
Class com.android.build.gradle.internal.profile.AnalyticsResourceManager$recordPlugins$1: loaded 2 times (x 77B)
Class com.android.build.gradle.internal.scope.InternalArtifactType$LINT_MODEL         : loaded 2 times (x 76B)
Class com.android.build.gradle.tasks.ProcessTestManifest$CreationAction               : loaded 2 times (x 92B)
Class com.android.build.gradle.internal.tasks.ExtractApksTask$CreationAction$handleProvider$1: loaded 2 times (x 133B)
Class com.android.build.gradle.internal.tasks.ParseIntegrityConfigTask$CreationAction$handleProvider$1: loaded 2 times (x 133B)
Class com.android.build.gradle.internal.scope.InternalArtifactType$BINARY_ART_PROFILE_METADATA: loaded 2 times (x 76B)
Class com.android.build.gradle.tasks.PackageApplication$CreationAction                : loaded 2 times (x 94B)
Class org.jetbrains.kotlin.gradle.plugin.mpp.compilationImpl.KotlinCompilationRegisterInSourceSetsConfigurator: loaded 2 times (x 76B)
Class org.jetbrains.kotlin.gradle.plugin.mpp.compilationImpl.factory.DefaultKotlinCompilationTaskNamesContainerFactory: loaded 2 times (x 76B)
Class org.jetbrains.kotlin.gradle.plugin.mpp.compilationImpl.DefaultKotlinCompilationFriendPathsResolver$FriendArtifactResolver$Companion: loaded 2 times (x 73B)
Class com.android.build.gradle.internal.dependency.ProvidedClasspathSubtractor        : loaded 2 times (x 74B)
Class [Lcom.android.build.gradle.internal.dependency.AdditionalArtifactType;          : loaded 2 times (x 71B)
Class com.android.build.api.component.impl.DeviceTestImpl$buildConfigFields$2         : loaded 2 times (x 81B)
Class com.android.build.gradle.internal.core.dsl.impl.AndroidTestComponentDslInfoImpl$instrumentedTestDelegate$2: loaded 2 times (x 81B)
Class com.google.wireless.android.sdk.stats.AsmFramesComputationModeUpdate            : loaded 2 times (x 197B)
Class com.google.wireless.android.sdk.stats.ApiVersion                                : loaded 2 times (x 200B)
Class [Lcom.android.build.gradle.internal.SdkLocator$PropertyLocation;                : loaded 2 times (x 71B)
Class com.android.build.gradle.internal.dsl.CoreExternalNativeCmakeOptions            : loaded 2 times (x 72B)
Class dagger.hilt.android.plugin.HiltPluginEnvironment                                : loaded 2 times (x 74B)
Class com.android.build.gradle.internal.tasks.factory.BootClasspathConfigImpl$1       : loaded 2 times (x 81B)
Class com.android.build.gradle.internal.api.DefaultAndroidSourceSet$AndroidSourceDirectorySetFactory: loaded 2 times (x 77B)
Class com.android.build.gradle.internal.dsl.KmpOptimizationImpl                       : loaded 2 times (x 85B)
Class com.android.build.api.dsl.BundleTexture                                         : loaded 2 times (x 72B)
Class com.android.build.api.dsl.ApkSigningConfig                                      : loaded 2 times (x 72B)
Class org.jetbrains.kotlin.gradle.plugin.mpp.AbstractKotlinTarget$components$2        : loaded 2 times (x 81B)
Class org.jetbrains.kotlin.gradle.plugin.mpp.KotlinUsages$setupAttributesMatchingStrategy$1: loaded 2 times (x 76B)
Class org.jetbrains.kotlin.build.report.metrics.COMPUTE_CLASSPATH_CHANGES_EXECUTION_COUNT: loaded 2 times (x 74B)
Class org.jetbrains.kotlin.gradle.plugin.KotlinGradleBuildServices$Companion$registerIfAbsent$2$1$1: loaded 2 times (x 77B)
Class org.jetbrains.kotlin.gradle.internal.diagnostics.AgpCompatibilityCheck$runAgpCompatibilityCheckIfAgpIsApplied$1$1: loaded 2 times (x 77B)
Class org.jetbrains.kotlin.gradle.utils.AndroidPluginIdsKt                            : loaded 2 times (x 73B)
Class org.jetbrains.kotlin.gradle.plugin.KotlinBaseApiPlugin_Decorated                : loaded 2 times (x 162B)
Class org.jetbrains.kotlin.gradle.plugin.KotlinBasePlugin                             : loaded 2 times (x 72B)
Class com.android.build.gradle.internal.services.FakeDependencyJarBuildService        : loaded 2 times (x 84B)
Class com.android.build.gradle.internal.dependency.JacocoInstrumentationService$RegistrationAction: loaded 2 times (x 76B)
Class com.android.build.api.dsl.AndroidSourceFile                                     : loaded 2 times (x 72B)
Class com.google.protobuf.MessageReflection$MergeTarget                               : loaded 2 times (x 72B)
Class com.google.protobuf.DescriptorProtos$EnumValueDescriptorProto                   : loaded 2 times (x 203B)
Class com.android.tools.build.gradle.internal.profile.BooleanOption$1                 : loaded 2 times (x 78B)
Class com.google.wireless.android.sdk.stats.GradleIntegerOptionEntryOrBuilder         : loaded 2 times (x 72B)
Class com.android.build.gradle.internal.dsl.ManagedDevices                            : loaded 2 times (x 82B)
Class com.android.build.gradle.internal.dsl.CmakeOptions$AgpDecorated_Decorated       : loaded 2 times (x 148B)
Class com.android.build.gradle.internal.dsl.SdkComponentsImpl_Decorated               : loaded 2 times (x 131B)
Class com.android.build.gradle.internal.plugins.AndroidPluginBaseServices$projectServices$2$1$1: loaded 2 times (x 131B)
Class com.android.build.gradle.internal.services.FakeDependencyJarBuildService$FakeDependencyJarCreator$Params: loaded 2 times (x 72B)
Class [Lcom.android.build.gradle.options.ReplacedOption;                              : loaded 2 times (x 71B)
Class com.android.build.gradle.internal.plugins.BasePlugin$Companion                  : loaded 2 times (x 73B)
Class org.jetbrains.kotlin.gradle.plugin.KotlinCompilerPluginSupportPlugin            : loaded 2 times (x 72B)
Class org.gradle.accessors.dm.LibrariesForLibsInPluginsBlock$AndroidxComposeUiToolingLibraryAccessors: loaded 2 times (x 85B)
Class org.gradle.accessors.dm.LibrariesForLibsInPluginsBlock$AndroidxComposeUiLibraryAccessors: loaded 2 times (x 87B)
Class org.gradle.accessors.dm.LibrariesForLibs$KotlinPluginAccessors                  : loaded 2 times (x 77B)
Class org.gradle.accessors.dm.LibrariesForLibs$KtorClientLibraryAccessors             : loaded 2 times (x 79B)
Class com.amazon.ion.IonDecimal                                                       : loaded 2 times (x 72B)
Class io.opentelemetry.api.OpenTelemetry                                              : loaded 2 times (x 72B)
Class org.jetbrains.plugins.gradle.model.tests.ExternalTestsModel                     : loaded 2 times (x 72B)
Class kotlin.ranges.RangesKt___RangesKt                                               : loaded 2 times (x 73B)
Class org.gradle.tooling.model.idea.IdeaLanguageLevel                                 : loaded 2 times (x 72B)
Class org.gradle.tooling.internal.adapter.ProtocolToModelAdapter$SafeMethodInvoker    : loaded 2 times (x 78B)
Class org.gradle.tooling.internal.adapter.WeakIdentityHashMap$WeakKey                 : loaded 2 times (x 82B)
Class org.gradle.internal.exceptions.DefaultMultiCauseException                       : loaded 2 times (x 97B)
Class com.google.wireless.android.sdk.stats.WifiPairingEvent                          : loaded 2 times (x 211B)
Class com.google.wireless.android.sdk.stats.SystemHealthEvent                         : loaded 2 times (x 211B)
Class com.google.wireless.android.sdk.stats.ImportSampleEvent                         : loaded 2 times (x 198B)
Class com.google.wireless.android.sdk.stats.AndroidStudioEvent$TemplatesUsage         : loaded 2 times (x 207B)
Class com.google.wireless.android.sdk.stats.LintActionOrBuilder                       : loaded 2 times (x 72B)
Class com.google.wireless.android.sdk.stats.JvmDetailsOrBuilder                       : loaded 2 times (x 72B)
Class com.google.wireless.android.sdk.stats.DefaultActivityLocatorStatsOrBuilder      : loaded 2 times (x 72B)
Class com.android.build.gradle.internal.tasks.SigningConfigUtils$Companion$gson$2     : loaded 2 times (x 80B)
Class [Lorg.jetbrains.kotlin.gradle.internal.config.LanguageFeature;                  : loaded 2 times (x 71B)
Class com.android.build.api.artifact.impl.SingleInitialProviderRequestImpl$on$2       : loaded 2 times (x 77B)
Class com.android.build.gradle.internal.core.dsl.features.ManifestPlaceholdersDslInfo : loaded 2 times (x 72B)
Class org.jetbrains.kotlin.gradle.tasks.internal.KotlinJvmOptionsCompat               : loaded 2 times (x 103B)
Class com.android.build.api.annotations.ReplacedByIncubating                          : loaded 2 times (x 72B)
Class com.android.sdklib.repository.targets.PlatformTarget                            : loaded 2 times (x 131B)
Class javax.xml.bind.helpers.AbstractUnmarshallerImpl                                 : loaded 2 times (x 132B)
Class com.sun.xml.bind.v2.runtime.property.SingleMapNodeProperty$2                    : loaded 2 times (x 80B)
Class com.android.repository.impl.meta.Archive$PatchType                              : loaded 2 times (x 83B)
Class com.sun.xml.bind.v2.model.core.ValuePropertyInfo                                : loaded 2 times (x 72B)
Class com.sun.xml.bind.v2.runtime.RuntimeUtil                                         : loaded 2 times (x 73B)
Class com.android.sdklib.repository.meta.DetailsTypes$SysImgDetailsType               : loaded 2 times (x 72B)
Class com.android.build.gradle.internal.utils.ConsoleProgressIndicatorFactory$create$1: loaded 2 times (x 110B)
Class kotlinx.coroutines.flow.StateFlowSlot                                           : loaded 2 times (x 76B)
Class com.android.build.gradle.internal.dependency.IdentityTransform                  : loaded 2 times (x 80B)
Class com.android.build.api.variant.impl.FlatSourceDirectoriesForJavaImpl$all$2$1     : loaded 2 times (x 78B)
Class com.android.build.gradle.internal.component.TestVariantCreationConfig           : loaded 2 times (x 72B)
Class com.android.build.gradle.internal.tasks.ClasspathComparisonTask                 : loaded 2 times (x 338B)
Class com.android.build.gradle.internal.tasks.ExtractApksTask$CreationAction$handleProvider$2: loaded 2 times (x 133B)
Class com.android.build.gradle.internal.tasks.SigningConfigVersionsWriterTask$CreationAction: loaded 2 times (x 92B)
Class com.android.build.gradle.internal.tasks.DexMergingTask                          : loaded 2 times (x 347B)
Class com.google.devtools.ksp.gradle.KspGradleSubplugin$applyToCompilation$8          : loaded 2 times (x 77B)
Class com.android.build.gradle.tasks.MapSourceSetPathsTask                            : loaded 2 times (x 349B)
Class com.android.build.api.component.impl.OldVariantApiLegacySupportImpl$manifestPlaceholdersDslInfo$2: loaded 2 times (x 81B)
Class com.android.build.gradle.internal.tasks.ModuleMetadataWriterTask                : loaded 2 times (x 344B)
Class com.android.build.gradle.internal.dependency.VariantDependencies$computeArtifactCollection$1: loaded 2 times (x 80B)
Class dagger.hilt.android.plugin.HiltGradlePlugin$configureAggregatingTask$1$javaCompileTask$1: loaded 2 times (x 76B)
Class com.android.build.api.component.analytics.AnalyticsEnabledApplicationVariant$userVisibleSigningConfig$2: loaded 2 times (x 81B)
Class com.android.build.api.component.impl.LifecycleTasksImpl                         : loaded 2 times (x 78B)
Class com.android.build.api.component.impl.TestFixturesImpl                           : loaded 2 times (x 368B)
Class com.google.wireless.android.sdk.stats.GradleBuildVariant$KotlinOptions          : loaded 2 times (x 200B)
Class com.android.build.gradle.internal.core.dsl.impl.features.OptimizationDslInfoImpl: loaded 2 times (x 100B)
Class com.android.build.gradle.internal.dsl.MinSdkVersionImpl                         : loaded 2 times (x 78B)
Class com.android.build.gradle.internal.attributes.VariantAttr                        : loaded 2 times (x 72B)
Class com.android.build.gradle.internal.dsl.SigningConfig$AgpDecorated                : loaded 2 times (x 152B)
Class com.android.build.api.variant.Aapt2                                             : loaded 2 times (x 72B)
Class com.android.build.gradle.internal.dsl.SdkComponentsImpl                         : loaded 2 times (x 88B)
Class com.android.build.gradle.internal.tasks.factory.BootClasspathConfigImpl$2       : loaded 2 times (x 81B)
Class com.android.build.gradle.internal.dsl.ApplicationPublishingImpl$AgpDecorated    : loaded 2 times (x 87B)
Class com.android.build.gradle.internal.dsl.ManagedDevices_Decorated                  : loaded 2 times (x 125B)
Class com.android.build.gradle.internal.api.AndroidSourceSetName$Companion            : loaded 2 times (x 73B)
Class org.jetbrains.kotlin.gradle.utils.FutureKt                                      : loaded 2 times (x 73B)
Class org.jetbrains.kotlin.gradle.dsl.abi.AbiFiltersSpec                              : loaded 2 times (x 72B)
Class org.jetbrains.kotlin.gradle.targets.native.internal.PlatformLibrariesGenerator$GeneratedPlatformLibrariesService: loaded 2 times (x 78B)
Class org.jetbrains.kotlin.build.report.metrics.IC_FIND_HISTORY_FILES                 : loaded 2 times (x 74B)
Class org.jetbrains.kotlin.gradle.logging.GradleLoggingUtilsKt                        : loaded 2 times (x 73B)
Class org.jetbrains.kotlin.gradle.plugin.KotlinAndroidPluginWrapper                   : loaded 2 times (x 88B)
Class com.android.build.gradle.internal.AvdComponentsBuildService$RegistrationAction  : loaded 2 times (x 76B)
Class com.android.build.gradle.internal.ide.dependencies.MavenCoordinatesCacheBuildService$RegistrationAction: loaded 2 times (x 76B)
Class com.google.protobuf.Descriptors$EnumValueDescriptor$1                           : loaded 2 times (x 93B)
Class com.android.build.gradle.internal.scope.InternalArtifactType$METADATA_FEATURE_MANIFEST: loaded 2 times (x 76B)
Class com.android.build.gradle.internal.res.LinkApplicationAndroidResourcesTask       : loaded 2 times (x 385B)
Class com.android.build.gradle.internal.plugins.AndroidPluginBaseServices$projectServices$2$1$2: loaded 2 times (x 81B)
Class com.android.build.gradle.internal.scope.InternalArtifactType$COMPILE_AND_RUNTIME_R_CLASS_JAR: loaded 2 times (x 76B)
Class org.jetbrains.kotlin.gradle.plugin.internal.ConfigurationCacheStartParameterAccessorKt: loaded 2 times (x 73B)
Class org.jetbrains.kotlin.gradle.plugin.mpp.compilationImpl.factory.DefaultKotlinCompilationSourceSetsContainerFactory: loaded 2 times (x 77B)
Class com.android.build.gradle.internal.plugins.BasePlugin$extension$2                : loaded 2 times (x 81B)
Class com.android.build.gradle.internal.plugins.DslContainerProvider                  : loaded 2 times (x 72B)
Class com.android.build.gradle.AppExtension                                           : loaded 2 times (x 217B)
Class com.android.build.gradle.DynamicFeaturePlugin                                   : loaded 2 times (x 78B)
Class com.android.build.gradle.AppPlugin                                              : loaded 2 times (x 78B)
Class com.amazon.ion.impl.bin.IonRawBinaryWriter$StreamCloseMode                      : loaded 2 times (x 81B)
Class com.amazon.ion.impl._Private_IonBinaryWriterBuilder$Mutable                     : loaded 2 times (x 117B)
Class io.opentelemetry.api.trace.PropagatedSpan                                       : loaded 2 times (x 114B)
Class com.intellij.gradle.toolingExtension.impl.model.projectModel.GradleExternalProjectSerializationService: loaded 2 times (x 79B)
Class kotlin.text.CharsKt__CharKt                                                     : loaded 2 times (x 73B)
Class kotlin.collections.ArrayDeque$Companion                                         : loaded 2 times (x 73B)
Class kotlin.collections.ArraysKt                                                     : loaded 2 times (x 73B)
Class org.gradle.tooling.model.HierarchicalElement                                    : loaded 2 times (x 72B)
Class com.google.wireless.android.sdk.stats.SkillsEvent                               : loaded 2 times (x 205B)
Class com.google.wireless.android.sdk.stats.DynamicLayoutInspectorEvent               : loaded 2 times (x 212B)
Class com.google.wireless.android.sdk.stats.GradleCppSyncStats                        : loaded 2 times (x 204B)
Class com.google.wireless.android.sdk.stats.SoongSyncStatsOrBuilder                   : loaded 2 times (x 72B)
Class com.google.wireless.android.sdk.stats.AvdLaunchEventOrBuilder                   : loaded 2 times (x 72B)
Class com.google.wireless.android.sdk.stats.JourneyFinishedEventOrBuilder             : loaded 2 times (x 72B)
Class com.google.wireless.android.sdk.stats.IDeviceUsageEventOrBuilder                : loaded 2 times (x 72B)
Class com.google.wireless.android.sdk.stats.TypingLatencyStatsOrBuilder               : loaded 2 times (x 72B)
Class com.google.wireless.android.sdk.stats.IntellijIndexingStatsOrBuilder            : loaded 2 times (x 72B)
Class com.google.common.io.CharSink                                                   : loaded 2 times (x 81B)
Class org.jetbrains.kotlin.gradle.plugin.mpp.AbstractKotlinNativeCompilation          : loaded 2 times (x 193B)
Class com.sun.xml.bind.v2.runtime.unmarshaller.ChildLoader                            : loaded 2 times (x 74B)
Class javax.xml.bind.JAXBElement$GlobalScope                                          : loaded 2 times (x 73B)
Class com.sun.xml.bind.v2.runtime.property.ValueProperty                              : loaded 2 times (x 104B)
Class com.android.sdklib.repository.generated.addon.v4.AddonDetailsType               : loaded 2 times (x 146B)
Class com.android.sdklib.repository.generated.repository.v1.SourceDetailsType         : loaded 2 times (x 122B)
Class javax.xml.bind.annotation.XmlSchemaTypes                                        : loaded 2 times (x 72B)
Class javax.xml.bind.annotation.XmlIDREF                                              : loaded 2 times (x 72B)
Class javax.xml.bind.annotation.XmlElement                                            : loaded 2 times (x 72B)
Class com.sun.xml.bind.v2.model.runtime.RuntimeLeafInfo                               : loaded 2 times (x 72B)
Class com.android.repository.impl.meta.RepoPackageImpl$UsesLicense                    : loaded 2 times (x 75B)
Class com.google.devtools.ksp.gradle.KspAATask$Companion$registerKspAATask$kspTaskProvider$1: loaded 2 times (x 77B)
Class com.android.build.gradle.internal.scope.InternalArtifactType$RUNTIME_LIBRARY_CLASSES_DIR: loaded 2 times (x 76B)
Class com.android.build.gradle.internal.scope.InternalArtifactType$UNIT_TEST_LINT_MODEL: loaded 2 times (x 76B)
Class com.android.build.gradle.internal.cxx.logging.ThreadLoggingEnvironment$Companion: loaded 2 times (x 73B)
Class com.android.build.gradle.internal.tasks.ExtractApksTask$CreationAction$handleProvider$3: loaded 2 times (x 133B)
Class com.android.build.gradle.internal.tasks.factory.AndroidVariantTaskCreationAction: loaded 2 times (x 94B)
Class com.android.build.gradle.internal.tasks.UninstallTask                           : loaded 2 times (x 339B)
Class com.android.build.gradle.internal.tasks.DexFileDependenciesTask$CreationAction  : loaded 2 times (x 95B)
Class com.google.devtools.ksp.gradle.KspGradleSubplugin$Companion$getKspResourceOutputDir$1: loaded 2 times (x 76B)
Class org.jetbrains.kotlin.gradle.plugin.mpp.compilationImpl.factory.KotlinJvmCompilerOptionsFactory$create$kotlinOptions$1: loaded 2 times (x 103B)
Class com.android.build.gradle.internal.tasks.CheckManifest$CreationAction$handleProvider$1: loaded 2 times (x 133B)
Class com.android.build.gradle.internal.dependency.VariantDependencies$computeArtifactCollection$2: loaded 2 times (x 77B)
Class com.android.build.api.instrumentation.ClassData                                 : loaded 2 times (x 72B)
Class com.android.build.gradle.internal.TestFixturesTaskManager                       : loaded 2 times (x 84B)
Class dagger.hilt.android.plugin.task.AggregateDepsTask                               : loaded 2 times (x 327B)
Class com.android.build.gradle.internal.core.dsl.impl.DslInfoCommonKt$initTestApplicationId$2: loaded 2 times (x 76B)
Class com.android.build.api.instrumentation.InstrumentationScope                      : loaded 2 times (x 81B)
Class org.jetbrains.kotlin.compilerRunner.GradleCompilerRunner$Companion              : loaded 2 times (x 73B)
Class com.android.build.gradle.internal.lint.AndroidLintGlobalTask$UpdateBaselineCreationAction$Companion: loaded 2 times (x 73B)
Class com.android.builder.signing.DefaultSigningConfig$Companion                      : loaded 2 times (x 73B)
Class com.android.build.gradle.internal.dsl.BundleOptionsAbi$AgpDecorated_Decorated   : loaded 2 times (x 127B)
Class com.android.build.api.artifact.Artifact$Companion                               : loaded 2 times (x 73B)
Class com.android.build.gradle.internal.tasks.BundleToStandaloneApkTask               : loaded 2 times (x 338B)
Class com.android.build.gradle.internal.dependency.SubtractingArtifactCollection$SubtractingArtifactResult$initFileCollection$1: loaded 2 times (x 77B)
Class com.android.build.gradle.internal.services.UsesAapt2ThreadPoolBuildService      : loaded 2 times (x 72B)
Class com.android.build.api.dsl.FusedLibraryExtension                                 : loaded 2 times (x 72B)
Class com.android.build.gradle.internal.dsl.AndroidTestImpl                           : loaded 2 times (x 79B)
Class org.jetbrains.kotlin.gradle.plugin.DefaultKotlinBasePlugin$setupAttributeMatchingStrategy$1$1: loaded 2 times (x 81B)
Class org.jetbrains.kotlin.build.report.metrics.IC_ANALYZE_HISTORY_FILES              : loaded 2 times (x 74B)
Class org.jetbrains.kotlin.gradle.internal.properties.PropertiesBuildService$property$1: loaded 2 times (x 81B)
Class com.android.build.gradle.internal.ManagedDeviceUtilsKt$getManagedDeviceAvdFolder$1: loaded 2 times (x 77B)
Class com.android.build.gradle.internal.services.AndroidLocationsBuildService$Inject_ : loaded 2 times (x 112B)
Class com.google.protobuf.Descriptors$EnumValueDescriptor$2                           : loaded 2 times (x 78B)
Class com.android.build.gradle.internal.publishing.OutputSpecImpl                     : loaded 2 times (x 80B)
Class com.android.build.api.variant.impl.ArtifactMetadataProcessor$Companion$handleFinalizedByForType$1$1$1: loaded 2 times (x 77B)
Class com.google.protobuf.PrimitiveNonBoxingCollection                                : loaded 2 times (x 72B)
Class com.google.wireless.android.sdk.stats.InstantRunStatus                          : loaded 2 times (x 206B)
Class com.android.build.gradle.internal.profile.AnalyticsConfiguratorService$State    : loaded 2 times (x 81B)
Class com.android.build.gradle.internal.plugins.AndroidPluginBaseServices$projectServices$2$1$3: loaded 2 times (x 81B)
Class com.google.protobuf.DescriptorProtos$DescriptorProto$Builder                    : loaded 2 times (x 340B)
Class com.android.build.gradle.options.FeatureStage$SoftlyEnforced                    : loaded 2 times (x 74B)
Class com.android.build.gradle.api.FusedLibraryPlugin                                 : loaded 2 times (x 76B)
Class com.android.build.gradle.internal.plugins.BasePlugin$variantManager$2           : loaded 2 times (x 81B)
Class org.gradle.accessors.dm.LibrariesForLibsInPluginsBlock_Decorated                : loaded 2 times (x 134B)
Class org.gradle.accessors.dm.LibrariesForLibs$KotlinxSerializationLibraryAccessors   : loaded 2 times (x 79B)
Class org.gradle.accessors.dm.LibrariesForLibs$AndroidxLifecycleLibraryAccessors      : loaded 2 times (x 80B)
Class com.amazon.ion.impl.bin.IonRawBinaryWriter$PatchPoint                           : loaded 2 times (x 74B)
Class com.amazon.ion.IonBlob                                                          : loaded 2 times (x 72B)
Class com.amazon.ion.IonLob                                                           : loaded 2 times (x 72B)
Class com.amazon.ion.IonSequence                                                      : loaded 2 times (x 72B)
Class io.opentelemetry.api.trace.TraceFlags                                           : loaded 2 times (x 72B)
Class org.jetbrains.plugins.gradle.tooling.serialization.ExternalTestsSerializationService: loaded 2 times (x 79B)
Class com.google.common.collect.ByFunctionOrdering                                    : loaded 2 times (x 117B)
Class kotlin.collections.SetsKt__SetsKt                                               : loaded 2 times (x 73B)
Class kotlin.coroutines.EmptyCoroutineContext                                         : loaded 2 times (x 79B)
Class org.gradle.internal.time.Time                                                   : loaded 2 times (x 73B)
Class org.gradle.kotlin.dsl.Accessors7cddnu26duc8nxp06w1clhaoeKt                      : loaded 2 times (x 73B)
Class com.google.wireless.android.sdk.stats.RenderSecurityManagerEventOrBuilder       : loaded 2 times (x 72B)
Class com.google.wireless.android.sdk.stats.DeviceManagerEventOrBuilder               : loaded 2 times (x 72B)
Class com.google.wireless.android.sdk.stats.StudioPatchUpdaterEventOrBuilder          : loaded 2 times (x 72B)
Class com.google.wireless.android.sdk.stats.GradleDaemonJvmCriteriaErrorEventOrBuilder: loaded 2 times (x 72B)
Class com.google.common.hash.HashCode$LongHashCode                                    : loaded 2 times (x 82B)
Class com.android.build.gradle.internal.ide.v2.LibraryImpl$Companion                  : loaded 2 times (x 73B)
Class com.android.build.api.attributes.ProductFlavorAttr$Companion                    : loaded 2 times (x 73B)
Class org.jetbrains.kotlin.build.report.metrics.BuildAttributes$Companion             : loaded 2 times (x 73B)
Class com.google.protobuf.DescriptorProtos$OneofDescriptorProtoOrBuilder              : loaded 2 times (x 72B)
Class com.sun.xml.bind.v2.runtime.property.TagAndType                                 : loaded 2 times (x 74B)
Class com.android.repository.impl.generated.v2.PatchesType                            : loaded 2 times (x 77B)
Class com.android.sdklib.repository.generated.common.v4.ApiDetailsType                : loaded 2 times (x 118B)
Class com.android.repository.impl.generated.v1.DependencyType                         : loaded 2 times (x 83B)
Class com.android.repository.api.LocalPackage                                         : loaded 2 times (x 72B)
Class javax.xml.bind.annotation.XmlSchema                                             : loaded 2 times (x 72B)
Class com.android.builder.sdk.LicenceNotAcceptedException                             : loaded 2 times (x 84B)
Class com.android.build.gradle.internal.ide.v2.VersionsImpl                           : loaded 2 times (x 78B)
Class com.google.protobuf.DescriptorProtos$FieldOptionsOrBuilder                      : loaded 2 times (x 72B)
Class com.google.common.collect.Maps$IteratorBasedAbstractMap                         : loaded 2 times (x 127B)
Class com.android.build.gradle.internal.scope.BuildArtifactSpec                       : loaded 2 times (x 74B)
Class com.android.build.gradle.internal.scope.InternalArtifactType$ANDROID_TEST_LINT_MODEL: loaded 2 times (x 76B)
Class com.android.build.gradle.internal.VariantTaskManager$createAnchorAssembleTasks$3: loaded 2 times (x 77B)
Class com.android.build.gradle.internal.lint.VariantWithTests                         : loaded 2 times (x 74B)
Class com.android.build.gradle.internal.variant.BuildAuthorSpecifiedDefaultBuildTypeComparator: loaded 2 times (x 92B)
Class com.android.tools.analytics.UsageTracker$setMaxJournalTime$1                    : loaded 2 times (x 81B)
Class com.android.build.gradle.internal.scope.InternalArtifactType$MERGED_JAVA_RES    : loaded 2 times (x 76B)
Class com.google.devtools.ksp.gradle.KspAATask$Companion$registerKspAATask$isolatedClassLoaderCacheBuildServiceProvider$1: loaded 2 times (x 76B)
Class org.jetbrains.kotlin.gradle.plugin.mpp.compilationImpl.factory.KotlinCompilationImplFactory$ProcessResourcesTaskNameFactory: loaded 2 times (x 72B)
Class org.jetbrains.kotlin.gradle.tasks.KotlinCompilationTask                         : loaded 2 times (x 72B)
Class com.android.build.api.component.impl.DefaultSourcesProviderImpl$getBaselineProfiles$1: loaded 2 times (x 133B)
Class com.android.build.api.variant.impl.ResourcesApkPackagingImpl                    : loaded 2 times (x 82B)
Class com.android.build.gradle.internal.tasks.ProcessJavaResTask$CreationAction$handleProvider$1: loaded 2 times (x 133B)
Class com.android.build.gradle.internal.tasks.factory.features.AndroidResourcesTaskCreationActionImpl: loaded 2 times (x 77B)
Class com.android.build.gradle.internal.scope.InternalArtifactType$METADATA_APPLICATION_ID: loaded 2 times (x 76B)
Class com.android.build.api.component.impl.ComponentImpl$computeLocalPackagedJars$1   : loaded 2 times (x 82B)
Class com.android.build.gradle.internal.VariantTaskManager$checkMultidexDependency$$inlined$filterIsInstance$1: loaded 2 times (x 76B)
Class [Lcom.android.builder.dexing.DexingType;                                        : loaded 2 times (x 71B)
Class com.google.wireless.android.sdk.stats.ApiVersion$Builder                        : loaded 2 times (x 300B)
Class com.android.build.api.artifact.impl.ScopedArtifactsImpl$ScopedArtifactsOperationImpl: loaded 2 times (x 80B)
Class com.google.wireless.android.sdk.stats.AsmFramesComputationModeUpdate$Mode       : loaded 2 times (x 89B)
Class com.android.build.api.component.analytics.AnalyticsEnabledSigningConfig         : loaded 2 times (x 86B)
Class com.android.build.gradle.internal.core.dsl.NestedComponentDslInfo               : loaded 2 times (x 72B)
Class com.android.build.api.variant.BuildConfigField                                  : loaded 2 times (x 74B)
Class com.android.build.gradle.internal.component.features.BuildConfigCreationConfig  : loaded 2 times (x 72B)
Class com.android.build.api.variant.AndroidTestBuilder                                : loaded 2 times (x 72B)
Class com.android.build.gradle.internal.core.dsl.impl.DslInfoUtilsKt                  : loaded 2 times (x 73B)
Class dagger.hilt.android.plugin.HiltExtension                                        : loaded 2 times (x 72B)
Class org.jetbrains.kotlin.compose.compiler.gradle.ComposeCompilerGradlePluginExtension: loaded 2 times (x 78B)
Class com.android.build.gradle.internal.tasks.NonIncrementalGlobalTask                : loaded 2 times (x 329B)
Class com.android.build.gradle.internal.plugins.BasePlugin$createTasks$1              : loaded 2 times (x 77B)
Class com.android.build.gradle.internal.plugins.BasePlugin$buildOutputs$2$1           : loaded 2 times (x 80B)
Class com.android.build.gradle.internal.dsl.AnnotationProcessorOptions$AgpDecorated   : loaded 2 times (x 108B)
Class com.android.sdklib.repository.meta.DetailsTypes$PlatformDetailsType$LayoutlibType: loaded 2 times (x 75B)
Class com.android.sdklib.util.CacheByCanonicalPath                                    : loaded 2 times (x 74B)
Class com.android.build.gradle.internal.dsl.InternalFusedLibraryExtension             : loaded 2 times (x 72B)
Class com.android.build.gradle.internal.dsl.MultiDexConfigImpl                        : loaded 2 times (x 82B)
Class com.android.repository.impl.generated.v1.ObjectFactory                          : loaded 2 times (x 109B)
Class org.jetbrains.kotlin.gradle.plugin.DefaultKotlinBasePlugin$setupAttributeMatchingStrategy$1$2: loaded 2 times (x 81B)
Class org.jetbrains.kotlin.gradle.targets.native.internal.PlatformLibrariesGenerator$Companion: loaded 2 times (x 73B)
Class org.jetbrains.kotlin.build.report.metrics.JAR_CLASSPATH_ENTRY_SNAPSHOT_SIZE     : loaded 2 times (x 74B)
Class org.jetbrains.kotlin.gradle.plugin.DefaultKotlinBasePlugin$addKotlinCompilerConfiguration$3$1$1: loaded 2 times (x 76B)
Class com.google.wireless.android.sdk.stats.GradleBuildProject$PluginGeneration       : loaded 2 times (x 89B)
Class com.sun.xml.bind.v2.model.impl.ArrayInfoImpl                                    : loaded 2 times (x 100B)
Class com.sun.xml.bind.v2.model.impl.ModelBuilder$1                                   : loaded 2 times (x 78B)
Class com.android.tools.analytics.CommonMetricsData                                   : loaded 2 times (x 73B)
Class com.sun.xml.bind.v2.runtime.property.Utils                                      : loaded 2 times (x 73B)
Class com.google.devtools.ksp.gradle.KspSubpluginKt$maybeRegisterTransform$1          : loaded 2 times (x 76B)
Class com.android.build.gradle.internal.profile.AnalyticsConfiguratorService$Params$Inject_: loaded 2 times (x 108B)
Class com.android.build.gradle.internal.ide.v2.AndroidArtifactImpl$Companion          : loaded 2 times (x 73B)
Class com.android.build.api.variant.MultiOutputHandler                                : loaded 2 times (x 72B)
Class com.android.build.gradle.options.FeatureStage                                   : loaded 2 times (x 74B)
Class com.android.build.gradle.internal.plugins.BasePlugin$variantFactory$2           : loaded 2 times (x 81B)
Class com.android.build.gradle.internal.component.PublishableCreationConfig           : loaded 2 times (x 72B)
Class com.amazon.ion.system.IonTextWriterBuilder                                      : loaded 2 times (x 99B)
Class com.amazon.ion.impl.bin.IonManagedBinaryWriter$ImportedSymbolResolverMode$1$1$1 : loaded 2 times (x 78B)
Class com.amazon.ion.impl._Private_LocalSymbolTableFactory                            : loaded 2 times (x 72B)
Class org.jetbrains.plugins.gradle.tooling.serialization.AnnotationProcessingModelSerializationService: loaded 2 times (x 79B)
Class kotlin.collections.ArraysKt__ArraysJVMKt                                        : loaded 2 times (x 73B)
Class com.google.wireless.android.sdk.stats.LiveLiteralsEvent                         : loaded 2 times (x 204B)
Class com.google.wireless.android.sdk.stats.HeapReportEvent                           : loaded 2 times (x 201B)
Class com.google.wireless.android.sdk.stats.MetaMetricsOrBuilder                      : loaded 2 times (x 72B)
Class com.google.wireless.android.sdk.stats.ChangeReviewEventOrBuilder                : loaded 2 times (x 72B)
Class com.android.build.gradle.internal.ide.dependencies.LocalJarCacheImpl$cache$1$create$$inlined$sortedBy$1: loaded 2 times (x 91B)
Class com.android.build.gradle.internal.ide.v2.ProjectInfoImpl$toKeyComponent$2       : loaded 2 times (x 80B)
Class com.android.build.gradle.internal.tasks.featuresplit.PackagedDependenciesWriterTaskKt: loaded 2 times (x 73B)
Class com.android.build.gradle.internal.ide.v2.JavaArtifactImpl                       : loaded 2 times (x 88B)
Class com.sun.istack.SAXParseException2                                               : loaded 2 times (x 89B)
Class com.sun.xml.bind.v2.runtime.unmarshaller.DomLoader                              : loaded 2 times (x 80B)
Class com.sun.xml.bind.v2.runtime.ValueListBeanInfoImpl                               : loaded 2 times (x 91B)
Class com.android.repository.impl.meta.RepoPackageImpl$Dependencies                   : loaded 2 times (x 74B)
Class com.android.sdklib.repository.generated.sysimg.v5.ObjectFactory                 : loaded 2 times (x 77B)
Class com.android.build.gradle.internal.SdkComponentsBuildService$VersionedSdkLoader$optionalLibrariesProvider$1: loaded 2 times (x 77B)
Class [Lcom.android.tools.analytics.JournalingUsageTracker$State;                     : loaded 2 times (x 71B)
Class com.google.protobuf.DescriptorProtos$DescriptorProto$ExtensionRangeOrBuilder    : loaded 2 times (x 72B)
Class [Lcom.android.build.api.artifact.Artifact$Single;                               : loaded 2 times (x 71B)
Class com.android.build.api.artifact.SingleArtifact$AAR                               : loaded 2 times (x 76B)
Class com.android.build.gradle.internal.publishing.PublishingSpecs$VariantSpec        : loaded 2 times (x 72B)
Class com.android.build.gradle.internal.VariantTaskManager$createAnchorAssembleTasks$4: loaded 2 times (x 77B)
Class com.android.build.gradle.internal.scope.InternalArtifactType$BUNDLE_IDE_REDIRECT_FILE: loaded 2 times (x 76B)
Class com.android.build.gradle.internal.scope.InternalArtifactType$APK_IDE_REDIRECT_FILE: loaded 2 times (x 76B)
Class com.android.build.gradle.internal.scope.InternalArtifactType$EXTERNAL_LIBS_DEX_ARCHIVE_WITH_ARTIFACT_TRANSFORMS: loaded 2 times (x 76B)
Class org.jetbrains.kotlin.tooling.core.ExtrasProperty                                : loaded 2 times (x 72B)
Class org.jetbrains.kotlin.gradle.plugin.mpp.compilationImpl.KotlinCompilationSourceSetInclusion$Companion: loaded 2 times (x 73B)
Class [Lorg.jetbrains.kotlin.gradle.plugin.sources.android.AndroidVariantType;        : loaded 2 times (x 71B)
Class org.jetbrains.kotlin.compilerRunner.UsesCompilerSystemPropertiesService         : loaded 2 times (x 72B)
Class com.android.build.api.artifact.SingleArtifact$RUNTIME_SYMBOL_LIST               : loaded 2 times (x 76B)
Class com.android.build.gradle.tasks.CompatibleScreensManifest$CreationAction$handleProvider$1: loaded 2 times (x 133B)
Class com.android.build.gradle.tasks.ExtractDeepLinksTask$BaseCreationAction$handleProvider$1: loaded 2 times (x 133B)
Class com.android.build.api.component.impl.ComponentImpl$providedOnlyClasspath$2      : loaded 2 times (x 81B)
Class com.android.build.api.variant.impl.ApplicationVariantBuilderImpl$androidTest$2  : loaded 2 times (x 81B)
Class com.android.build.api.variant.impl.ApplicationVariantBuilderImpl$dependenciesInfo$2: loaded 2 times (x 81B)
Class com.android.build.gradle.internal.core.dsl.impl.ConsumableComponentDslInfoImpl$buildConfigDslInfo$2: loaded 2 times (x 81B)
Class com.android.build.gradle.internal.plugins.BasePlugin$createTasks$2              : loaded 2 times (x 79B)
Class com.android.build.gradle.internal.tasks.BaseTask                                : loaded 2 times (x 328B)
Class com.android.build.gradle.internal.dsl.BuildType$AgpDecorated_Decorated          : loaded 2 times (x 446B)
Class com.android.build.api.artifact.impl.ArtifactsImpl$1                             : loaded 2 times (x 80B)
Class com.android.build.api.dsl.ApplicationBuildFeatures                              : loaded 2 times (x 72B)
Class com.android.build.gradle.internal.dsl.Splits                                    : loaded 2 times (x 83B)
Class com.android.build.gradle.internal.dsl.BundleOptionsDeviceGroup                  : loaded 2 times (x 83B)
Class com.android.build.gradle.internal.dsl.ProductFlavorFactory                      : loaded 2 times (x 79B)
Class com.android.build.api.dsl.TestVariantDimension                                  : loaded 2 times (x 72B)
Class com.android.build.api.dsl.ApplicationVariantDimension                           : loaded 2 times (x 72B)
Class org.jetbrains.kotlin.gradle.plugin.mpp.KotlinTargetSoftwareComponent            : loaded 2 times (x 91B)
Class org.jetbrains.kotlin.gradle.plugin.mpp.KotlinVariant                            : loaded 2 times (x 101B)
Class org.jetbrains.kotlin.gradle.utils.WhenPluginEnabledKt                           : loaded 2 times (x 73B)
Class org.jetbrains.kotlin.build.report.metrics.CLASSPATH_SNAPSHOT_SIZE               : loaded 2 times (x 74B)
Class org.jetbrains.kotlin.build.report.metrics.JPS_COMPILER_INITIALIZATION           : loaded 2 times (x 74B)
Class org.jetbrains.kotlin.build.report.metrics.BACKUP_OUTPUT                         : loaded 2 times (x 74B)
Class org.jetbrains.kotlin.gradle.plugin.VariantImplementationFactories               : loaded 2 times (x 77B)
Class org.jetbrains.kotlin.gradle.internal.diagnostics.KotlinCompilerEmbeddableCheck  : loaded 2 times (x 73B)
Class org.jetbrains.kotlin.gradle.plugin.sources.android.AndroidVariantType           : loaded 2 times (x 81B)
Class com.android.build.gradle.internal.ide.dependencies.MavenCoordinatesCacheBuildService$Parameters_Decorated: loaded 2 times (x 132B)
Class com.android.build.gradle.internal.scope.InternalArtifactType$AAPT_FRIENDLY_MERGED_MANIFESTS: loaded 2 times (x 76B)
Class com.android.build.gradle.internal.profile.AnalyticsService$Params               : loaded 2 times (x 72B)
Class com.android.build.gradle.internal.utils.AnalyticsEnabledValueSource$Inject_     : loaded 2 times (x 111B)
Class com.android.build.gradle.internal.utils.AnalyticsEnabledValueSource$Params_Decorated: loaded 2 times (x 132B)
Class com.android.build.gradle.internal.dependency.GenericTransformParameters         : loaded 2 times (x 72B)
Class com.android.build.gradle.internal.ide.v2.GlobalSyncService$Inject_              : loaded 2 times (x 102B)
Class com.android.build.gradle.options.HasFutureStage                                 : loaded 2 times (x 72B)
Class com.android.build.gradle.options.ProjectOptionService$Inject_                   : loaded 2 times (x 99B)
Class com.android.build.gradle.internal.plugins.BasePlugin$taskManagerConfig$2        : loaded 2 times (x 81B)
Class com.android.build.gradle.internal.plugins.AppPlugin$ApplicationAndroidComponentsExtensionImplCompat: loaded 2 times (x 116B)
Class org.gradle.accessors.dm.LibrariesForLibsInPluginsBlock$AndroidxLibraryAccessors : loaded 2 times (x 84B)
Class com.amazon.ion.impl.lite.IonNullLite                                            : loaded 2 times (x 178B)
Class org.jetbrains.plugins.gradle.model.DependencyAccessorsModel                     : loaded 2 times (x 72B)
Class [Lcom.intellij.openapi.externalSystem.model.project.dependencies.ResolutionState;: loaded 2 times (x 71B)
Class gnu.trove.TObjectIntHashMap                                                     : loaded 2 times (x 111B)
Class kotlin.text.StringsKt__StringBuilderKt                                          : loaded 2 times (x 73B)
Class com.google.common.collect.RangeSet                                              : loaded 2 times (x 72B)
Class kotlin.jvm.internal.CallableReference$NoReceiver                                : loaded 2 times (x 73B)
Class com.google.wireless.android.sdk.stats.LintSession                               : loaded 2 times (x 222B)
Class com.google.wireless.android.sdk.stats.StudioProjectChange                       : loaded 2 times (x 197B)
Class com.google.wireless.android.sdk.stats.IntelliJNewUISwitchOrBuilder              : loaded 2 times (x 72B)
Class com.google.wireless.android.sdk.stats.EmulatorUiEventOrBuilder                  : loaded 2 times (x 72B)
Class com.android.build.gradle.internal.ide.v2.GraphItemImpl$Companion                : loaded 2 times (x 73B)
Class com.android.ide.common.build.CommonBuiltArtifacts                               : loaded 2 times (x 72B)
Class com.android.build.gradle.internal.tasks.factory.BootClasspathConfigImpl$androidJar$2$1$1: loaded 2 times (x 76B)
Class com.google.gson.internal.$Gson$Types$ParameterizedTypeImpl                      : loaded 2 times (x 83B)
Class com.sun.xml.bind.v2.runtime.reflect.TransducedAccessor$CompositeTransducedAccessorImpl: loaded 2 times (x 81B)
Class com.sun.xml.bind.v2.runtime.unmarshaller.XsiNilLoader$Single                    : loaded 2 times (x 82B)
Class com.android.repository.impl.meta.TrimStringAdapter                              : loaded 2 times (x 77B)
Class javax.xml.bind.annotation.XmlSchemaType                                         : loaded 2 times (x 72B)
Class com.sun.xml.bind.v2.model.impl.RuntimeBuiltinLeafInfoImpl                       : loaded 2 times (x 135B)
Class com.sun.xml.bind.v2.model.impl.BuiltinLeafInfoImpl                              : loaded 2 times (x 107B)
Class com.android.build.gradle.internal.utils.ConsoleProgressIndicatorFactory$isTerminalSmart$2: loaded 2 times (x 81B)
Class com.android.build.gradle.internal.profile.AnalyticsResourceManagerKt            : loaded 2 times (x 73B)
Class com.android.build.gradle.internal.DependencyConfigurator$configureVariantTransforms$3$1$1: loaded 2 times (x 77B)
Class com.android.build.gradle.internal.dependency.LayoutlibExtractor$Inject_1        : loaded 2 times (x 111B)
Class com.android.build.gradle.internal.cxx.configure.GradleLocalPropertiesKt$gradleLocalProperties$propertiesContent$1: loaded 2 times (x 77B)
Class com.android.build.api.variant.impl.TaskProviderBasedDirectoryEntryImpl          : loaded 2 times (x 87B)
Class com.google.devtools.ksp.gradle.AndroidPluginIntegration$tryUpdateKspWithAndroidSourceSets$1: loaded 2 times (x 77B)
Class org.jetbrains.kotlin.tooling.core.Extras$Entry$Companion                        : loaded 2 times (x 73B)
Class org.jetbrains.kotlin.gradle.targets.js.dsl.KotlinWasmWasiTargetDsl              : loaded 2 times (x 72B)
Class com.android.build.api.variant.JniLibsTestedComponentPackaging                   : loaded 2 times (x 72B)
Class com.android.build.api.variant.JniLibsPackaging                                  : loaded 2 times (x 72B)
Class com.google.wireless.android.sdk.stats.GradleBuildVariant$DexBuilderTool$1       : loaded 2 times (x 78B)
Class dagger.hilt.android.plugin.HiltGradlePlugin$configureAggregateDepsTask$1        : loaded 2 times (x 77B)
Class com.android.build.api.artifact.impl.ScopedArtifactsImpl$ScopedArtifactsContainer: loaded 2 times (x 74B)
Class com.android.build.api.component.analytics.AnalyticsEnabledApplicationVariant_Decorated: loaded 2 times (x 284B)
Class com.android.build.api.variant.impl.VariantImpl$shadersCreationConfig$2          : loaded 2 times (x 81B)
Class com.android.build.api.component.impl.ComponentImpl$resValuesCreationConfig$2    : loaded 2 times (x 81B)
Class com.android.build.gradle.internal.core.dsl.impl.ConsumableComponentDslInfoImpl  : loaded 2 times (x 134B)
Class com.google.wireless.android.sdk.stats.GradleBuildSplits$Builder                 : loaded 2 times (x 320B)
Class com.google.devtools.ksp.gradle.model.builder.KspModelBuilder                    : loaded 2 times (x 77B)
Class com.android.build.gradle.internal.dsl.SigningConfig$AgpDecorated_Decorated      : loaded 2 times (x 202B)
Class com.google.common.io.FileWriteMode                                              : loaded 2 times (x 81B)
Class com.android.build.gradle.internal.dsl.TargetSdkSpecImpl                         : loaded 2 times (x 83B)
Class com.android.build.api.dsl.DexPackaging                                          : loaded 2 times (x 72B)
Class com.android.build.api.dsl.TestBuildType                                         : loaded 2 times (x 72B)
Class org.jetbrains.kotlin.build.report.metrics.SNAPSHOT_INLINED_CLASSES              : loaded 2 times (x 74B)
Class org.jetbrains.kotlin.build.report.metrics.CONNECT_TO_DAEMON                     : loaded 2 times (x 74B)
Class com.google.wireless.android.sdk.stats.StudioUpdateFlowEventOrBuilder            : loaded 2 times (x 72B)
Class org.jetbrains.kotlin.gradle.internal.CompilerArgumentAware                      : loaded 2 times (x 72B)
Class org.jetbrains.kotlin.gradle.utils.StoredLazyProperty                            : loaded 2 times (x 77B)
Class com.android.prefs.Global                                                        : loaded 2 times (x 81B)
Class com.android.build.gradle.internal.profile.AnalyticsUtil                         : loaded 2 times (x 73B)
Class com.google.wireless.android.sdk.stats.DeviceExplorerEventOrBuilder              : loaded 2 times (x 72B)
Class com.google.wireless.android.sdk.stats.DataBindingEvent                          : loaded 2 times (x 205B)
Class kotlinx.coroutines.flow.MutableStateFlow                                        : loaded 2 times (x 72B)
Class com.google.wireless.android.sdk.stats.Hypervisor                                : loaded 2 times (x 197B)
Class org.gradle.internal.classloader.FilteringClassLoader                            : loaded 2 times (x 106B)
Class [Lcom.android.build.gradle.options.SyncOptions$EvaluationMode;                  : loaded 2 times (x 71B)
Class kotlin.NotImplementedError                                                      : loaded 2 times (x 84B)
Class com.android.build.api.extension.impl.VariantApiOperationsRegistrar              : loaded 2 times (x 74B)
Class com.android.build.api.variant.ApplicationAndroidComponentsExtension             : loaded 2 times (x 72B)
Class com.amazon.ion.impl.lite.IonClobLite                                            : loaded 2 times (x 223B)
Class com.amazon.ion.impl._Private_ValueFactory                                       : loaded 2 times (x 72B)
Class com.amazon.ion.impl.bin.IonRawBinaryWriter$PreallocationMode$1                  : loaded 2 times (x 83B)
Class [Lcom.amazon.ion.impl.bin._Private_IonManagedBinaryWriterBuilder$AllocatorMode; : loaded 2 times (x 71B)
Class org.jetbrains.kotlin.idea.gradleTooling.KotlinMPPGradleModel                    : loaded 2 times (x 72B)
Class io.opentelemetry.context.propagation.ContextPropagators                         : loaded 2 times (x 72B)
Class com.intellij.gradle.toolingExtension.impl.model.dependencyDownloadPolicyModel.GradleDependencyDownloadPolicy: loaded 2 times (x 72B)
Class org.gradle.tooling.model.BuildIdentifier                                        : loaded 2 times (x 72B)
Class kotlin.NoWhenBranchMatchedException                                             : loaded 2 times (x 84B)
Class com.google.wireless.android.sdk.stats.ProjectViewSelectionChangeEvent           : loaded 2 times (x 199B)
Class com.google.wireless.android.sdk.stats.FirebaseManagementEvent                   : loaded 2 times (x 203B)
Class com.google.wireless.android.sdk.stats.KotlinSupportDeclined                     : loaded 2 times (x 197B)
Class com.google.wireless.android.sdk.stats.LiveEditEvent                             : loaded 2 times (x 210B)
Class com.google.wireless.android.sdk.stats.RollbackToolCallEvent                     : loaded 2 times (x 199B)
Class com.google.wireless.android.sdk.stats.DeclarativeWatchFaceEventOrBuilder        : loaded 2 times (x 72B)
Class com.google.wireless.android.sdk.stats.RenderToolEventOrBuilder                  : loaded 2 times (x 72B)
Class com.google.wireless.android.sdk.stats.AdbServerStatusOrBuilder                  : loaded 2 times (x 72B)
Class com.google.wireless.android.sdk.stats.EmulatorPerformanceStatsOrBuilder         : loaded 2 times (x 72B)
Class org.jetbrains.kotlin.cli.common.arguments.ManualLanguageFeatureSetting          : loaded 2 times (x 74B)
Class org.jetbrains.kotlin.gradle.plugin.KotlinCompilerArgumentsProducerKt            : loaded 2 times (x 73B)
Class com.android.build.gradle.internal.dependency.VariantDependencies$getArtifactCollectionForToolingModel$1: loaded 2 times (x 80B)
Class kotlin.sequences.FlatteningSequence                                             : loaded 2 times (x 77B)
Class com.android.build.gradle.internal.utils.DesugarLibUtils$getD8DesugarMethodFileFromTransform$1$1: loaded 2 times (x 76B)
Class org.jetbrains.kotlin.gradle.tasks.K2MultiplatformStructure_Decorated            : loaded 2 times (x 133B)
Class com.android.build.gradle.internal.ide.v2.ModelBuilder$BaseSourceSetContainerBuilder: loaded 2 times (x 85B)
Class com.sun.xml.bind.v2.runtime.NameList                                            : loaded 2 times (x 74B)
Class com.sun.xml.bind.v2.runtime.reflect.TransducedAccessor                          : loaded 2 times (x 80B)
Class com.sun.xml.bind.v2.model.impl.RuntimeClassInfoImpl$RuntimePropertySeed         : loaded 2 times (x 86B)
Class javax.xml.bind.annotation.XmlAttachmentRef                                      : loaded 2 times (x 72B)
Class com.android.repository.api.Repository                                           : loaded 2 times (x 81B)
Class kotlin.text.MatcherMatchResult                                                  : loaded 2 times (x 82B)
Class com.android.build.gradle.internal.scope.InternalArtifactType$PREFAB_PACKAGE     : loaded 2 times (x 76B)
Class com.android.build.gradle.internal.dependency.RecalculateStackFramesTransform$Parameters: loaded 2 times (x 72B)
Class com.android.build.gradle.internal.dependency.LayoutlibExtractor                 : loaded 2 times (x 80B)
Class com.android.build.gradle.internal.lint.AndroidLintTextOutputTask$SingleVariantCreationAction: loaded 2 times (x 94B)
Class com.android.build.gradle.internal.scope.InternalArtifactType$SIGNING_CONFIG_DATA: loaded 2 times (x 76B)
Class org.jetbrains.kotlin.gradle.plugin.mpp.KotlinJvmAgpCompilationFactory$WhenMappings: loaded 2 times (x 73B)
Class org.jetbrains.kotlin.gradle.plugin.sources.FragmentConsistencyChecks            : loaded 2 times (x 74B)
Class org.jetbrains.kotlin.gradle.plugin.diagnostics.IsAttachedToTerminalValueSource  : loaded 2 times (x 82B)
Class com.android.build.api.variant.impl.SourcesImpl$extras$2                         : loaded 2 times (x 81B)
Class com.android.build.gradle.internal.scope.InternalArtifactType$LINT_PUBLISH_JAR   : loaded 2 times (x 76B)
Class com.android.build.gradle.internal.tasks.ProcessNavigationXmlTask$CreationAction : loaded 2 times (x 93B)
Class com.android.build.api.component.impl.DeviceTestImpl$shadersCreationConfig$2     : loaded 2 times (x 81B)
Class com.android.build.gradle.internal.core.dsl.impl.DslInfoCommonKt$initTestApplicationId$testAppIdFromFlavors$1: loaded 2 times (x 80B)
Class com.android.build.api.variant.impl.VariantOutputConfigurationImplKt             : loaded 2 times (x 73B)
Class com.android.build.api.component.impl.AnnotationProcessorImpl$finalListOfClassNames$1: loaded 2 times (x 77B)
Class org.jetbrains.kotlin.compilerRunner.GradleCompilerRunner                        : loaded 2 times (x 75B)
Class com.google.devtools.ksp.gradle.utils.AgpUtilsKt                                 : loaded 2 times (x 73B)
Class com.android.build.api.AndroidPluginVersion                                      : loaded 2 times (x 77B)
Class kotlin.text.MatchGroupCollection                                                : loaded 2 times (x 72B)
Class com.android.build.gradle.internal.api.artifact.SourceArtifactType$ANDROID_RESOURCES: loaded 2 times (x 76B)
Class org.jetbrains.kotlin.gradle.plugin.mpp.KotlinAndroidTarget$kotlinComponents$2   : loaded 2 times (x 81B)
Class org.jetbrains.kotlin.gradle.plugin.mpp.InternalKotlinTargetComponent            : loaded 2 times (x 93B)
Class org.jetbrains.kotlin.gradle.utils.ProviderApiUtilsKt                            : loaded 2 times (x 73B)
Class org.jetbrains.kotlin.gradle.targets.native.UsesKonanPropertiesBuildService      : loaded 2 times (x 72B)
Class org.jetbrains.kotlin.gradle.internal.properties.NativePropertiesLoader$forceDisableRunningInProcess$1: loaded 2 times (x 77B)
Class org.jetbrains.kotlin.build.report.metrics.IC_CALCULATE_INITIAL_DIRTY_SET        : loaded 2 times (x 74B)
Class org.jetbrains.kotlin.gradle.utils.PersistentCachesKt                            : loaded 2 times (x 73B)
Class org.jetbrains.kotlin.gradle.internal.tasks.TaskWithLocalState                   : loaded 2 times (x 72B)
Class org.jetbrains.kotlin.gradle.internal.properties.PropertiesBuildService$Params   : loaded 2 times (x 72B)
Class org.jetbrains.kotlin.gradle.internal.diagnostics.GradleCompatibilityCheck       : loaded 2 times (x 73B)
Class com.google.protobuf.DescriptorProtos$FileDescriptorProto                        : loaded 2 times (x 242B)
Class com.android.tools.build.gradle.internal.profile.AnalyticsEnums                  : loaded 2 times (x 73B)
Class kotlin.text.StringsKt__StringsKt                                                : loaded 2 times (x 73B)
Class com.android.ide.gradle.model.dependencies.DeclaredDependencies                  : loaded 2 times (x 72B)
Class com.google.protobuf.Descriptors$Descriptor                                      : loaded 2 times (x 78B)
Class com.google.wireless.android.sdk.stats.InstantRunStatusOrBuilder                 : loaded 2 times (x 72B)
Class [Lcom.android.tools.analytics.Environment$SystemProperty;                       : loaded 2 times (x 71B)
Class com.android.tools.analytics.AnalyticsSettings                                   : loaded 2 times (x 73B)
Class com.android.ide.common.blame.SourceFilePosition                                 : loaded 2 times (x 74B)
Class org.jetbrains.plugins.gradle.tooling.serialization.internal.IdeaProjectSerializationService$ReadContext: loaded 2 times (x 74B)
Class com.amazon.ion.impl.bin.IonManagedBinaryWriter$UserState$1                      : loaded 2 times (x 87B)
Class com.android.build.api.variant.HasUnitTestBuilder                                : loaded 2 times (x 72B)
Class com.amazon.ion.IonInt                                                           : loaded 2 times (x 72B)
Class com.amazon.ion.impl.bin.IonRawBinaryWriter$PreallocationMode$2                  : loaded 2 times (x 83B)
Class org.jetbrains.kotlin.idea.gradleTooling.PrepareKotlinIdeImportTaskModel         : loaded 2 times (x 72B)
Class org.gradle.tooling.model.BuildableElement                                       : loaded 2 times (x 72B)
Class org.gradle.tooling.model.HasGradleProject                                       : loaded 2 times (x 72B)
Class com.google.wireless.android.sdk.stats.DeviceMirroringSession                    : loaded 2 times (x 203B)
Class com.google.wireless.android.sdk.stats.UserTierUpgradeEventOrBuilder             : loaded 2 times (x 72B)
Class kotlinx.coroutines.flow.internal.AbstractSharedFlowKt                           : loaded 2 times (x 73B)
Class org.jetbrains.kotlin.gradle.dsl.KotlinCommonCompilerOptionsExtensionsKt         : loaded 2 times (x 73B)
Class org.jetbrains.kotlin.gradle.plugin.ide.IdeCompilerArgumentsResolverKt$kotlinIdeCompilerArgumentsResolver$2: loaded 2 times (x 80B)
Class com.android.build.gradle.options.ApiStage$Deprecated                            : loaded 2 times (x 74B)
Class com.android.build.gradle.tasks.PackageAndroidArtifactKt                         : loaded 2 times (x 73B)
Class com.google.common.io.ByteStreams$1                                              : loaded 2 times (x 87B)
Class org.jetbrains.kotlin.gradle.plugin.mpp.KotlinNativeCompilation                  : loaded 2 times (x 194B)
Class com.android.ide.common.blame.SourceFileJsonTypeAdapter                          : loaded 2 times (x 77B)
Class com.google.wireless.android.sdk.stats.JavaProcessStatsOrBuilder                 : loaded 2 times (x 72B)
Class com.sun.xml.bind.v2.runtime.unmarshaller.LocatorExWrapper                       : loaded 2 times (x 88B)
Class [Lcom.sun.xml.bind.v2.model.annotation.AnnotationSource;                        : loaded 2 times (x 71B)
Class com.sun.xml.bind.InternalAccessorFactory                                        : loaded 2 times (x 72B)
Class com.sun.xml.bind.v2.model.impl.SingleTypePropertyInfoImpl                       : loaded 2 times (x 115B)
Class com.sun.xml.bind.v2.model.core.LeafInfo                                         : loaded 2 times (x 72B)
Class com.android.repository.impl.generated.generic.v2.package-info                   : loaded 2 times (x 72B)
Class com.android.sdklib.repository.generated.common.v3.package-info                  : loaded 2 times (x 72B)
Class com.android.sdklib.repository.generated.addon.v2.LibrariesType                  : loaded 2 times (x 77B)
Class com.android.build.gradle.internal.SdkComponentsBuildService$VersionedSdkLoader$aapt2ExecutableProvider$1: loaded 2 times (x 76B)
Class com.android.build.gradle.internal.ide.v2.VersionsImpl$Companion                 : loaded 2 times (x 73B)
Class com.google.protobuf.UnsafeUtil$JvmMemoryAccessor                                : loaded 2 times (x 93B)
Class com.android.prefs.AndroidPathLocator                                            : loaded 2 times (x 75B)
Class [Lcom.google.protobuf.GeneratedMessageV3$FieldAccessorTable$OneofAccessor;      : loaded 2 times (x 71B)
Class com.android.build.gradle.internal.dependency.BaseDexingTransform$Parameters_Decorated: loaded 2 times (x 161B)
Class com.android.build.gradle.internal.dependency.AarTransform$Parameters            : loaded 2 times (x 72B)
Class com.android.build.api.variant.impl.LibraryVariantImpl                           : loaded 2 times (x 561B)
Class com.android.build.gradle.internal.tasks.ProcessNavigationXmlTask$LibraryCreationAction: loaded 2 times (x 93B)
Class com.android.build.gradle.internal.tasks.featuresplit.FeatureSetMetadataWriterTask: loaded 2 times (x 336B)
Class org.jetbrains.kotlin.gradle.utils.ConfigurationsKt$maybeCreateDependencyScope$1 : loaded 2 times (x 80B)
Class org.jetbrains.kotlin.gradle.plugin.sources.FragmentConsistencyChecks$languageVersionCheck$1: loaded 2 times (x 81B)
Class org.jetbrains.kotlin.gradle.plugin.diagnostics.IsCalledOutsideKotlinOrAndroidPluginsKt: loaded 2 times (x 73B)
Class org.jetbrains.kotlin.gradle.plugin.statistics.UsesBuildFusService               : loaded 2 times (x 72B)
Class org.jetbrains.kotlin.gradle.tasks.K2MultiplatformCompilationTask                : loaded 2 times (x 72B)
Class com.android.build.api.component.impl.DefaultSourcesProviderImpl$getResources$1  : loaded 2 times (x 80B)
Class com.android.build.gradle.internal.scope.InternalArtifactType$FEATURE_RESOURCE_PKG: loaded 2 times (x 76B)
Class com.android.build.gradle.internal.utils.HasConfigurableValuesKt                 : loaded 2 times (x 73B)
Class com.android.build.gradle.internal.core.dsl.impl.InstrumentedTestDslInfoImpl$handleProfiling$2: loaded 2 times (x 76B)
Class com.android.build.api.variant.impl.HasDeviceTestsCreationConfig                 : loaded 2 times (x 72B)
Class com.android.build.gradle.internal.core.dsl.features.RenderscriptDslInfo         : loaded 2 times (x 72B)
Class com.android.build.gradle.internal.core.dsl.impl.VariantDslInfoImpl$initApplicationId$appIdFromFlavors$1: loaded 2 times (x 80B)
Class com.android.build.gradle.internal.variant.DimensionCombinator$Companion         : loaded 2 times (x 73B)
Class com.android.build.gradle.internal.variant.DimensionCombinator                   : loaded 2 times (x 74B)
Class com.android.sdklib.AndroidTargetHash                                            : loaded 2 times (x 73B)
Class com.android.build.gradle.internal.dsl.NdkBuildOptions$AgpDecorated_Decorated    : loaded 2 times (x 141B)
Class com.android.build.gradle.internal.dsl.NdkBuildOptions$AgpDecorated              : loaded 2 times (x 97B)
Class com.android.build.gradle.internal.dsl.CommonExtensionImpl$sdkComponents$2       : loaded 2 times (x 81B)
Class com.android.builder.model.PackagingOptions                                      : loaded 2 times (x 72B)
Class com.android.build.api.dsl.DynamicFeatureDefaultConfig                           : loaded 2 times (x 72B)
Class [Lcom.android.builder.core.ComponentType;                                       : loaded 2 times (x 71B)
Class [Lorg.jetbrains.kotlin.gradle.plugin.KotlinPlatformType;                        : loaded 2 times (x 71B)
Class org.jetbrains.kotlin.gradle.plugin.BuildFinishedListenerService$Companion$registerIfAbsent$1$1: loaded 2 times (x 81B)
Class org.jetbrains.kotlin.gradle.internal.diagnostics.GradleCompatibilityCheck$CurrentGradleVersionProvider: loaded 2 times (x 72B)
Class org.jetbrains.kotlin.gradle.plugin.mpp.DecoratedKotlinCompilation               : loaded 2 times (x 193B)
Class com.android.build.gradle.internal.lint.LintFixBuildService$RegistrationAction   : loaded 2 times (x 76B)
Class com.android.build.gradle.internal.services.ClassesHierarchyBuildService         : loaded 2 times (x 82B)
Class com.android.builder.profile.NameAnonymizer$ProjectCacheLoader                   : loaded 2 times (x 78B)
Class com.android.tools.analytics.AnalyticsPaths                                      : loaded 2 times (x 73B)
Class org.jetbrains.kotlin.gradle.plugin.internal.CustomPropertiesFileValueSource$Inject_: loaded 2 times (x 115B)
Class com.android.build.gradle.internal.plugins.BasePlugin$registeredExtension$2      : loaded 2 times (x 81B)
Class com.android.build.api.extension.impl.DslLifecycleComponentsOperationsRegistrar  : loaded 2 times (x 74B)
Class com.amazon.ion.impl.bin.IonRawBinaryWriter$PreallocationMode$3                  : loaded 2 times (x 83B)
Class com.android.ide.gradle.model.GradlePluginModel                                  : loaded 2 times (x 72B)
Class com.google.common.collect.ReverseOrdering                                       : loaded 2 times (x 117B)
Class org.gradle.tooling.model.build.JavaEnvironment                                  : loaded 2 times (x 72B)
Class org.jetbrains.kotlin.build.report.metrics.COMPUTE_KOTLIN_CLASS_CHANGES          : loaded 2 times (x 74B)
Class com.google.wireless.android.sdk.stats.ChangeReviewEvent                         : loaded 2 times (x 202B)
Class com.google.wireless.android.sdk.stats.SetupWizardEvent                          : loaded 2 times (x 213B)
Class com.google.wireless.android.sdk.stats.SmlGeolocationEvent                       : loaded 2 times (x 202B)
Class com.google.wireless.android.sdk.stats.MemorySettingsEvent                       : loaded 2 times (x 206B)
Class com.google.wireless.android.sdk.stats.SuggestedImportEventOrBuilder             : loaded 2 times (x 72B)
Class com.google.wireless.android.sdk.stats.ConnectionAssistantEventOrBuilder         : loaded 2 times (x 72B)
Class com.google.wireless.android.sdk.stats.StartupPerformanceCodeLoadedAndVisibleInEditorOrBuilder: loaded 2 times (x 72B)
Class kotlinx.coroutines.CancelledContinuation                                        : loaded 2 times (x 74B)
Class com.android.build.gradle.internal.tasks.UsesAnalytics$ConfigureAction           : loaded 2 times (x 73B)
Class com.android.build.gradle.internal.tasks.BaseTask$ConfigureAction                : loaded 2 times (x 73B)
Class org.jetbrains.kotlin.gradle.internal.ClassLoadersCachingBuildService$Companion$registerIfAbsent$2$1$1: loaded 2 times (x 77B)
Class com.android.build.gradle.internal.ide.v2.ModelBuilder$DimensionInformation      : loaded 2 times (x 74B)
Class org.jetbrains.kotlin.gradle.targets.native.KonanPropertiesBuildService$Companion$registerIfAbsent$1: loaded 2 times (x 77B)
Class com.sun.xml.bind.IDResolver                                                     : loaded 2 times (x 77B)
Class com.android.sdklib.repository.generated.addon.v2.AddonDetailsType               : loaded 2 times (x 143B)
Class com.sun.xml.bind.v2.model.impl.Util                                             : loaded 2 times (x 73B)
Class [Lcom.sun.xml.bind.v2.model.core.PropertyKind;                                  : loaded 2 times (x 71B)
Class [Lcom.sun.xml.bind.v2.runtime.Location;                                         : loaded 2 times (x 71B)
Class com.sun.xml.bind.api.JAXBRIContext                                              : loaded 2 times (x 91B)
Class com.android.sdklib.repository.generated.addon.v3.package-info                   : loaded 2 times (x 72B)
Class org.jetbrains.kotlin.gradle.dsl.KotlinTargetContainerWithPresetFunctions        : loaded 2 times (x 72B)
Class com.android.build.gradle.internal.DependencyConfigurator$configureVariantTransforms$3$1: loaded 2 times (x 77B)
Class com.android.build.gradle.internal.DependencyConfigurator$configureGeneralTransforms$10: loaded 2 times (x 77B)
Class com.android.build.gradle.internal.ndk.NdkHandler                                : loaded 2 times (x 74B)
Class com.android.build.gradle.internal.tasks.CompileArtProfileTask                   : loaded 2 times (x 345B)
Class org.jetbrains.kotlin.gradle.targets.js.dsl.KotlinWasmJsTargetDsl                : loaded 2 times (x 72B)
Class org.jetbrains.kotlin.gradle.plugin.mpp.compilationImpl.factory.ConfigurationNaming$Default: loaded 2 times (x 77B)
Class org.jetbrains.kotlin.gradle.plugin.sources.DefaultLanguageSettingsBuilder       : loaded 2 times (x 102B)
Class org.jetbrains.kotlin.gradle.plugin.sources.FragmentConsistencyChecks$languageVersionCheck$2: loaded 2 times (x 80B)
Class org.jetbrains.kotlin.gradle.plugin.mpp.compilationImpl.KotlinCompilationSourceSetInclusion: loaded 2 times (x 74B)
Class org.jetbrains.kotlin.gradle.plugin.diagnostics.ToolingDiagnosticRenderingOptionsKt$WhenMappings: loaded 2 times (x 73B)
Class org.jetbrains.kotlin.gradle.tasks.configuration.BaseKotlinCompileConfig$1       : loaded 2 times (x 81B)
Class com.android.build.gradle.internal.scope.InternalArtifactType$COMPILE_R_CLASS_JAR: loaded 2 times (x 76B)
Class com.android.build.gradle.tasks.MergeResources                                   : loaded 2 times (x 358B)
Class [Lcom.android.build.gradle.internal.TaskManager$MergeType;                      : loaded 2 times (x 71B)
Class com.android.build.gradle.internal.scope.InternalArtifactType$MANIFEST_MERGE_BLAME_FILE: loaded 2 times (x 76B)
Class com.android.build.gradle.internal.AbstractAppTaskManager$1                      : loaded 2 times (x 93B)
Class [Lcom.android.build.api.variant.Component;                                      : loaded 2 times (x 71B)
Class com.android.build.gradle.internal.core.dsl.impl.InstrumentedTestDslInfoImpl$handleProfiling$fromFlavor$1: loaded 2 times (x 80B)
Class com.android.build.api.variant.Dexing                                            : loaded 2 times (x 72B)
Class com.android.build.api.variant.PropertyAccessNotAllowedException                 : loaded 2 times (x 84B)
Class com.android.build.gradle.internal.SdkLocator$SdkLocationSource                  : loaded 2 times (x 82B)
Class com.google.devtools.ksp.gradle.KspConfigurations$3$1                            : loaded 2 times (x 77B)
Class com.android.build.api.artifact.impl.SingleInitialProviderRequestImpl            : loaded 2 times (x 74B)
Class com.android.build.gradle.internal.BuildTypeData                                 : loaded 2 times (x 74B)
Class com.android.build.gradle.api.UnitTestVariant                                    : loaded 2 times (x 72B)
Class com.google.common.base.Converter$ReverseConverter                               : loaded 2 times (x 92B)
Class com.android.build.gradle.internal.dsl.MinSdkDelegate                            : loaded 2 times (x 86B)
Class com.android.build.gradle.internal.dsl.SigningConfigImpl                         : loaded 2 times (x 99B)
Class com.android.ide.common.signing.KeystoreHelper                                   : loaded 2 times (x 73B)
Class org.jetbrains.kotlin.build.report.metrics.IR_SERIALIZATION                      : loaded 2 times (x 74B)
Class org.jetbrains.kotlin.build.report.metrics.COMPILATION_ROUND                     : loaded 2 times (x 74B)
Class org.jetbrains.kotlin.gradle.utils.GradleConfigurationUtilsKt                    : loaded 2 times (x 73B)
Class org.jetbrains.kotlin.gradle.plugin.internal.CustomPropertiesFileValueSource$Parameters: loaded 2 times (x 72B)
Class org.jetbrains.kotlin.gradle.plugin.UsesBuildFinishedListenerService             : loaded 2 times (x 72B)
Class org.jetbrains.kotlin.gradle.dsl.KotlinPublishingDsl                             : loaded 2 times (x 72B)
Class org.jetbrains.kotlin.gradle.plugin.KotlinBaseApiPlugin                          : loaded 2 times (x 118B)
Class com.android.build.gradle.internal.services.SymbolTableBuildService$RegistrationAction: loaded 2 times (x 76B)
Class [Lcom.google.protobuf.FieldSet$FieldDescriptorLite;                             : loaded 2 times (x 71B)
Class com.google.wireless.android.sdk.stats.GradleProjectOptionsSettings$Builder      : loaded 2 times (x 321B)
Class com.google.wireless.android.sdk.stats.ProjectApiUseOrBuilder                    : loaded 2 times (x 72B)
Class com.android.build.gradle.internal.packaging.GradleKeystoreHelper                : loaded 2 times (x 73B)
Class com.android.build.gradle.internal.plugins.AndroidPluginBaseServices$configuratorService$2$1: loaded 2 times (x 81B)
Class kotlinx.coroutines.flow.StateFlowKt                                             : loaded 2 times (x 73B)
Class com.android.build.gradle.internal.dsl.JavaCompileOptions                        : loaded 2 times (x 84B)
Class com.android.build.gradle.internal.dsl.InternalCommonExtension                   : loaded 2 times (x 72B)
Class org.gradle.accessors.dm.LibrariesForLibsInPluginsBlock$BundleAccessors          : loaded 2 times (x 75B)
Class org.gradle.accessors.dm.LibrariesForLibs$VoyagerLibraryAccessors                : loaded 2 times (x 79B)
Class org.jetbrains.plugins.gradle.model.GradleExtension                              : loaded 2 times (x 72B)
Class com.amazon.ion.impl.lite.IonDecimalLite                                         : loaded 2 times (x 191B)
Class com.amazon.ion.IonBufferConfiguration$Builder                                   : loaded 2 times (x 80B)
Class org.gradle.internal.time.Timer                                                  : loaded 2 times (x 72B)
Class kotlin.jvm.internal.markers.KMappedMarker                                       : loaded 2 times (x 72B)
Class org.gradle.internal.installation.CurrentGradleInstallationLocator               : loaded 2 times (x 73B)
Class com.google.wireless.android.sdk.stats.SdkIndexLibraryDetails                    : loaded 2 times (x 209B)
Class com.google.wireless.android.sdk.stats.OSMetrics                                 : loaded 2 times (x 200B)
Class com.google.wireless.android.sdk.stats.IdePluginInfo                             : loaded 2 times (x 200B)
Class com.google.wireless.android.sdk.stats.UserIdResetEventOrBuilder                 : loaded 2 times (x 72B)
Class com.android.build.gradle.internal.dsl.OptimizationImpl                          : loaded 2 times (x 88B)
Class com.android.build.gradle.internal.ide.dependencies.VariantKey                   : loaded 2 times (x 74B)
Class com.android.build.gradle.internal.dependency.VariantDependencies$Companion$getComponentFilter$2$1: loaded 2 times (x 77B)
Class com.android.build.gradle.internal.dsl.decorator.annotation.NonNullableSetter    : loaded 2 times (x 72B)
Class com.android.build.gradle.internal.ide.v2.VectorDrawableOptionsImpl              : loaded 2 times (x 78B)
Class org.objectweb.asm.ClassReader                                                   : loaded 2 times (x 96B)
Class org.jetbrains.kotlin.gradle.tasks.DefaultKotlinJavaToolchain$getToolsJarFromJvm$1: loaded 2 times (x 77B)
Class org.jetbrains.kotlin.build.report.metrics.GcMetrics                             : loaded 2 times (x 74B)
Class com.android.build.gradle.internal.scope.BootClasspathBuilder$computeAdditionalAndRequestedOptionalLibraries$1: loaded 2 times (x 81B)
Class com.android.repository.impl.generated.v2.RepositoryType                         : loaded 2 times (x 88B)
Class [Ljavax.xml.bind.annotation.XmlNs;                                              : loaded 2 times (x 71B)
Class com.android.tools.analytics.JournalingUsageTracker                              : loaded 2 times (x 85B)
Class com.android.build.api.dsl.DeviceGroup                                           : loaded 2 times (x 72B)
Class com.android.build.gradle.internal.publishing.KotlinMultiplatformVariantSpecBuilder: loaded 2 times (x 92B)
Class com.android.build.gradle.internal.scope.InternalArtifactType$UNIT_TEST_LINT_PARTIAL_RESULTS: loaded 2 times (x 76B)
Class [Lcom.android.build.gradle.internal.dependency.DexingOutputSplitTransform$DexOutput;: loaded 2 times (x 71B)
Class com.android.build.gradle.internal.DependencyConfigurator$configureVariantTransforms$3$2: loaded 2 times (x 77B)
Class com.android.build.gradle.internal.DependencyConfigurator$configureGeneralTransforms$11: loaded 2 times (x 80B)
Class com.android.build.gradle.internal.dependency.ClassesDirToClassesTransform       : loaded 2 times (x 80B)
Class com.android.build.gradle.internal.dependency.AarResourcesCompilerTransform      : loaded 2 times (x 80B)
Class com.android.build.gradle.internal.dependency.MockableJarTransform$Inject_1      : loaded 2 times (x 111B)
Class com.android.build.gradle.internal.dsl.BundleOptionsCountrySet$AgpDecorated_Decorated: loaded 2 times (x 132B)
Class com.android.build.gradle.internal.test.AbstractTestDataImpl$minSdkVersion$1     : loaded 2 times (x 81B)
Class com.android.build.gradle.internal.tasks.creationconfig.ProcessTestManifestCreationConfigKt$forTestComponent$2: loaded 2 times (x 146B)
Class com.android.build.gradle.internal.scope.InternalArtifactType$GLOBAL_SYNTHETICS_PROJECT: loaded 2 times (x 76B)
Class com.android.build.gradle.internal.tasks.GlobalSyntheticsGeneratorTask           : loaded 2 times (x 338B)
Class com.android.build.gradle.tasks.TransformClassesWithAsmTask                      : loaded 2 times (x 351B)
Class org.jetbrains.kotlin.gradle.plugin.diagnostics.UsesKotlinToolingDiagnosticsKt   : loaded 2 times (x 73B)
Class com.android.builder.compiling.BuildConfigType                                   : loaded 2 times (x 81B)
Class com.android.build.api.component.impl.DefaultSourcesProvider                     : loaded 2 times (x 72B)
Class com.android.build.gradle.internal.res.LinkAndroidResForBundleTask               : loaded 2 times (x 352B)
Class com.android.build.api.component.impl.OldVariantApiLegacySupportImpl$JavaCompileOptionsForOldVariantAPI: loaded 2 times (x 77B)
Class com.android.build.gradle.internal.tasks.ApplicationIdWriterTask                 : loaded 2 times (x 337B)
Class [Lcom.android.build.gradle.internal.publishing.AndroidArtifacts$ArtifactType;   : loaded 2 times (x 71B)
Class com.android.build.api.variant.impl.VariantOutputConfigurationImpl               : loaded 2 times (x 78B)
Class com.android.build.api.variant.impl.ApplicationVariantImpl$renderscript$2        : loaded 2 times (x 81B)
Class com.android.build.gradle.internal.component.features.InstrumentationCreationConfig: loaded 2 times (x 72B)
Class com.android.build.api.variant.impl.HasHostTestsCreationConfig                   : loaded 2 times (x 72B)
Class com.android.build.gradle.internal.utils.GuavaKtxKt                              : loaded 2 times (x 73B)
Class com.android.build.api.extension.impl.AndroidComponentsExtensionImpl$getOperationCallback$callback$1: loaded 2 times (x 81B)
Class com.android.build.api.artifact.impl.SingleArtifactContainer$initArtifactContainer$1: loaded 2 times (x 81B)
Class com.android.build.gradle.internal.services.VariantServicesImpl                  : loaded 2 times (x 116B)
Class com.android.build.gradle.internal.ide.v2.NativeModelBuilder_Decorated           : loaded 2 times (x 131B)
Class com.android.build.gradle.internal.dsl.BundleOptionsLanguage$AgpDecorated_Decorated: loaded 2 times (x 127B)
Class com.android.build.gradle.internal.dsl.ExternalNativeBuildOptions                : loaded 2 times (x 95B)
Class com.android.build.api.dsl.KeepRules                                             : loaded 2 times (x 72B)
Class org.jetbrains.kotlin.gradle.plugin.AbstractKotlinJsPluginWrapper                : loaded 2 times (x 88B)
Class org.jetbrains.kotlin.gradle.plugin.internal.MavenPublicationComponentAccessor   : loaded 2 times (x 72B)
Class org.jetbrains.kotlin.gradle.plugin.internal.ProjectDependencyAccessor           : loaded 2 times (x 72B)
Class org.jetbrains.kotlin.gradle.fus.BuildUidService                                 : loaded 2 times (x 82B)
Class org.jetbrains.kotlin.gradle.plugin.KotlinPluginWrapperKt                        : loaded 2 times (x 73B)
Class org.jetbrains.kotlin.gradle.plugin.mpp.InternalKotlinCompilation                : loaded 2 times (x 72B)
Class org.jetbrains.kotlin.gradle.plugin.KotlinJvmFactory                             : loaded 2 times (x 72B)
Class com.google.protobuf.GeneratedMessageV3$ExtendableMessageOrBuilder               : loaded 2 times (x 72B)
Class [Lcom.google.protobuf.Internal$EnumLite;                                        : loaded 2 times (x 71B)
Class com.google.wireless.android.sdk.stats.GradleBuildProjectMetricsOrBuilder        : loaded 2 times (x 72B)
Class com.google.protobuf.CodedInputStream$ArrayDecoder                               : loaded 2 times (x 121B)
Class com.android.tools.analytics.HostData$osBean$2                                   : loaded 2 times (x 80B)
Class com.android.tools.analytics.HostData                                            : loaded 2 times (x 73B)
Class com.android.build.gradle.internal.dsl.VcsInfoImpl$AgpDecorated                  : loaded 2 times (x 83B)
Class com.android.tools.analytics.AnalyticsLevel                                      : loaded 2 times (x 81B)
Class com.android.build.gradle.internal.LoggerWrapper                                 : loaded 2 times (x 88B)
Class com.android.build.api.artifact.impl.SingleInitialProviderRequestImpl$on$1       : loaded 2 times (x 77B)
Class com.android.build.gradle.internal.dsl.CompileSdkSpecImpl$AgpDecorated_Decorated : loaded 2 times (x 142B)
Class com.android.build.gradle.options.Option$Status$Deprecated                       : loaded 2 times (x 74B)
Class com.android.build.gradle.internal.plugins.TestPlugin                            : loaded 2 times (x 99B)
Class com.google.devtools.ksp.gradle.KspGradleSubplugin                               : loaded 2 times (x 84B)
Class [Lcom.amazon.ion.impl.bin.IonRawBinaryWriter$ContainerType;                     : loaded 2 times (x 71B)
Class kotlin.coroutines.jvm.internal.SpillingKt                                       : loaded 2 times (x 73B)
Class org.gradle.tooling.internal.adapter.ProtocolToModelAdapter$ViewGraphDetails     : loaded 2 times (x 74B)
Class org.gradle.tooling.model.idea.IdeaProject                                       : loaded 2 times (x 72B)
Class org.gradle.tooling.model.DomainObjectSet                                        : loaded 2 times (x 72B)
Class org.gradle.internal.service.DefaultServiceLocator                               : loaded 2 times (x 85B)
Class com.google.wireless.android.play.playlog.proto.ClientAnalytics$LogEventOrBuilder: loaded 2 times (x 72B)
Class com.google.wireless.android.sdk.stats.ComposePreviewCanvasEvent                 : loaded 2 times (x 199B)
Class com.google.wireless.android.sdk.stats.VfsRefresh                                : loaded 2 times (x 197B)
Class com.google.wireless.android.sdk.stats.JourneyEngineErrorEventOrBuilder          : loaded 2 times (x 72B)
Class org.jetbrains.kotlin.gradle.plugin.KotlinCompilerArgumentsProducer$ArgumentType : loaded 2 times (x 81B)
Class com.android.build.gradle.internal.core.VariantSources                           : loaded 2 times (x 75B)
Class com.android.build.gradle.internal.ide.dependencies.LibraryCache                 : loaded 2 times (x 72B)
Class com.android.build.gradle.internal.ide.v2.ApiVersionImpl                         : loaded 2 times (x 78B)
Class org.jetbrains.kotlin.gradle.tasks.configuration.BaseKotlinCompileConfig$1$1$1   : loaded 2 times (x 77B)
Class org.jetbrains.kotlin.gradle.tasks.KotlinCompile$scriptExtensions$1              : loaded 2 times (x 81B)
Class org.jetbrains.kotlin.gradle.tasks.K2MultiplatformStructure$Fragment             : loaded 2 times (x 74B)
Class com.android.build.api.variant.ApkPackaging                                      : loaded 2 times (x 72B)
Class com.android.build.gradle.internal.scope.BootClasspathBuilder$computeAdditionalAndRequestedOptionalLibraries$2: loaded 2 times (x 82B)
Class com.android.repository.impl.generated.v1.PatchesType                            : loaded 2 times (x 77B)
Class [Lcom.sun.xml.bind.v2.model.core.ID;                                            : loaded 2 times (x 71B)
Class javax.xml.bind.annotation.XmlAttribute                                          : loaded 2 times (x 72B)
Class com.android.sdklib.repository.generated.repository.v3.package-info              : loaded 2 times (x 72B)
Class com.android.build.gradle.internal.FileExistsValueSource$Params$Inject_          : loaded 2 times (x 108B)
Class com.google.wireless.android.sdk.stats.AndroidStudioEvent$Builder                : loaded 2 times (x 1066B)
Class [Lcom.google.protobuf.DescriptorProtos$FieldDescriptorProto$Label;              : loaded 2 times (x 71B)
Class com.android.build.gradle.internal.api.BaseVariantImpl                           : loaded 2 times (x 217B)
Class com.android.build.gradle.internal.tasks.PackageBundleTask$CreationAction        : loaded 2 times (x 92B)
Class com.android.build.gradle.internal.component.features.RenderscriptCreationConfig : loaded 2 times (x 72B)
Class org.jetbrains.kotlin.gradle.plugin.mpp.compilationImpl.KotlinAndroidCompilationAssociator: loaded 2 times (x 76B)
Class org.jetbrains.kotlin.compilerRunner.CompilerSystemPropertiesService$Companion$registerIfAbsent$1: loaded 2 times (x 77B)
Class com.android.build.gradle.internal.component.BuiltInKotlinCreationConfig         : loaded 2 times (x 72B)
Class com.android.build.gradle.tasks.JavaPreCompileTask                               : loaded 2 times (x 337B)
Class com.android.build.gradle.internal.scope.InternalArtifactType$MERGED_NATIVE_LIBS_BLAME: loaded 2 times (x 76B)
Class com.android.build.gradle.internal.res.LinkAndroidResForBundleTask$CreationAction$handleProvider$1: loaded 2 times (x 133B)
Class com.android.build.gradle.tasks.ProcessApplicationManifest$CreationAction        : loaded 2 times (x 92B)
Class com.android.build.gradle.internal.scope.InternalArtifactType$COMPILE_MANIFEST_JAR: loaded 2 times (x 76B)
Class com.android.build.gradle.internal.tasks.StripDebugSymbolsTask$CreationAction    : loaded 2 times (x 92B)
Class com.google.wireless.android.sdk.stats.VariantPropertiesAccess                   : loaded 2 times (x 197B)
Class com.android.build.api.component.impl.ComponentImpl$sources$2                    : loaded 2 times (x 81B)
Class com.android.build.api.variant.impl.ApplicationVariantImpl_Decorated             : loaded 2 times (x 687B)
Class com.android.build.gradle.internal.variant.ApplicationVariantData                : loaded 2 times (x 78B)
Class com.android.build.api.component.analytics.AnalyticsEnabledComponentBuilder      : loaded 2 times (x 95B)
Class com.android.build.gradle.internal.profile.ProfilingMode                         : loaded 2 times (x 81B)
Class com.android.build.api.artifact.impl.TypedStorageProvider$getArtifact$1$1        : loaded 2 times (x 81B)
Class com.android.build.gradle.internal.tasks.GlobalTask                              : loaded 2 times (x 72B)
Class com.android.build.gradle.internal.cxx.gradle.generator.CxxMetadataGenerator     : loaded 2 times (x 72B)
Class com.android.build.api.artifact.impl.StorageProviderImpl$fileStorage$1           : loaded 2 times (x 80B)
Class com.android.build.api.dsl.JacocoOptions                                         : loaded 2 times (x 72B)
Class com.android.build.gradle.internal.api.LazyAndroidSourceSet                      : loaded 2 times (x 74B)
Class com.android.build.api.dsl.DefaultConfig                                         : loaded 2 times (x 72B)
Class org.jetbrains.kotlin.build.report.metrics.CLASSPATH_ENTRY_COUNT                 : loaded 2 times (x 74B)
Class org.jetbrains.kotlin.build.report.metrics.INCREMENTAL_LOAD_CURRENT_CLASSPATH_SNAPSHOT: loaded 2 times (x 74B)
Class org.jetbrains.kotlin.gradle.plugin.internal.DefaultProjectIsolationStartParameterAccessor_Decorated: loaded 2 times (x 123B)
Class org.jetbrains.kotlin.gradle.plugin.internal.ProjectIsolationStartParameterAccessorKt: loaded 2 times (x 73B)
Class org.jetbrains.kotlin.gradle.dsl.KaptExtensionConfig                             : loaded 2 times (x 72B)
Class com.google.protobuf.DescriptorProtos$EnumOptionsOrBuilder                       : loaded 2 times (x 72B)
Class com.android.build.api.component.analytics.AnalyticsEnabledDeviceTest$generatesApk$2: loaded 2 times (x 81B)
Class com.google.wireless.android.sdk.stats.GradlePluginData                          : loaded 2 times (x 201B)
Class com.android.build.gradle.internal.errors.SyncIssueReporterImpl$GlobalSyncIssueService$Parameters_Decorated: loaded 2 times (x 141B)
Class com.android.builder.profile.AnalyticsProfileWriter$Companion                    : loaded 2 times (x 73B)
Class [Lcom.google.wireless.android.sdk.stats.AsmClassesTransformRegistration$Scope;  : loaded 2 times (x 71B)
Class com.google.protobuf.ProtocolStringList                                          : loaded 2 times (x 72B)
Class android.databinding.tool.processing.ScopedException                             : loaded 2 times (x 88B)
Class com.android.build.gradle.internal.UnitTestTaskManager                           : loaded 2 times (x 84B)
Class com.android.build.gradle.internal.plugins.AndroidPluginBaseServices$projectServices$2: loaded 2 times (x 81B)
Class com.android.build.gradle.internal.VariantManager                                : loaded 2 times (x 74B)
Class jdk.internal.jrtfs.JrtDirectoryStream                                           : loaded 2 times (x 91B)
Class com.amazon.ion.impl.bin.utf8.Utf8StringEncoder$Result                           : loaded 2 times (x 76B)
Class com.amazon.ion.impl.bin.utf8.Pool$Allocator                                     : loaded 2 times (x 72B)
Class com.amazon.ion.IonText                                                          : loaded 2 times (x 72B)
Class com.amazon.ion.impl.SymbolTokenImpl                                             : loaded 2 times (x 83B)
Class com.amazon.ion.SubstituteSymbolTableException                                   : loaded 2 times (x 86B)
Class io.opentelemetry.api.trace.SpanContextKey                                       : loaded 2 times (x 73B)
Class kotlin.coroutines.jvm.internal.SuspendFunction                                  : loaded 2 times (x 72B)
Class org.gradle.util.GradleVersion                                                   : loaded 2 times (x 83B)
Class org.gradle.internal.installation.CurrentGradleInstallation                      : loaded 2 times (x 75B)
Class com.google.wireless.android.sdk.stats.SmlChatBotEvent                           : loaded 2 times (x 262B)
Class com.google.wireless.android.sdk.stats.ImportSampleEventOrBuilder                : loaded 2 times (x 72B)
Class org.jetbrains.kotlin.gradle.tasks.configuration.BaseKotlinCompileConfig$1$1$2   : loaded 2 times (x 77B)
Class org.jetbrains.kotlin.gradle.tasks.KotlinCompilerExecutionStrategy               : loaded 2 times (x 81B)
Class com.android.build.gradle.internal.ide.v2.BasicVariantImpl$Companion             : loaded 2 times (x 73B)
Class com.android.build.gradle.internal.scope.BootClasspathBuilder$computeAdditionalAndRequestedOptionalLibraries$3: loaded 2 times (x 79B)
Class com.sun.xml.bind.v2.model.impl.TypeRefImpl                                      : loaded 2 times (x 89B)
Class com.android.repository.api.Dependency                                           : loaded 2 times (x 79B)
Class com.android.repository.impl.meta.Archive                                        : loaded 2 times (x 86B)
Class [Lcom.android.repository.api.SchemaModule;                                      : loaded 2 times (x 71B)
Class com.android.build.gradle.internal.utils.ConsoleProgressIndicatorFactory$IsTerminalSmartValueSource$Inject_: loaded 2 times (x 111B)
Class kotlinx.coroutines.flow.FlowKt__TransformKt$onEach$$inlined$unsafeTransform$1$2$1: loaded 2 times (x 89B)
Class com.android.build.gradle.internal.TaskManager$createAnchorTasks$1               : loaded 2 times (x 77B)
Class com.google.wireless.android.sdk.stats.AndroidStudioEvent$IdeBrand$1             : loaded 2 times (x 78B)
Class [Lcom.android.tools.analytics.UsageTracker$Mode;                                : loaded 2 times (x 71B)
Class com.android.ide.common.workers.WorkerExecutorFacade                             : loaded 2 times (x 72B)
Class com.android.build.gradle.internal.scope.InternalArtifactType$RESOURCES_CONFIG_MAP_FILE: loaded 2 times (x 76B)
Class com.android.build.gradle.internal.scope.InternalArtifactType$MERGED_STARTUP_PROFILE: loaded 2 times (x 76B)
Class com.android.build.gradle.internal.tasks.featuresplit.PackagedDependenciesWriterTask: loaded 2 times (x 337B)
Class com.android.build.gradle.internal.tasks.R8VersionCheckException                 : loaded 2 times (x 84B)
Class org.jetbrains.kotlin.gradle.plugin.sources.DefaultKotlinSourceSet$special$$inlined$Iterable$1: loaded 2 times (x 81B)
Class org.jetbrains.kotlin.gradle.plugin.KotlinTargetConfiguratorKt                   : loaded 2 times (x 73B)
Class org.jetbrains.kotlin.gradle.plugin.mpp.compilationImpl.factory.KotlinCompilationImplFactory$KotlinCompilerOptionsFactory$Options: loaded 2 times (x 74B)
Class org.jetbrains.kotlin.gradle.plugin.diagnostics.ToolingDiagnosticRenderingOptionsKt: loaded 2 times (x 73B)
Class com.android.build.gradle.internal.tasks.factory.features.AndroidResourcesTaskCreationAction: loaded 2 times (x 72B)
Class com.android.build.gradle.tasks.ProcessPackagedManifestTask$CreationAction$handleProvider$1: loaded 2 times (x 133B)
Class com.android.build.gradle.internal.tasks.ExtractNativeDebugMetadataTask$FullCreationAction: loaded 2 times (x 93B)
Class com.google.wireless.android.sdk.stats.VariantAccess                             : loaded 2 times (x 197B)
Class com.android.build.gradle.internal.services.VariantBuilderServicesImpl$ValueImpl : loaded 2 times (x 78B)
Class com.google.wireless.android.sdk.stats.GradleBuildVariant$KotlinOptionsOrBuilder : loaded 2 times (x 72B)
Class dagger.hilt.android.plugin.HiltExtensionImpl                                    : loaded 2 times (x 91B)
Class com.android.build.gradle.internal.tasks.DeviceSerialTestTask                    : loaded 2 times (x 323B)
Class com.android.build.gradle.internal.dsl.ApplicationAndroidResourcesImpl           : loaded 2 times (x 126B)
Class com.android.build.api.dsl.TargetSdkSpec                                         : loaded 2 times (x 72B)
Class com.android.build.gradle.internal.dsl.JniLibsPackagingImpl                      : loaded 2 times (x 91B)
Class com.android.build.api.dsl.BundleLanguage                                        : loaded 2 times (x 72B)
Class com.android.build.api.dsl.BundleCountrySet                                      : loaded 2 times (x 72B)
Class com.android.build.api.dsl.BundleDeviceTier                                      : loaded 2 times (x 72B)
Class com.android.builder.core.AbstractProductFlavor                                  : loaded 2 times (x 196B)
Class org.jetbrains.kotlin.gradle.targets.native.internal.PlatformLibrariesGenerator  : loaded 2 times (x 74B)
Class org.jetbrains.kotlin.compilerRunner.btapi.BuildSessionService                   : loaded 2 times (x 82B)
Class org.jetbrains.kotlin.tooling.core.Extras$Type$Companion                         : loaded 2 times (x 73B)
Class org.jetbrains.kotlin.gradle.plugin.KotlinCompilation                            : loaded 2 times (x 72B)
Class com.android.build.gradle.internal.services.SymbolTableBuildService              : loaded 2 times (x 81B)
Class com.android.build.gradle.internal.ide.v2.GlobalSyncService$Parameters           : loaded 2 times (x 72B)
Class com.android.build.gradle.internal.scope.InternalArtifactType$NAVIGATION_JSON    : loaded 2 times (x 76B)
Class com.google.wireless.android.sdk.stats.GradleBuildProjectMetrics                 : loaded 2 times (x 201B)
Class com.android.build.gradle.tasks.ProcessManifestForBundleTask$CreationAction      : loaded 2 times (x 92B)
Class com.android.build.gradle.internal.profile.AnalyticsConfiguratorService$Inject_  : loaded 2 times (x 104B)
Class com.android.builder.profile.Recorder$VoidBlock                                  : loaded 2 times (x 72B)
Class com.android.build.api.variant.impl.DirectoryEntries                             : loaded 2 times (x 74B)
Class org.jetbrains.kotlin.compilerRunner.CompilerSystemPropertiesService$Companion   : loaded 2 times (x 73B)
Class com.android.build.api.extension.impl.ApplicationAndroidComponentsExtensionImpl  : loaded 2 times (x 116B)
Class org.gradle.accessors.dm.LibrariesForLibsInPluginsBlock$KtorLibraryAccessors     : loaded 2 times (x 79B)
Class com.amazon.ion.impl.bin.IonManagedBinaryWriter$ImportDescriptor                 : loaded 2 times (x 78B)
Class com.amazon.ion.SymbolTable                                                      : loaded 2 times (x 72B)
Class org.jetbrains.plugins.gradle.javaModel.JavaGradleManifestModel                  : loaded 2 times (x 72B)
Class org.jetbrains.plugins.gradle.tooling.serialization.GradleExtensionsSerializationService$WriteContext: loaded 2 times (x 74B)
Class com.intellij.gradle.toolingExtension.impl.model.taskModel.GradleTaskSerialisationService$Companion: loaded 2 times (x 73B)
Class kotlin.jvm.internal.Ref$BooleanRef                                              : loaded 2 times (x 73B)
Class kotlin.jvm.internal.StringCompanionObject                                       : loaded 2 times (x 73B)
Class kotlin.coroutines.intrinsics.IntrinsicsKt__IntrinsicsJvmKt                      : loaded 2 times (x 73B)
Class kotlin.coroutines.jvm.internal.CoroutineStackFrame                              : loaded 2 times (x 72B)
Class org.gradle.tooling.internal.adapter.ProtocolToModelAdapter$MethodInvocationCache$MethodInvocationKey: loaded 2 times (x 75B)
Class org.gradle.tooling.model.gradle.ProjectPublications                             : loaded 2 times (x 72B)
Class org.gradle.util.internal.GUtil                                                  : loaded 2 times (x 73B)
Class com.google.wireless.android.sdk.stats.BuildAttributionStats                     : loaded 2 times (x 208B)
Class com.google.wireless.android.sdk.stats.CppHeadersViewEvent                       : loaded 2 times (x 201B)
Class com.google.wireless.android.sdk.stats.GeminiTelemetryEventOrBuilder             : loaded 2 times (x 72B)
Class com.google.wireless.android.sdk.stats.PlayPolicyInsightsUsageEventOrBuilder     : loaded 2 times (x 72B)
Class com.google.wireless.android.sdk.stats.FastPreviewEventOrBuilder                 : loaded 2 times (x 72B)
Class com.google.wireless.android.sdk.stats.MemorySettingsEventOrBuilder              : loaded 2 times (x 72B)
Class com.google.common.io.ByteSource                                                 : loaded 2 times (x 86B)
Class com.google.devtools.ksp.gradle.KspGradleConfig_Decorated                        : loaded 2 times (x 193B)
Class com.android.build.api.variant.impl.FlatSourceDirectoriesImpl$getAsFileTrees$1   : loaded 2 times (x 77B)
Class org.jetbrains.kotlin.gradle.tasks.configuration.BaseKotlinCompileConfig$1$1$3   : loaded 2 times (x 77B)
Class com.android.build.gradle.internal.tasks.VariantTask$ConfigureAction             : loaded 2 times (x 73B)
Class com.android.build.gradle.internal.scope.BootClasspathBuilder$computeAdditionalAndRequestedOptionalLibraries$4: loaded 2 times (x 81B)
Class javax.xml.bind.UnmarshallerHandler                                              : loaded 2 times (x 72B)
Class com.android.sdklib.repository.generated.repository.v3.PlatformDetailsType       : loaded 2 times (x 128B)
Class com.sun.xml.bind.v2.model.core.Adapter                                          : loaded 2 times (x 74B)
Class com.sun.xml.bind.v2.model.impl.ClassInfoImpl$DuplicateException                 : loaded 2 times (x 84B)
Class [Ljavax.xml.bind.annotation.XmlAccessType;                                      : loaded 2 times (x 71B)
Class javax.xml.bind.annotation.XmlElementDecl                                        : loaded 2 times (x 72B)
Class com.android.repository.impl.generated.v2.CompleteType                           : loaded 2 times (x 86B)
Class com.android.repository.api.SchemaModule$SchemaModuleVersion                     : loaded 2 times (x 78B)
Class com.android.build.gradle.internal.PlatformToolsComponents$Companion             : loaded 2 times (x 73B)
Class com.android.build.gradle.internal.SdkComponentsBuildService$VersionedSdkLoader$sdkLoadStrategy$2$1$1: loaded 2 times (x 81B)
Class org.jetbrains.kotlin.gradle.plugin.mpp.compilationImpl.factory.KotlinJvmCompilerOptionsFactory$create$compilerOptions$1: loaded 2 times (x 79B)
Class com.android.build.api.variant.impl.SourceDirectoriesImpl$addGeneratedSourceDirectory$1: loaded 2 times (x 77B)
Class com.android.build.gradle.internal.scope.InternalArtifactType$FEATURE_SET_METADATA: loaded 2 times (x 76B)
Class com.android.build.gradle.internal.tasks.PerModuleReportDependenciesTask$CreationAction$Companion: loaded 2 times (x 73B)
Class com.google.protobuf.CodedOutputStream$OutputStreamEncoder                       : loaded 2 times (x 112B)
Class com.android.build.gradle.internal.scope.InternalArtifactType$LINT_VITAL_PARTIAL_RESULTS: loaded 2 times (x 76B)
Class com.android.build.gradle.internal.scope.InternalArtifactType$GLOBAL_SYNTHETICS_MERGED: loaded 2 times (x 76B)
Class com.android.build.gradle.internal.scope.InternalArtifactType$VARIANT_CODE_COVERAGE_DATA: loaded 2 times (x 76B)
Class com.android.build.gradle.internal.utils.KgpUtils$recordKgpPropertiesForAnalytics$1: loaded 2 times (x 80B)
Class com.android.build.gradle.internal.DependencyConfigurator$configureGeneralTransforms$8$1: loaded 2 times (x 76B)
Class com.android.build.gradle.internal.SdkComponentsBuildService$Environment         : loaded 2 times (x 75B)
Class com.android.build.gradle.internal.scope.InternalArtifactType$DEVICE_SPEC_PATH_MAP: loaded 2 times (x 76B)
Class com.android.build.gradle.internal.tasks.factory.features.DexingTaskCreationActionImpl: loaded 2 times (x 77B)
Class com.android.build.gradle.internal.scope.InternalArtifactType$GENERATED_PROGUARD_FILE: loaded 2 times (x 76B)
Class org.jetbrains.kotlin.gradle.plugin.mpp.KotlinCompilationFactory                 : loaded 2 times (x 72B)
Class com.android.build.api.variant.impl.JniLibsPackagingImpl$pickFirsts$1            : loaded 2 times (x 77B)
Class com.android.build.gradle.tasks.ProcessPackagedManifestTask$CreationAction$handleProvider$2: loaded 2 times (x 133B)
Class com.google.wireless.android.sdk.stats.AsmFramesComputationModeUpdate$Mode$1     : loaded 2 times (x 78B)
Class com.android.build.gradle.internal.testsuites.impl.TestSuiteBuilderImpl          : loaded 2 times (x 88B)
Class com.android.build.gradle.internal.dsl.ModulePropertyKey$BooleanWithDefault$Companion: loaded 2 times (x 73B)
Class com.android.build.gradle.internal.variant.DimensionCombinationImpl              : loaded 2 times (x 78B)
Class org.jetbrains.kotlin.compose.compiler.gradle.internal.ComposeAgpMappingFileKt$configureComposeMappingFile$1: loaded 2 times (x 77B)
Class com.android.build.gradle.api.TestVariant                                        : loaded 2 times (x 72B)
Class [Lcom.android.tools.lint.model.LintModelSeverity;                               : loaded 2 times (x 71B)
Class com.android.build.gradle.internal.CompileOptions$AgpDecorated_Decorated         : loaded 2 times (x 147B)
Class com.android.resources.ResourceEnum                                              : loaded 2 times (x 72B)
Class com.google.common.base.Converter$IdentityConverter                              : loaded 2 times (x 92B)
Class com.android.build.gradle.internal.test.AbstractTestDataImpl                     : loaded 2 times (x 111B)
Class com.android.build.api.dsl.DependenciesInfo                                      : loaded 2 times (x 72B)
Class com.android.build.gradle.internal.utils.KgpUtils                                : loaded 2 times (x 73B)
Class com.android.build.gradle.internal.services.BuiltInKotlinServices$Companion      : loaded 2 times (x 73B)
Class org.jetbrains.kotlin.gradle.utils.Future                                        : loaded 2 times (x 72B)
Class org.jetbrains.kotlin.build.report.metrics.RUN_WORKER_DELAY                      : loaded 2 times (x 74B)
Class org.jetbrains.kotlin.build.report.metrics.CODE_GENERATION                       : loaded 2 times (x 74B)
Class org.jetbrains.kotlin.build.report.metrics.CODE_ANALYSIS                         : loaded 2 times (x 74B)
Class org.jetbrains.kotlin.gradle.plugin.mpp.AbstractKotlinCompilation                : loaded 2 times (x 193B)
Class com.android.prefs.PathLocator$WhenMappings                                      : loaded 2 times (x 73B)
Class com.google.common.util.concurrent.AbstractFuture$SetFuture                      : loaded 2 times (x 77B)
Class com.google.wireless.android.sdk.stats.JavaProcessStats                          : loaded 2 times (x 208B)
Class com.android.build.gradle.internal.tasks.DeviceProviderInstrumentTestTask$CreationAction$Type: loaded 2 times (x 81B)
Class com.google.protobuf.Message                                                     : loaded 2 times (x 72B)
Class com.android.tools.analytics.Environment$Companion$SYSTEM$1                      : loaded 2 times (x 75B)
Class com.android.tools.analytics.Environment$Companion                               : loaded 2 times (x 73B)
Class com.android.tools.analytics.Environment$SystemProperty                          : loaded 2 times (x 81B)
Class com.android.ide.common.blame.SourceFilePositionJsonSerializer                   : loaded 2 times (x 79B)
Class com.android.build.gradle.internal.dependency.AarToClassTransform                : loaded 2 times (x 80B)
Class com.android.build.gradle.TestPlugin                                             : loaded 2 times (x 78B)
Class [Lcom.amazon.ion.impl.bin.IonManagedBinaryWriter$SymbolState;                   : loaded 2 times (x 71B)
Class com.amazon.ion.impl._Private_IonWriterBase                                      : loaded 2 times (x 164B)
Class com.amazon.ion.system.IonSystemBuilder                                          : loaded 2 times (x 77B)
Class com.amazon.ion.IonCatalog                                                       : loaded 2 times (x 72B)
Class io.opentelemetry.api.trace.TraceId                                              : loaded 2 times (x 73B)
Class com.intellij.gradle.toolingExtension.impl.model.utilTurnOffDefaultTasksModel.TurnOffDefaultTasks: loaded 2 times (x 72B)
Class com.intellij.gradle.toolingExtension.impl.model.sourceSetModel.GradleSourceSetSerialisationService$SourceSetModelReadContext: loaded 2 times (x 74B)
Class kotlin.io.NoSuchFileException                                                   : loaded 2 times (x 84B)
Class kotlin.collections.CollectionsKt                                                : loaded 2 times (x 73B)
Class com.google.wireless.android.sdk.stats.RunEvent                                  : loaded 2 times (x 257B)
Class com.google.wireless.android.sdk.stats.SafeModeStatsEvent                        : loaded 2 times (x 220B)
Class com.google.wireless.android.sdk.stats.CMakeEditingEvent                         : loaded 2 times (x 199B)
Class com.google.wireless.android.sdk.stats.MachineDetails                            : loaded 2 times (x 206B)
Class com.android.build.gradle.internal.ide.dependencies.Graph$AdjacencyList          : loaded 2 times (x 74B)
Class com.android.build.gradle.internal.ide.dependencies.ArtifactUtils$getArtifactsForModelBuilder$1: loaded 2 times (x 80B)
Class com.android.build.gradle.internal.dependency.AsmClassesTransform                : loaded 2 times (x 81B)
Class com.android.build.gradle.internal.ide.v2.VectorDrawableOptionsImpl$Companion    : loaded 2 times (x 73B)
Class org.objectweb.asm.Context                                                       : loaded 2 times (x 74B)
Class com.android.build.gradle.internal.scope.BootClasspathBuilder$computeAdditionalAndRequestedOptionalLibraries$5: loaded 2 times (x 82B)
Class javax.xml.bind.annotation.DomHandler                                            : loaded 2 times (x 72B)
Class com.sun.xml.bind.v2.runtime.property.PropertyFactory                            : loaded 2 times (x 73B)
Class com.sun.xml.bind.v2.model.impl.ElementInfoImpl$PropertyImpl                     : loaded 2 times (x 135B)
Class javax.activation.DataSource                                                     : loaded 2 times (x 72B)
Class com.sun.xml.bind.v2.model.runtime.RuntimeBuiltinLeafInfo                        : loaded 2 times (x 72B)
Class com.android.sdklib.repository.generated.sysimg.v4.package-info                  : loaded 2 times (x 72B)
Class com.android.sdklib.repository.meta.DetailsTypes$ExtraDetailsType                : loaded 2 times (x 72B)
Class com.android.build.gradle.internal.SdkComponentsBuildService$VersionedSdkLoader$aidlFrameworkProvider$1: loaded 2 times (x 77B)
Class com.android.build.gradle.internal.SdkComponentsBuildService$VersionedSdkLoader$androidJarProvider$1: loaded 2 times (x 77B)
Class com.android.build.gradle.internal.publishing.PublishingSpecs$OutputSpec         : loaded 2 times (x 72B)
Class com.google.protobuf.CodedOutputStream$SafeDirectNioEncoder                      : loaded 2 times (x 111B)
Class com.android.build.gradle.internal.api.UnitTestVariantImpl                       : loaded 2 times (x 221B)
Class com.android.build.gradle.internal.dependency.AgpVersionCompatibilityRule        : loaded 2 times (x 78B)
Class com.android.build.gradle.internal.cxx.logging.PassThroughRecordingLoggingEnvironment: loaded 2 times (x 85B)
Class com.android.build.gradle.internal.dependency.SubtractingArtifactCollection$SubtractingArtifactResult$fileCollection$1: loaded 2 times (x 81B)
Class com.android.build.gradle.internal.tasks.ApkZipPackagingTask                     : loaded 2 times (x 338B)
Class com.android.build.gradle.internal.scope.InternalArtifactType$DESUGAR_GRAPH      : loaded 2 times (x 76B)
Class org.jetbrains.kotlin.gradle.targets.js.dsl.KotlinJsSubTargetContainerDsl        : loaded 2 times (x 72B)
Class com.android.build.gradle.internal.TaskManager$maybeCreateKotlinExtensionConfiguration$kotlinExtension$1: loaded 2 times (x 76B)
Class com.android.builder.merge.DuplicateRelativeFileException                        : loaded 2 times (x 84B)
Class com.android.build.gradle.internal.TaskManager$WhenMappings                      : loaded 2 times (x 73B)
Class [Lcom.android.build.gradle.internal.publishing.AndroidArtifacts$ConsumedConfigType;: loaded 2 times (x 71B)
Class com.android.build.gradle.internal.publishing.AndroidArtifacts$ArtifactScope     : loaded 2 times (x 81B)
Class com.android.build.api.instrumentation.InstrumentationContext_Decorated          : loaded 2 times (x 132B)
Class com.android.build.api.component.impl.features.OptimizationCreationConfigImpl$consumerProguardFiles$2: loaded 2 times (x 81B)
Class com.android.build.api.artifact.ScopedArtifact$POST_COMPILATION_CLASSES          : loaded 2 times (x 76B)
Class com.android.build.api.variant.impl.VariantOutputImpl                            : loaded 2 times (x 85B)
Class com.android.build.api.variant.Instrumentation                                   : loaded 2 times (x 72B)
Class com.android.build.api.variant.GeneratesTestApk                                  : loaded 2 times (x 72B)
Class com.android.build.gradle.internal.variant.VariantPathHelper$defaultApkLocation$2: loaded 2 times (x 81B)
Class com.android.build.api.component.analytics.AnalyticsEnabledApplicationVariantBuilder$_androidResources$2: loaded 2 times (x 81B)
Class com.android.build.gradle.internal.scope.InternalArtifactType$DEFAULT_PROGUARD_FILES: loaded 2 times (x 76B)
Class com.android.build.gradle.internal.tasks.AndroidGlobalTask                       : loaded 2 times (x 328B)
Class com.android.build.gradle.internal.tasks.factory.TaskInformation                 : loaded 2 times (x 72B)
Class com.android.build.gradle.internal.dsl.SigningConfigImpl$AgpDecorated_Decorated  : loaded 2 times (x 152B)
Class com.android.build.gradle.internal.dsl.SigningConfigImpl$AgpDecorated            : loaded 2 times (x 103B)
Class com.android.build.gradle.internal.dsl.DefaultConfig$AgpDecorated                : loaded 2 times (x 444B)
Class org.jetbrains.kotlin.tooling.core.MutableExtrasImpl$Companion                   : loaded 2 times (x 73B)
Class org.jetbrains.kotlin.gradle.internal.ClassLoadersCachingBuildService$Parameters : loaded 2 times (x 72B)
Class org.jetbrains.kotlin.build.report.metrics.CustomBuildTimeMetricKt               : loaded 2 times (x 73B)
Class org.jetbrains.kotlin.build.report.metrics.DAEMON_GC_COUNT                       : loaded 2 times (x 74B)
Class org.jetbrains.kotlin.build.report.metrics.FINISH_KOTLIN_DAEMON_EXECUTION        : loaded 2 times (x 74B)
Class org.jetbrains.kotlin.build.report.metrics.TRANSLATION_TO_IR                     : loaded 2 times (x 74B)
Class org.jetbrains.kotlin.build.report.metrics.IR_LOWERING                           : loaded 2 times (x 74B)
Class org.jetbrains.kotlin.build.report.metrics.COMPUTE_CHANGED_AND_IMPACTED_SET      : loaded 2 times (x 74B)
Class org.jetbrains.kotlin.gradle.plugin.internal.CopySpecAccessor                    : loaded 2 times (x 72B)
Class org.jetbrains.kotlin.gradle.plugin.internal.ProjectIsolationStartParameterAccessor: loaded 2 times (x 72B)
Class org.jetbrains.kotlin.gradle.plugin.KotlinGradleBuildServices$Companion$registerIfAbsent$1: loaded 2 times (x 77B)
Class org.jetbrains.kotlin.gradle.utils.StoredProperty                                : loaded 2 times (x 72B)
Class com.android.build.gradle.internal.SdkComponentsBuildService$VersionedSdkLoader$annotationsJarProvider$1: loaded 2 times (x 77B)
Class com.android.sdklib.repository.generated.addon.v3.LibrariesType                  : loaded 2 times (x 77B)
Class com.google.protobuf.ExtensionRegistryFactory                                    : loaded 2 times (x 73B)
Class com.google.protobuf.AbstractMessage$Builder                                     : loaded 2 times (x 259B)
Class com.sun.xml.bind.api.RawAccessor                                                : loaded 2 times (x 75B)
Class com.android.ide.common.blame.Message                                            : loaded 2 times (x 74B)
Class com.sun.xml.bind.v2.model.impl.ClassInfoImpl                                    : loaded 2 times (x 138B)
Class com.google.protobuf.ProtocolMessageEnum                                         : loaded 2 times (x 72B)
Class com.android.build.gradle.internal.plugins.BasePlugin$ExtensionData              : loaded 2 times (x 74B)
Class com.android.build.gradle.internal.VariantTaskManager                            : loaded 2 times (x 88B)
Class org.gradle.accessors.dm.LibrariesForLibs$AndroidxActivityLibraryAccessors       : loaded 2 times (x 79B)
Class io.opentelemetry.api.internal.ImmutableSpanContext                              : loaded 2 times (x 93B)
Class com.intellij.gradle.toolingExtension.impl.model.sourceSetModel.GradleSourceSetSerialisationService$SourceSetModelWriteContext: loaded 2 times (x 74B)
Class kotlin.ranges.IntProgressionIterator                                            : loaded 2 times (x 84B)
Class kotlin.coroutines.CoroutineContext                                              : loaded 2 times (x 72B)
Class kotlin.coroutines.jvm.internal.DebugProbesKt                                    : loaded 2 times (x 73B)
Class org.gradle.tooling.internal.adapter.WeakIdentityHashMap                         : loaded 2 times (x 78B)
Class org.gradle.tooling.GradleConnectionException                                    : loaded 2 times (x 85B)
Class org.gradle.tooling.internal.adapter.ProtocolToModelAdapter$1                    : loaded 2 times (x 77B)
Class org.gradle.tooling.internal.adapter.ProtocolToModelAdapter$ViewDecoration       : loaded 2 times (x 72B)
Class org.gradle.internal.installation.GradleInstallation                             : loaded 2 times (x 77B)
Class com.google.wireless.android.sdk.stats.ResizeComposePreviewEvent                 : loaded 2 times (x 218B)
Class org.jetbrains.kotlin.gradle.tasks.KotlinCompile$createCompilerArguments$1       : loaded 2 times (x 81B)
Class [Lorg.jetbrains.kotlin.gradle.plugin.KotlinCompilerArgumentsProducer$ArgumentType;: loaded 2 times (x 71B)
Class com.android.build.gradle.internal.ide.dependencies.LocalJarCacheImpl$cache$1    : loaded 2 times (x 76B)
Class com.android.build.gradle.internal.ide.dependencies.LibraryCacheImpl             : loaded 2 times (x 77B)
Class org.jetbrains.kotlin.gradle.internal.kapt.incremental.StructureTransformAction  : loaded 2 times (x 80B)
Class org.jetbrains.kotlin.gradle.dsl.KotlinJvmCompile$DefaultImpls                   : loaded 2 times (x 73B)
Class com.android.build.api.dsl.AndroidLibrarySourceSet                               : loaded 2 times (x 72B)
Class com.android.build.gradle.internal.scope.BootClasspathBuilder$computeAdditionalAndRequestedOptionalLibraries$6: loaded 2 times (x 79B)
Class com.android.sdklib.repository.targets.PlatformTarget$1                          : loaded 2 times (x 77B)
Class com.sun.xml.bind.v2.ClassFactory$1                                              : loaded 2 times (x 84B)
Class com.sun.xml.bind.v2.runtime.property.ArrayElementNodeProperty                   : loaded 2 times (x 107B)
Class com.sun.xml.bind.v2.model.annotation.XmlElementRefQuick                         : loaded 2 times (x 96B)
Class com.sun.xml.bind.v2.runtime.JaxBeanInfo                                         : loaded 2 times (x 91B)
Class com.android.repository.impl.meta.GenericFactory                                 : loaded 2 times (x 74B)
Class com.android.build.gradle.internal.SdkComponentsBuildService$VersionedSdkLoader$sdkSetupCorrectly$1: loaded 2 times (x 77B)
Class com.google.protobuf.Writer                                                      : loaded 2 times (x 72B)
Class com.google.protobuf.DescriptorProtos$MessageOptions                             : loaded 2 times (x 259B)
Class com.android.build.gradle.internal.scope.InternalArtifactType$JAVA_DOC_JAR       : loaded 2 times (x 76B)
Class com.android.build.gradle.internal.api.InstallableVariantImpl                    : loaded 2 times (x 243B)
Class com.android.build.gradle.internal.SdkHandler                                    : loaded 2 times (x 83B)
Class com.android.build.api.variant.TestVariant                                       : loaded 2 times (x 72B)
Class com.android.build.gradle.internal.tasks.ExtractApksTask$CreationAction          : loaded 2 times (x 92B)
Class com.android.build.gradle.internal.scope.InternalArtifactType$BUNDLE_IDE_MODEL   : loaded 2 times (x 76B)
Class com.android.build.gradle.internal.scope.InternalArtifactType$COMBINED_ART_PROFILE: loaded 2 times (x 76B)
Class com.android.build.gradle.internal.tasks.ListingFileRedirectTask$CreationAction  : loaded 2 times (x 94B)
Class org.jetbrains.kotlin.gradle.plugin.mpp.compilationImpl.factory.KotlinCompilationImplFactory$create$1: loaded 2 times (x 77B)
Class com.android.build.api.variant.impl.FlatSourceDirectoriesForJavaImpl$WhenMappings: loaded 2 times (x 73B)
Class com.android.build.gradle.tasks.CompatibleScreensManifest$CreationAction         : loaded 2 times (x 92B)
Class com.android.build.api.variant.ResValue                                          : loaded 2 times (x 74B)
Class com.android.build.api.variant.impl.SigningConfigImpl                            : loaded 2 times (x 81B)
Class com.android.build.api.variant.impl.ApplicationVariantImpl                       : loaded 2 times (x 634B)
Class com.android.build.api.attributes.AgpVersionAttr$Impl                            : loaded 2 times (x 90B)
Class com.sun.xml.bind.v2.model.impl.RuntimeBuiltinLeafInfoImpl$StringImpl            : loaded 2 times (x 136B)
Class com.android.build.gradle.internal.dsl.TestOptions$suites$2$AgpTestSuiteFactory  : loaded 2 times (x 77B)
Class com.android.build.gradle.internal.core.dsl.impl.ComponentDslInfoImpl$mergedFlavor$2: loaded 2 times (x 81B)
Class com.android.build.gradle.internal.TaskManager$Companion$createCoreLibraryDesugaringConfig$1: loaded 2 times (x 76B)
Class com.android.build.gradle.internal.TaskManager$Companion                         : loaded 2 times (x 73B)
Class com.android.build.api.dsl.NdkBuild                                              : loaded 2 times (x 72B)
Class com.android.build.api.dsl.BundleAiModelVersion                                  : loaded 2 times (x 72B)
Class com.android.build.gradle.internal.dsl.decorator.SupportedPropertyType$Var$File  : loaded 2 times (x 76B)
Class com.android.build.api.dsl.TestBaseFlavor                                        : loaded 2 times (x 72B)
Class com.android.build.api.dsl.LibraryBuildType                                      : loaded 2 times (x 72B)
Class com.android.build.api.dsl.VariantDimension                                      : loaded 2 times (x 72B)
Class org.jetbrains.kotlin.gradle.tasks.KotlinJavaToolchain                           : loaded 2 times (x 72B)
Class org.jetbrains.kotlin.build.report.metrics.INCREMENTAL_LOAD_SHRUNK_CURRENT_CLASSPATH_SNAPSHOT_AGAINST_PREVIOUS_LOOKUPS: loaded 2 times (x 74B)
Class org.jetbrains.kotlin.gradle.plugin.internal.CompatibilityConventionRegistrar    : loaded 2 times (x 72B)
Class org.jetbrains.kotlin.gradle.plugin.AndroidGradlePluginVersion                   : loaded 2 times (x 77B)
Class com.android.prefs.AndroidLocationsException                                     : loaded 2 times (x 84B)
Class com.google.protobuf.CodedInputStream                                            : loaded 2 times (x 121B)
Class com.google.wireless.android.sdk.stats.GradleBuildProfileSpan                    : loaded 2 times (x 217B)
Class com.google.protobuf.MessageLite                                                 : loaded 2 times (x 72B)
Class com.android.build.gradle.internal.res.Aapt2FromMaven$Companion$DefaultAapt2Version$BUILD_NUMBER$2: loaded 2 times (x 80B)
Class com.sun.xml.bind.v2.model.impl.PropertySeed                                     : loaded 2 times (x 72B)
Class com.android.build.gradle.internal.scope.InternalArtifactType$RENDERSCRIPT_SOURCE_OUTPUT_DIR: loaded 2 times (x 76B)
Class com.android.build.api.component.impl.features.ManifestPlaceholdersCreationConfigImpl: loaded 2 times (x 77B)
Class jdk.internal.jimage.decompressor.ResourceDecompressor$StringsProvider           : loaded 2 times (x 72B)
Class org.gradle.accessors.dm.LibrariesForLibsInPluginsBlock$AndroidxComposeUiTestLibraryAccessors: loaded 2 times (x 80B)
Class com.amazon.ion.impl.lite.ContainerlessContext                                   : loaded 2 times (x 82B)
Class io.opentelemetry.api.trace.DefaultTracer                                        : loaded 2 times (x 76B)
Class org.jetbrains.plugins.gradle.tooling.serialization.GradleExtensionsSerializationService$ReadContext: loaded 2 times (x 74B)
Class com.google.common.collect.LexicographicalOrdering                               : loaded 2 times (x 117B)
Class org.gradle.tooling.internal.adapter.MethodInvoker                               : loaded 2 times (x 72B)
Class com.google.wireless.android.sdk.stats.UiToolsPreferencesEvent                   : loaded 2 times (x 207B)
Class com.google.wireless.android.sdk.stats.PSDEvent                                  : loaded 2 times (x 211B)
Class com.google.wireless.android.sdk.stats.ComposeDeployEvent                        : loaded 2 times (x 197B)
Class com.google.wireless.android.sdk.stats.BackupUsageEventOrBuilder                 : loaded 2 times (x 72B)
Class com.google.wireless.android.sdk.stats.LogcatUsageEventOrBuilder                 : loaded 2 times (x 72B)
Class com.google.wireless.android.sdk.stats.DataBindingEventOrBuilder                 : loaded 2 times (x 72B)
Class org.jetbrains.kotlin.gradle.plugin.DefaultKotlinBasePlugin$addKotlinCompilerConfiguration$4$1: loaded 2 times (x 81B)
Class com.android.build.gradle.tasks.JavaCompileKt$recordAnnotationProcessors$1       : loaded 2 times (x 77B)
Class org.jetbrains.kotlin.gradle.plugin.KotlinCompilerArgumentsProducer$ContributeCompilerArgumentsContext: loaded 2 times (x 72B)
Class com.sun.xml.bind.v2.runtime.unmarshaller.LeafPropertyLoader                     : loaded 2 times (x 80B)
Class com.sun.xml.bind.v2.model.impl.RuntimeTypeRefImpl                               : loaded 2 times (x 98B)
Class com.sun.xml.bind.v2.model.core.ReferencePropertyInfo                            : loaded 2 times (x 72B)
Class com.sun.xml.bind.v2.model.annotation.XmlTypeQuick                               : loaded 2 times (x 97B)
Class com.android.build.gradle.internal.SdkComponentsBuildService$VersionedSdkLoader$aidlExecutableProvider$1: loaded 2 times (x 77B)
Class org.jetbrains.kotlin.konan.target.KonanTarget$MACOS_ARM64                       : loaded 2 times (x 80B)
Class com.google.wireless.android.sdk.stats.UpgradeAssistantProcessorEventOrBuilder   : loaded 2 times (x 72B)
Class com.google.wireless.android.sdk.stats.ThreadingAgentUsageEventOrBuilder         : loaded 2 times (x 72B)
Class com.android.build.gradle.internal.scope.ArtifactPublishingUtil$publishIntermediateArtifact$2: loaded 2 times (x 81B)
Class com.android.build.gradle.internal.dependency.CollectResourceSymbolsTransform$Inject_1: loaded 2 times (x 111B)
Class com.android.build.gradle.internal.scope.InternalArtifactType$MERGED_NATIVE_DEBUG_METADATA: loaded 2 times (x 76B)
Class com.android.build.gradle.internal.tasks.MergeGeneratedProguardFilesCreationAction$handleProvider$1: loaded 2 times (x 133B)
Class org.jetbrains.kotlin.gradle.plugin.KotlinCompilation$Companion                  : loaded 2 times (x 73B)
Class com.android.build.api.component.impl.features.DexingImpl                        : loaded 2 times (x 89B)
Class com.google.protobuf.RepeatedFieldBuilderV3                                      : loaded 2 times (x 96B)
Class com.android.build.api.variant.impl.HasTestSuitesCreationConfig                  : loaded 2 times (x 72B)
Class com.android.build.gradle.internal.variant.VariantPathHelper$targetFilterConfigurations$2: loaded 2 times (x 81B)
Class com.google.wireless.android.sdk.stats.SmlAiExcludeEvent                         : loaded 2 times (x 203B)
Class com.android.build.gradle.internal.core.dsl.impl.ConsumableComponentDslInfoImpl$manifestPlaceholdersDslInfo$2: loaded 2 times (x 81B)
Class com.android.build.gradle.internal.utils.PublishingUtils                         : loaded 2 times (x 73B)
Class com.android.build.gradle.internal.manifest.LazyManifestParser                   : loaded 2 times (x 78B)
Class com.android.build.gradle.internal.tasks.factory.TaskFactoryImpl                 : loaded 2 times (x 85B)
Class com.android.build.gradle.internal.tasks.factory.GlobalTaskCreationConfigImpl$localCustomLintChecks$2: loaded 2 times (x 81B)
Class com.android.build.api.artifact.impl.ArtifactsImpl$3$1                           : loaded 2 times (x 82B)
Class com.android.build.gradle.internal.dsl.DependenciesInfoImpl$AgpDecorated_Decorated: loaded 2 times (x 132B)
Class com.android.build.gradle.internal.dsl.DependenciesInfoImpl$AgpDecorated         : loaded 2 times (x 86B)
Class com.android.build.gradle.internal.coverage.JacocoOptions_Decorated              : loaded 2 times (x 132B)
Class com.android.build.gradle.internal.api.artifact.SourceArtifactType$SHADERS       : loaded 2 times (x 76B)
Class com.android.builder.core.AbstractProductFlavor$Companion                        : loaded 2 times (x 73B)
Class com.android.build.api.dsl.VcsInfo                                               : loaded 2 times (x 72B)
Class com.android.build.gradle.internal.model.CoreCmakeOptions                        : loaded 2 times (x 72B)
Class com.android.build.gradle.internal.dsl.decorator.SupportedPropertyType$Collection: loaded 2 times (x 76B)
Class com.android.builder.core.ComponentType                                          : loaded 2 times (x 72B)
Class com.google.wireless.android.sdk.stats.SuggestedImportEvent                      : loaded 2 times (x 198B)
Class org.jetbrains.kotlin.gradle.dsl.ToolchainSupport$Companion                      : loaded 2 times (x 73B)
Class org.jetbrains.kotlin.gradle.plugin.KotlinSourceSet                              : loaded 2 times (x 72B)
Class org.jetbrains.kotlin.build.report.metrics.CALL_KOTLIN_DAEMON                    : loaded 2 times (x 74B)
Class com.google.wireless.android.sdk.stats.GradleTransformExecutionOrBuilder         : loaded 2 times (x 72B)
Class com.google.protobuf.MapFieldReflectionAccessor                                  : loaded 2 times (x 76B)
Class com.google.wireless.android.sdk.stats.GradleBuildProject$Builder                : loaded 2 times (x 361B)
Class com.google.protobuf.AbstractMessageLite$Builder                                 : loaded 2 times (x 128B)
Class com.android.tools.analytics.AnalyticsStateManager                               : loaded 2 times (x 73B)
Class com.google.wireless.android.sdk.stats.MemoryUsageReportEvent                    : loaded 2 times (x 213B)
Class com.android.build.gradle.internal.errors.AndroidProblemsReporter                : loaded 2 times (x 72B)
Class com.android.build.gradle.internal.services.AndroidLocationsBuildService$RegistrationAction: loaded 2 times (x 76B)
Class com.android.build.api.variant.CanMinifyAndroidResources                         : loaded 2 times (x 72B)
Class com.android.build.gradle.TestedExtension                                        : loaded 2 times (x 217B)
Class gnu.trove.PrimeFinder                                                           : loaded 2 times (x 73B)
Class com.amazon.ion.UnexpectedEofException                                           : loaded 2 times (x 86B)
Class com.amazon.ion.IonSexp                                                          : loaded 2 times (x 72B)
Class com.amazon.ion.ReadOnlyValueException                                           : loaded 2 times (x 86B)
Class com.amazon.ion.impl._Private_LocalSymbolTable                                   : loaded 2 times (x 72B)
Class com.amazon.ion.BufferConfiguration$DataHandler                                  : loaded 2 times (x 72B)
Class com.amazon.ion.impl._Private_IonBinaryWriterBuilder                             : loaded 2 times (x 117B)
Class org.jetbrains.plugins.gradle.tooling.serialization.RepositoriesModelSerializationService$WriteContext: loaded 2 times (x 74B)
Class com.android.ide.gradle.model.LegacyAndroidGradlePluginProperties                : loaded 2 times (x 72B)
Class kotlin.ranges.IntProgression                                                    : loaded 2 times (x 83B)
Class kotlin.jvm.KotlinReflectionNotSupportedError                                    : loaded 2 times (x 84B)
Class org.gradle.tooling.model.gradle.GradleScript                                    : loaded 2 times (x 72B)

---------------  S Y S T E M  ---------------

OS:
 Windows 11 , 64 bit Build 26100 (10.0.26100.9444)
OS uptime: 2 days 14:53 hours
Hyper-V role detected

CPU: total 16 (initial active 16) (16 cores per cpu, 2 threads per core) family 25 model 80 stepping 0 microcode 0xa500014, cx8, cmov, fxsr, ht, mmx, 3dnowpref, sse, sse2, sse3, ssse3, sse4a, sse4.1, sse4.2, popcnt, lzcnt, tsc, tscinvbit, avx, avx2, aes, erms, clmul, bmi1, bmi2, adx, sha, fma, vzeroupper, clflush, clflushopt, clwb, hv, rdtscp, rdpid, fsrm, f16c, cet_ss
Processor Information for processor 0
  Max Mhz: 2000, Current Mhz: 1808, Mhz Limit: 2000
Processor Information for processor 1
  Max Mhz: 2000, Current Mhz: 1808, Mhz Limit: 2000
Processor Information for processor 2
  Max Mhz: 2000, Current Mhz: 1890, Mhz Limit: 2000
Processor Information for processor 3
  Max Mhz: 2000, Current Mhz: 1890, Mhz Limit: 2000
Processor Information for processor 4
  Max Mhz: 2000, Current Mhz: 1808, Mhz Limit: 2000
Processor Information for processor 5
  Max Mhz: 2000, Current Mhz: 1890, Mhz Limit: 2000
Processor Information for processor 6
  Max Mhz: 2000, Current Mhz: 1808, Mhz Limit: 2000
Processor Information for processor 7
  Max Mhz: 2000, Current Mhz: 1808, Mhz Limit: 2000
Processor Information for processor 8
  Max Mhz: 2000, Current Mhz: 1808, Mhz Limit: 2000
Processor Information for processor 9
  Max Mhz: 2000, Current Mhz: 1890, Mhz Limit: 2000
Processor Information for processor 10
  Max Mhz: 2000, Current Mhz: 1808, Mhz Limit: 2000
Processor Information for processor 11
  Max Mhz: 2000, Current Mhz: 1890, Mhz Limit: 2000
Processor Information for processor 12
  Max Mhz: 2000, Current Mhz: 1890, Mhz Limit: 2000
Processor Information for processor 13
  Max Mhz: 2000, Current Mhz: 1890, Mhz Limit: 2000
Processor Information for processor 14
  Max Mhz: 2000, Current Mhz: 1890, Mhz Limit: 2000
Processor Information for processor 15
  Max Mhz: 2000, Current Mhz: 1890, Mhz Limit: 2000

Memory: 4k page, system-wide physical 5981M (235M free)
TotalPageFile size 24413M (AvailPageFile size 6M)
current process WorkingSet (physical memory assigned to process): 451M, peak: 893M
current process commit charge ("private bytes"): 1199M, peak: 1209M

vm_info: OpenJDK 64-Bit Server VM (25.0.2+-15348964-b329.117) for windows-amd64 JRE (25.0.2+-15348964-b329.117), built on 2026-05-05T18:25:19Z with MS VC++ 16.10 / 16.11 (VS2019)

END.
