#
# There is insufficient memory for the Java Runtime Environment to continue.
# Native memory allocation (mmap) failed to map 1048576 bytes. Error detail: G1 virtual space
# Possible reasons:
#   The system is out of physical RAM or swap space
#   This process is running with CompressedOops enabled, and the Java Heap may be blocking the growth of the native heap
# Possible solutions:
#   Reduce memory load on the system
#   Increase physical memory or swap space
#   Check if swap backing store is full
#   Decrease Java heap size (-Xmx/-Xms)
#   Decrease number of Java threads
#   Decrease Java thread stack sizes (-Xss)
#   Set larger code cache with -XX:ReservedCodeCacheSize=
#   JVM is running with Unscaled Compressed Oops mode in which the Java heap is
#     placed in the first 4GB address space. The Java Heap base address is the
#     maximum limit for the native heap growth. Please use -XX:HeapBaseMinAddress
#     to set the Java Heap base and to place the Java Heap above 4GB virtual address.
# This output file may be truncated or incomplete.
#
#  Out of Memory Error (os_windows.cpp:3766), pid=25640, tid=24308
#
# JRE version: OpenJDK Runtime Environment (25.0.2) (build 25.0.2+-15348964-b329.117)
# Java VM: OpenJDK 64-Bit Server VM (25.0.2+-15348964-b329.117, mixed mode, tiered, compressed oops, compressed class ptrs, g1 gc, windows-amd64)
# No core dump will be written. Minidumps are not enabled by default on client versions of Windows
#

---------------  S U M M A R Y ------------

Command Line: --add-opens=java.base/java.lang=ALL-UNNAMED --add-opens=java.base/java.lang.invoke=ALL-UNNAMED --add-opens=java.base/java.util=ALL-UNNAMED --add-opens=java.prefs/java.util.prefs=ALL-UNNAMED --add-exports=jdk.compiler/com.sun.tools.javac.api=ALL-UNNAMED --add-exports=jdk.compiler/com.sun.tools.javac.util=ALL-UNNAMED --add-opens=java.base/java.nio.charset=ALL-UNNAMED --add-opens=java.base/java.net=ALL-UNNAMED --add-opens=java.base/java.util.concurrent=ALL-UNNAMED --add-opens=java.base/java.util.concurrent.atomic=ALL-UNNAMED --add-opens=java.xml/javax.xml.namespace=ALL-UNNAMED --add-opens=java.base/java.time=ALL-UNNAMED --enable-native-access=ALL-UNNAMED -Xmx2048m -Dfile.encoding=UTF-8 -Duser.country=ZA -Duser.language=en -Duser.variant -javaagent:C:\Users\indie\.gradle\wrapper\dists\gradle-9.5.0-bin\bvnork1r7n8i6kp5cnkibsc9q\gradle-9.5.0\lib\agents\gradle-instrumentation-agent-9.5.0.jar org.gradle.launcher.daemon.bootstrap.GradleDaemon 9.5.0

Host: AMD Ryzen 7 7730U with Radeon Graphics         , 16 cores, 5G,  Windows 11 , 64 bit Build 26100 (10.0.26100.9444)
Time: Mon Sep 21 20:51:46 2026 South Africa Standard Time elapsed time: 17.656052 seconds (0d 0h 0m 17s)

---------------  T H R E A D  ---------------

Current thread (0x00000244a81d4e60):  WorkerThread "GC Thread#10"   [id=24308, stack(0x000000d344c00000,0x000000d344d00000) (1024K)]

Stack: [0x000000d344c00000,0x000000d344d00000]
Native frames: (J=compiled Java code, j=interpreted, Vv=VM code, C=native code)
V  [jvm.dll+0x7bd439]  (no source info available)
V  [jvm.dll+0x78763d]  (no source info available)
V  [jvm.dll+0xa0c885]  (no source info available)
V  [jvm.dll+0xa0ef04]  (no source info available)
V  [jvm.dll+0xa0f603]  (no source info available)
V  [jvm.dll+0x309bf6]  (no source info available)
V  [jvm.dll+0x7b9545]  (no source info available)
V  [jvm.dll+0x7ac047]  (no source info available)
V  [jvm.dll+0x3fdeab]  (no source info available)
V  [jvm.dll+0x406066]  (no source info available)
V  [jvm.dll+0x3f21f1]  (no source info available)
V  [jvm.dll+0x3f28e4]  (no source info available)
V  [jvm.dll+0x3f29ad]  (no source info available)
V  [jvm.dll+0x3c93cc]  (no source info available)
V  [jvm.dll+0x3c9120]  (no source info available)
V  [jvm.dll+0x3b82f5]  (no source info available)
V  [jvm.dll+0x3b86d6]  (no source info available)
V  [jvm.dll+0x3b930b]  (no source info available)
V  [jvm.dll+0x3b9770]  (no source info available)
V  [jvm.dll+0x3b91f2]  (no source info available)
V  [jvm.dll+0x3ffca5]  (no source info available)
V  [jvm.dll+0x400087]  (no source info available)
V  [jvm.dll+0x4017a8]  (no source info available)
V  [jvm.dll+0x401261]  (no source info available)
V  [jvm.dll+0x4164e9]  (no source info available)
V  [jvm.dll+0x41691a]  (no source info available)
V  [jvm.dll+0x416a17]  (no source info available)
V  [jvm.dll+0x417c47]  (no source info available)
V  [jvm.dll+0xa3f0a4]  (no source info available)
V  [jvm.dll+0x9ab9c8]  (no source info available)
V  [jvm.dll+0x7bb985]  (no source info available)
C  [ucrtbase.dll+0x2cd30]  (no source info available)
C  [KERNEL32.DLL+0x2cd87]  (no source info available)
C  [ntdll.dll+0xacaec]  (no source info available)


---------------  P R O C E S S  ---------------

Threads class SMR info:
_java_thread_list=0x00000244abd2d4f0, length=66, elements={
0x0000024489c49c30, 0x00000244a1ef3a00, 0x00000244a1f0f240, 0x00000244a1f18640,
0x00000244a1f1e490, 0x00000244a24b0090, 0x00000244a24b0c50, 0x00000244a24b1810,
0x00000244a1f218c0, 0x00000244a1f25640, 0x00000244a2633d90, 0x00000244a2813210,
0x00000244a7165f00, 0x00000244a995a5e0, 0x00000244a9997d90, 0x00000244a9b8c350,
0x00000244a9b2d8a0, 0x00000244a9b30720, 0x00000244a9e7dcf0, 0x00000244a9e7ae10,
0x00000244a9e7f460, 0x00000244a9e80bd0, 0x00000244a9e81b70, 0x00000244a9e474c0,
0x00000244a9e46520, 0x00000244a9e43e10, 0x00000244a9e445e0, 0x00000244a9e48460,
0x00000244a9e45d50, 0x00000244a9e4a3a0, 0x00000244a9e4b340, 0x00000244aa0e6e60,
0x00000244aa0e7e00, 0x00000244aa0e4f20, 0x00000244aa0e4750, 0x00000244aa0e85d0,
0x00000244aa0e6690, 0x00000244aa0eb4b0, 0x00000244aa0e9d40, 0x00000244aa0ebc80,
0x00000244aa98bbc0, 0x00000244aa98b3f0, 0x00000244aa98a450, 0x00000244aa98ac20,
0x00000244aa98db00, 0x00000244aa990210, 0x00000244aa9911b0, 0x00000244aa97aad0,
0x00000244aa977420, 0x00000244aa977bf0, 0x00000244aa97ca10, 0x00000244aa97e180,
0x00000244ab731b80, 0x00000244ab732b20, 0x00000244ab733ac0, 0x00000244ab734a60,
0x00000244a713b3d0, 0x00000244a7139c60, 0x00000244a713ac00, 0x00000244a713cb40,
0x00000244a713dae0, 0x00000244a71401f0, 0x00000244a713ea80, 0x00000244a713f250,
0x00000244aaa80d90, 0x00000244aaa81560
}

Java Threads: ( => current thread )
  0x0000024489c49c30 JavaThread "main"                              [_thread_blocked, id=28644, stack(0x000000d342b00000,0x000000d342c00000) (1024K)]
  0x00000244a1ef3a00 JavaThread "Common-Cleaner"             daemon [_thread_blocked, id=6036, stack(0x000000d343300000,0x000000d343400000) (1024K)]
  0x00000244a1f0f240 JavaThread "Reference Handler"          daemon [_thread_blocked, id=19296, stack(0x000000d343400000,0x000000d343500000) (1024K)]
  0x00000244a1f18640 JavaThread "Finalizer"                  daemon [_thread_blocked, id=27864, stack(0x000000d343500000,0x000000d343600000) (1024K)]
  0x00000244a1f1e490 JavaThread "Signal Dispatcher"          daemon [_thread_blocked, id=25320, stack(0x000000d343600000,0x000000d343700000) (1024K)]
  0x00000244a24b0090 JavaThread "Attach Listener"            daemon [_thread_blocked, id=5548, stack(0x000000d343700000,0x000000d343800000) (1024K)]
  0x00000244a24b0c50 JavaThread "Service Thread"             daemon [_thread_blocked, id=5768, stack(0x000000d343800000,0x000000d343900000) (1024K)]
  0x00000244a24b1810 JavaThread "Monitor Deflation Thread"   daemon [_thread_blocked, id=10076, stack(0x000000d343900000,0x000000d343a00000) (1024K)]
  0x00000244a1f218c0 JavaThread "C2 CompilerThread0"         daemon [_thread_blocked, id=16360, stack(0x000000d343a00000,0x000000d343b00000) (1024K)]
  0x00000244a1f25640 JavaThread "C1 CompilerThread0"         daemon [_thread_blocked, id=30388, stack(0x000000d343b00000,0x000000d343c00000) (1024K)]
  0x00000244a2633d90 JavaThread "C1 CompilerThread1"         daemon [_thread_blocked, id=22720, stack(0x000000d343c00000,0x000000d343d00000) (1024K)]
  0x00000244a2813210 JavaThread "Notification Thread"        daemon [_thread_blocked, id=16136, stack(0x000000d343d00000,0x000000d343e00000) (1024K)]
  0x00000244a7165f00 JavaThread "C1 CompilerThread2"         daemon [_thread_blocked, id=16924, stack(0x000000d343e00000,0x000000d343f00000) (1024K)]
  0x00000244a995a5e0 JavaThread "Daemon health stats"               [_thread_blocked, id=3632, stack(0x000000d344400000,0x000000d344500000) (1024K)]
  0x00000244a9997d90 JavaThread "Incoming local TCP Connector on port 62188"        [_thread_in_native, id=30564, stack(0x000000d344500000,0x000000d344600000) (1024K)]
  0x00000244a9b8c350 JavaThread "Daemon periodic checks"            [_thread_blocked, id=36828, stack(0x000000d344600000,0x000000d344700000) (1024K)]
  0x00000244a9b2d8a0 JavaThread "Daemon"                            [_thread_blocked, id=1532, stack(0x000000d344700000,0x000000d344800000) (1024K)]
  0x00000244a9b30720 JavaThread "Handler for socket connection from /127.0.0.1:62188 to /127.0.0.1:62189"        [_thread_in_native, id=11756, stack(0x000000d345100000,0x000000d345200000) (1024K)]
  0x00000244a9e7dcf0 JavaThread "Cancel handler"                    [_thread_blocked, id=2172, stack(0x000000d345200000,0x000000d345300000) (1024K)]
  0x00000244a9e7ae10 JavaThread "Daemon worker"                     [_thread_blocked, id=33544, stack(0x000000d345300000,0x000000d345400000) (1024K)]
  0x00000244a9e7f460 JavaThread "Asynchronous log dispatcher for DefaultDaemonConnection: socket connection from /127.0.0.1:62188 to /127.0.0.1:62189"        [_thread_blocked, id=32244, stack(0x000000d345400000,0x000000d345500000) (1024K)]
  0x00000244a9e80bd0 JavaThread "Stdin handler"                     [_thread_blocked, id=6360, stack(0x000000d345500000,0x000000d345600000) (1024K)]
  0x00000244a9e81b70 JavaThread "Daemon client event forwarder"        [_thread_blocked, id=19112, stack(0x000000d345600000,0x000000d345700000) (1024K)]
  0x00000244a9e474c0 JavaThread "Cache worker for journal cache (C:\Users\indie\.gradle\caches\journal-1)"        [_thread_blocked, id=20748, stack(0x000000d345700000,0x000000d345800000) (1024K)]
  0x00000244a9e46520 JavaThread "File lock request listener"        [_thread_in_native, id=33540, stack(0x000000d345800000,0x000000d345900000) (1024K)]
  0x00000244a9e43e10 JavaThread "Cache worker for file hash cache (C:\Users\indie\.gradle\caches\9.5.0\fileHashes)"        [_thread_blocked, id=28576, stack(0x000000d345900000,0x000000d345a00000) (1024K)]
  0x00000244a9e445e0 JavaThread "Cache worker for file hash cache (C:\Users\indie\Documents\Projects\Kotlin Learning\Identity\.gradle\9.5.0\fileHashes)"        [_thread_blocked, id=15456, stack(0x000000d345a00000,0x000000d345b00000) (1024K)]
  0x00000244a9e48460 JavaThread "Cache worker for Build Output Cleanup Cache (C:\Users\indie\Documents\Projects\Kotlin Learning\Identity\.gradle\buildOutputCleanup)"        [_thread_blocked, id=20768, stack(0x000000d345b00000,0x000000d345c00000) (1024K)]
  0x00000244a9e45d50 JavaThread "File watcher server"        daemon [_thread_in_native, id=35880, stack(0x000000d345c00000,0x000000d345d00000) (1024K)]
  0x00000244a9e4a3a0 JavaThread "File watcher consumer"      daemon [_thread_blocked, id=11516, stack(0x000000d345d00000,0x000000d345e00000) (1024K)]
  0x00000244a9e4b340 JavaThread "jar transforms"                    [_thread_blocked, id=32088, stack(0x000000d345e00000,0x000000d345f00000) (1024K)]
  0x00000244aa0e6e60 JavaThread "jar transforms Thread 2"           [_thread_blocked, id=35796, stack(0x000000d345f00000,0x000000d346000000) (1024K)]
  0x00000244aa0e7e00 JavaThread "jar transforms Thread 3"           [_thread_blocked, id=15556, stack(0x000000d346000000,0x000000d346100000) (1024K)]
  0x00000244aa0e4f20 JavaThread "jar transforms Thread 4"           [_thread_blocked, id=25464, stack(0x000000d346100000,0x000000d346200000) (1024K)]
  0x00000244aa0e4750 JavaThread "jar transforms Thread 5"           [_thread_blocked, id=960, stack(0x000000d346200000,0x000000d346300000) (1024K)]
  0x00000244aa0e85d0 JavaThread "jar transforms Thread 6"           [_thread_blocked, id=19952, stack(0x000000d346300000,0x000000d346400000) (1024K)]
  0x00000244aa0e6690 JavaThread "jar transforms Thread 7"           [_thread_blocked, id=34828, stack(0x000000d346400000,0x000000d346500000) (1024K)]
  0x00000244aa0eb4b0 JavaThread "jar transforms Thread 8"           [_thread_blocked, id=28716, stack(0x000000d346500000,0x000000d346600000) (1024K)]
  0x00000244aa0e9d40 JavaThread "jar transforms Thread 9"           [_thread_blocked, id=17560, stack(0x000000d346600000,0x000000d346700000) (1024K)]
  0x00000244aa0ebc80 JavaThread "jar transforms Thread 10"          [_thread_blocked, id=17800, stack(0x000000d346700000,0x000000d346800000) (1024K)]
  0x00000244aa98bbc0 JavaThread "jar transforms Thread 11"          [_thread_blocked, id=36172, stack(0x000000d346800000,0x000000d346900000) (1024K)]
  0x00000244aa98b3f0 JavaThread "jar transforms Thread 12"          [_thread_blocked, id=35264, stack(0x000000d346900000,0x000000d346a00000) (1024K)]
  0x00000244aa98a450 JavaThread "jar transforms Thread 13"          [_thread_blocked, id=17772, stack(0x000000d346a00000,0x000000d346b00000) (1024K)]
  0x00000244aa98ac20 JavaThread "jar transforms Thread 14"          [_thread_blocked, id=5408, stack(0x000000d346b00000,0x000000d346c00000) (1024K)]
  0x00000244aa98db00 JavaThread "jar transforms Thread 15"          [_thread_blocked, id=33672, stack(0x000000d346c00000,0x000000d346d00000) (1024K)]
  0x00000244aa990210 JavaThread "jar transforms Thread 16"          [_thread_blocked, id=32468, stack(0x000000d346d00000,0x000000d346e00000) (1024K)]
  0x00000244aa9911b0 JavaThread "Cache worker for file content cache (C:\Users\indie\.gradle\caches\9.5.0\fileContent)"        [_thread_blocked, id=36812, stack(0x000000d346e00000,0x000000d346f00000) (1024K)]
  0x00000244aa97aad0 JavaThread "Cache worker for checksums cache (C:\Users\indie\Documents\Projects\Kotlin Learning\Identity\.gradle\9.5.0\checksums)"        [_thread_blocked, id=33416, stack(0x000000d346f00000,0x000000d347000000) (1024K)]
  0x00000244aa977420 JavaThread "Cache worker for cache directory md-supplier (C:\Users\indie\.gradle\caches\9.5.0\md-supplier)"        [_thread_blocked, id=9176, stack(0x000000d347000000,0x000000d347100000) (1024K)]
  0x00000244aa977bf0 JavaThread "Cache worker for cache directory md-rule (C:\Users\indie\.gradle\caches\9.5.0\md-rule)"        [_thread_blocked, id=7700, stack(0x000000d347100000,0x000000d347200000) (1024K)]
  0x00000244aa97ca10 JavaThread "Build operations"                  [_thread_blocked, id=23600, stack(0x000000d347200000,0x000000d347300000) (1024K)]
  0x00000244aa97e180 JavaThread "Build operations Thread 2"         [_thread_blocked, id=30864, stack(0x000000d347300000,0x000000d347400000) (1024K)]
  0x00000244ab731b80 JavaThread "Build operations Thread 3"         [_thread_blocked, id=36452, stack(0x000000d347400000,0x000000d347500000) (1024K)]
  0x00000244ab732b20 JavaThread "Build operations Thread 4"         [_thread_blocked, id=20580, stack(0x000000d347500000,0x000000d347600000) (1024K)]
  0x00000244ab733ac0 JavaThread "Build operations Thread 5"         [_thread_blocked, id=7296, stack(0x000000d347600000,0x000000d347700000) (1024K)]
  0x00000244ab734a60 JavaThread "Build operations Thread 6"         [_thread_blocked, id=24748, stack(0x000000d347700000,0x000000d347800000) (1024K)]
  0x00000244a713b3d0 JavaThread "Build operations Thread 7"         [_thread_blocked, id=22616, stack(0x000000d347800000,0x000000d347900000) (1024K)]
  0x00000244a7139c60 JavaThread "Build operations Thread 8"         [_thread_blocked, id=27572, stack(0x000000d347900000,0x000000d347a00000) (1024K)]
  0x00000244a713ac00 JavaThread "Build operations Thread 9"         [_thread_blocked, id=608, stack(0x000000d347a00000,0x000000d347b00000) (1024K)]
  0x00000244a713cb40 JavaThread "Build operations Thread 10"        [_thread_blocked, id=3472, stack(0x000000d347b00000,0x000000d347c00000) (1024K)]
  0x00000244a713dae0 JavaThread "Build operations Thread 11"        [_thread_blocked, id=36064, stack(0x000000d347c00000,0x000000d347d00000) (1024K)]
  0x00000244a71401f0 JavaThread "Build operations Thread 12"        [_thread_blocked, id=35456, stack(0x000000d347d00000,0x000000d347e00000) (1024K)]
  0x00000244a713ea80 JavaThread "Build operations Thread 13"        [_thread_blocked, id=32728, stack(0x000000d347e00000,0x000000d347f00000) (1024K)]
  0x00000244a713f250 JavaThread "Build operations Thread 14"        [_thread_blocked, id=9344, stack(0x000000d347f00000,0x000000d348000000) (1024K)]
  0x00000244aaa80d90 JavaThread "Build operations Thread 15"        [_thread_blocked, id=10004, stack(0x000000d348000000,0x000000d348100000) (1024K)]
  0x00000244aaa81560 JavaThread "Build operations Thread 16"        [_thread_blocked, id=30896, stack(0x000000d348100000,0x000000d348200000) (1024K)]
Total: 66

Other Threads:
  0x00000244a1eb0060 VMThread "VM Thread"                           [id=12780, stack(0x000000d343200000,0x000000d343300000) (1024K)]
  0x00000244a1e8c160 WatcherThread "VM Periodic Task Thread"        [id=31052, stack(0x000000d343100000,0x000000d343200000) (1024K)]
  0x0000024489ca3920 WorkerThread "GC Thread#0"                     [id=3040, stack(0x000000d342c00000,0x000000d342d00000) (1024K)]
  0x00000244a82cf400 WorkerThread "GC Thread#1"                     [id=29384, stack(0x000000d343f00000,0x000000d344000000) (1024K)]
  0x00000244a81d3b20 WorkerThread "GC Thread#2"                     [id=3492, stack(0x000000d344000000,0x000000d344100000) (1024K)]
  0x00000244a81d3f50 WorkerThread "GC Thread#3"                     [id=23204, stack(0x000000d344100000,0x000000d344200000) (1024K)]
  0x00000244a81d4380 WorkerThread "GC Thread#4"                     [id=15332, stack(0x000000d344200000,0x000000d344300000) (1024K)]
  0x00000244a81d7980 WorkerThread "GC Thread#5"                     [id=5568, stack(0x000000d344300000,0x000000d344400000) (1024K)]
  0x00000244a81d5b50 WorkerThread "GC Thread#6"                     [id=32128, stack(0x000000d344800000,0x000000d344900000) (1024K)]
  0x00000244a81d7530 WorkerThread "GC Thread#7"                     [id=30484, stack(0x000000d344900000,0x000000d344a00000) (1024K)]
  0x00000244a81d7dd0 WorkerThread "GC Thread#8"                     [id=28780, stack(0x000000d344a00000,0x000000d344b00000) (1024K)]
  0x00000244a81d8220 WorkerThread "GC Thread#9"                     [id=25924, stack(0x000000d344b00000,0x000000d344c00000) (1024K)]
=>0x00000244a81d4e60 WorkerThread "GC Thread#10"                    [id=24308, stack(0x000000d344c00000,0x000000d344d00000) (1024K)]
  0x00000244a81d63f0 WorkerThread "GC Thread#11"                    [id=13484, stack(0x000000d344d00000,0x000000d344e00000) (1024K)]
  0x00000244a81d4a10 WorkerThread "GC Thread#12"                    [id=27416, stack(0x000000d344e00000,0x000000d344f00000) (1024K)]
  0x00000244878edf90 ConcurrentGCThread "G1 Main Marker"            [id=29632, stack(0x000000d342d00000,0x000000d342e00000) (1024K)]
  0x0000024489cb9d60 WorkerThread "G1 Conc#0"                       [id=13704, stack(0x000000d342e00000,0x000000d342f00000) (1024K)]
  0x00000244a81d52b0 WorkerThread "G1 Conc#1"                       [id=2144, stack(0x000000d344f00000,0x000000d345000000) (1024K)]
  0x00000244a9e60910 WorkerThread "G1 Conc#2"                       [id=27064, stack(0x000000d345000000,0x000000d345100000) (1024K)]
  0x00000244a1d54590 ConcurrentGCThread "G1 Refine#0"               [id=30888, stack(0x000000d342f00000,0x000000d343000000) (1024K)]
  0x00000244a1d54fa0 ConcurrentGCThread "G1 Service"                [id=26768, stack(0x000000d343000000,0x000000d343100000) (1024K)]
Total: 21

Threads with active compile tasks:
Total: 0

VM state: at safepoint (normal execution)

VM Mutex/Monitor currently owned by a thread:  ([mutex/lock_event])
[0x00007ffe4e611e18] FreeList_lock - owner thread: 0x00000244a81d4e60
[0x00007ffe4e614698] Threads_lock - owner thread: 0x00000244a1eb0060
[0x00007ffe4e614818] Heap_lock - owner thread: 0x00000244a9e7ae10

Heap address: 0x0000000080000000, size: 2048 MB, Compressed Oops mode: 32-bit

CDS archive(s) not mapped
Compressed class space mapped at: 0x0000000033000000-0x0000000073000000, reserved size: 1073741824
UseCompressedClassPointers 1, UseCompactObjectHeaders 0
Narrow klass pointer bits 32, Max shift 3
Narrow klass base: 0x0000000000000000, Narrow klass shift: 0
Encoding Range: [0x0000000000000000 - 0x0000000100000000), (4294967296 bytes)
Klass Range:    [0x0000000033000000 - 0x0000000073000000), (1073741824 bytes)
Klass ID Range:  [855638016 - 1929379833) (1073741817)
No protection zone.

GC Precious Log:
 CardTable entry size: 512
 Card Set container configuration: InlinePtr #cards 5 size 8 Array Of Cards #cards 10 size 36 Howl #buckets 4 coarsen threshold 1843 Howl Bitmap #cards 512 size 80 coarsen threshold 460 Card regions per heap region 1 cards per card region 2048
 CPUs: 16 total, 16 available
 Memory: 5981M
 Large Page Support: Disabled
 NUMA Support: Disabled
 Compressed Oops: Enabled (32-bit)
 Heap Region Size: 1M
 Heap Min Capacity: 8M
 Heap Initial Capacity: 94M
 Heap Max Capacity: 2G
 Pre-touch: Disabled
 Parallel Workers: 13
 Concurrent Workers: 3
 Concurrent Refinement Workers: 13
 Periodic GC: Disabled

Heap:
 garbage-first heap   total reserved 2097152K, committed 165888K, used 154560K [0x0000000080000000, 0x0000000100000000)
  region size 1024K, 69 young (70656K), 9 survivors (9216K)

Heap Regions: E=young(eden), S=young(survivor), O=old, HS=humongous(starts), HC=humongous(continues), CS=collection set, F=free, TAMS=top-at-mark-start, PB=parsable bottom
|   0|0x0000000080000000, 0x0000000080100000, 0x0000000080100000|100%|HS|  |TAMS 0x0000000080000000| PB 0x0000000080000000| Complete |  0
|   1|0x0000000080100000, 0x0000000080200000, 0x0000000080200000|100%|HC|  |TAMS 0x0000000080100000| PB 0x0000000080100000| Complete |  0
|   2|0x0000000080200000, 0x0000000080300000, 0x0000000080300000|100%|HC|  |TAMS 0x0000000080200000| PB 0x0000000080200000| Complete |  0
|   3|0x0000000080300000, 0x0000000080400000, 0x0000000080400000|100%|HC|  |TAMS 0x0000000080300000| PB 0x0000000080300000| Complete |  0
|   4|0x0000000080400000, 0x0000000080500000, 0x0000000080500000|100%| O|  |TAMS 0x0000000080400000| PB 0x0000000080400000| Untracked |  0
|   5|0x0000000080500000, 0x0000000080600000, 0x0000000080600000|100%| O|  |TAMS 0x0000000080500000| PB 0x0000000080500000| Untracked |  0
|   6|0x0000000080600000, 0x0000000080700000, 0x0000000080700000|100%| O|  |TAMS 0x0000000080600000| PB 0x0000000080600000| Untracked |  0
|   7|0x0000000080700000, 0x0000000080800000, 0x0000000080800000|100%|HS|  |TAMS 0x0000000080700000| PB 0x0000000080700000| Complete |  0
|   8|0x0000000080800000, 0x0000000080900000, 0x0000000080900000|100%| O|  |TAMS 0x0000000080800000| PB 0x0000000080800000| Untracked |  0
|   9|0x0000000080900000, 0x0000000080a00000, 0x0000000080a00000|100%| O|  |TAMS 0x0000000080900000| PB 0x0000000080900000| Untracked |  0
|  10|0x0000000080a00000, 0x0000000080b00000, 0x0000000080b00000|100%| O|  |TAMS 0x0000000080a00000| PB 0x0000000080a00000| Untracked |  0
|  11|0x0000000080b00000, 0x0000000080c00000, 0x0000000080c00000|100%| O|  |TAMS 0x0000000080b00000| PB 0x0000000080b00000| Untracked |  0
|  12|0x0000000080c00000, 0x0000000080d00000, 0x0000000080d00000|100%| O|  |TAMS 0x0000000080c00000| PB 0x0000000080c00000| Untracked |  0
|  13|0x0000000080d00000, 0x0000000080e00000, 0x0000000080e00000|100%| O|  |TAMS 0x0000000080d00000| PB 0x0000000080d00000| Untracked |  0
|  14|0x0000000080e00000, 0x0000000080f00000, 0x0000000080f00000|100%| O|  |TAMS 0x0000000080e00000| PB 0x0000000080e00000| Untracked |  0
|  15|0x0000000080f00000, 0x0000000081000000, 0x0000000081000000|100%| O|  |TAMS 0x0000000080f00000| PB 0x0000000080f00000| Untracked |  0
|  16|0x0000000081000000, 0x0000000081100000, 0x0000000081100000|100%| O|  |TAMS 0x0000000081000000| PB 0x0000000081000000| Untracked |  0
|  17|0x0000000081100000, 0x0000000081200000, 0x0000000081200000|100%| O|  |TAMS 0x0000000081100000| PB 0x0000000081100000| Untracked |  0
|  18|0x0000000081200000, 0x0000000081300000, 0x0000000081300000|100%| O|  |TAMS 0x0000000081200000| PB 0x0000000081200000| Untracked |  0
|  19|0x0000000081300000, 0x0000000081400000, 0x0000000081400000|100%| O|  |TAMS 0x0000000081300000| PB 0x0000000081300000| Untracked |  0
|  20|0x0000000081400000, 0x0000000081500000, 0x0000000081500000|100%| O|  |TAMS 0x0000000081400000| PB 0x0000000081400000| Untracked |  0
|  21|0x0000000081500000, 0x0000000081600000, 0x0000000081600000|100%| O|  |TAMS 0x0000000081500000| PB 0x0000000081500000| Untracked |  0
|  22|0x0000000081600000, 0x0000000081700000, 0x0000000081700000|100%| O|  |TAMS 0x0000000081600000| PB 0x0000000081600000| Untracked |  0
|  23|0x0000000081700000, 0x0000000081800000, 0x0000000081800000|100%| O|  |TAMS 0x0000000081700000| PB 0x0000000081700000| Untracked |  0
|  24|0x0000000081800000, 0x0000000081900000, 0x0000000081900000|100%|HS|  |TAMS 0x0000000081800000| PB 0x0000000081800000| Complete |  0
|  25|0x0000000081900000, 0x0000000081a00000, 0x0000000081a00000|100%|HC|  |TAMS 0x0000000081900000| PB 0x0000000081900000| Complete |  0
|  26|0x0000000081a00000, 0x0000000081b00000, 0x0000000081b00000|100%|HC|  |TAMS 0x0000000081a00000| PB 0x0000000081a00000| Complete |  0
|  27|0x0000000081b00000, 0x0000000081c00000, 0x0000000081c00000|100%|HC|  |TAMS 0x0000000081b00000| PB 0x0000000081b00000| Complete |  0
|  28|0x0000000081c00000, 0x0000000081d00000, 0x0000000081d00000|100%|HC|  |TAMS 0x0000000081c00000| PB 0x0000000081c00000| Complete |  0
|  29|0x0000000081d00000, 0x0000000081e00000, 0x0000000081e00000|100%|HC|  |TAMS 0x0000000081d00000| PB 0x0000000081d00000| Complete |  0
|  30|0x0000000081e00000, 0x0000000081f00000, 0x0000000081f00000|100%|HS|  |TAMS 0x0000000081e00000| PB 0x0000000081e00000| Complete |  0
|  31|0x0000000081f00000, 0x0000000082000000, 0x0000000082000000|100%| O|  |TAMS 0x0000000081f00000| PB 0x0000000081f00000| Untracked |  0
|  32|0x0000000082000000, 0x0000000082100000, 0x0000000082100000|100%| O|  |TAMS 0x0000000082000000| PB 0x0000000082000000| Untracked |  0
|  33|0x0000000082100000, 0x0000000082200000, 0x0000000082200000|100%| O|  |TAMS 0x0000000082100000| PB 0x0000000082100000| Untracked |  0
|  34|0x0000000082200000, 0x0000000082300000, 0x0000000082300000|100%| O|  |TAMS 0x0000000082200000| PB 0x0000000082200000| Untracked |  0
|  35|0x0000000082300000, 0x0000000082400000, 0x0000000082400000|100%| O|  |TAMS 0x0000000082300000| PB 0x0000000082300000| Untracked |  0
|  36|0x0000000082400000, 0x0000000082500000, 0x0000000082500000|100%| O|  |TAMS 0x0000000082400000| PB 0x0000000082400000| Untracked |  0
|  37|0x0000000082500000, 0x0000000082600000, 0x0000000082600000|100%| O|  |TAMS 0x0000000082500000| PB 0x0000000082500000| Untracked |  0
|  38|0x0000000082600000, 0x0000000082700000, 0x0000000082700000|100%|HS|  |TAMS 0x0000000082600000| PB 0x0000000082600000| Complete |  0
|  39|0x0000000082700000, 0x0000000082800000, 0x0000000082800000|100%|HS|  |TAMS 0x0000000082700000| PB 0x0000000082700000| Complete |  0
|  40|0x0000000082800000, 0x0000000082900000, 0x0000000082900000|100%|HC|  |TAMS 0x0000000082800000| PB 0x0000000082800000| Complete |  0
|  41|0x0000000082900000, 0x0000000082a00000, 0x0000000082a00000|100%|HC|  |TAMS 0x0000000082900000| PB 0x0000000082900000| Complete |  0
|  42|0x0000000082a00000, 0x0000000082b00000, 0x0000000082b00000|100%|HC|  |TAMS 0x0000000082a00000| PB 0x0000000082a00000| Complete |  0
|  43|0x0000000082b00000, 0x0000000082c00000, 0x0000000082c00000|100%|HC|  |TAMS 0x0000000082b00000| PB 0x0000000082b00000| Complete |  0
|  44|0x0000000082c00000, 0x0000000082d00000, 0x0000000082d00000|100%|HC|  |TAMS 0x0000000082c00000| PB 0x0000000082c00000| Complete |  0
|  45|0x0000000082d00000, 0x0000000082e00000, 0x0000000082e00000|100%|HS|  |TAMS 0x0000000082d00000| PB 0x0000000082d00000| Complete |  0
|  46|0x0000000082e00000, 0x0000000082f00000, 0x0000000082f00000|100%|HS|  |TAMS 0x0000000082e00000| PB 0x0000000082e00000| Complete |  0
|  47|0x0000000082f00000, 0x0000000083000000, 0x0000000083000000|100%| O|  |TAMS 0x0000000082f00000| PB 0x0000000082f00000| Untracked |  0
|  48|0x0000000083000000, 0x0000000083100000, 0x0000000083100000|100%| O|  |TAMS 0x0000000083000000| PB 0x0000000083000000| Untracked |  0
|  49|0x0000000083100000, 0x0000000083200000, 0x0000000083200000|100%| O|  |TAMS 0x0000000083100000| PB 0x0000000083100000| Untracked |  0
|  50|0x0000000083200000, 0x0000000083300000, 0x0000000083300000|100%| O|  |TAMS 0x0000000083200000| PB 0x0000000083200000| Untracked |  0
|  51|0x0000000083300000, 0x0000000083400000, 0x0000000083400000|100%| O|  |TAMS 0x0000000083300000| PB 0x0000000083300000| Untracked |  0
|  52|0x0000000083400000, 0x0000000083500000, 0x0000000083500000|100%| O|  |TAMS 0x0000000083400000| PB 0x0000000083400000| Untracked |  0
|  53|0x0000000083500000, 0x0000000083600000, 0x0000000083600000|100%|HS|  |TAMS 0x0000000083500000| PB 0x0000000083500000| Complete |  0
|  54|0x0000000083600000, 0x0000000083700000, 0x0000000083700000|100%| O|  |TAMS 0x0000000083600000| PB 0x0000000083600000| Untracked |  0
|  55|0x0000000083700000, 0x0000000083800000, 0x0000000083800000|100%| O|  |TAMS 0x0000000083700000| PB 0x0000000083700000| Untracked |  0
|  56|0x0000000083800000, 0x0000000083900000, 0x0000000083900000|100%| O|  |TAMS 0x0000000083800000| PB 0x0000000083800000| Untracked |  0
|  57|0x0000000083900000, 0x0000000083a00000, 0x0000000083a00000|100%| O|  |TAMS 0x0000000083900000| PB 0x0000000083900000| Untracked |  0
|  58|0x0000000083a00000, 0x0000000083b00000, 0x0000000083b00000|100%|HS|  |TAMS 0x0000000083a00000| PB 0x0000000083a00000| Complete |  0
|  59|0x0000000083b00000, 0x0000000083c00000, 0x0000000083c00000|100%| O|  |TAMS 0x0000000083b00000| PB 0x0000000083b00000| Untracked |  0
|  60|0x0000000083c00000, 0x0000000083d00000, 0x0000000083d00000|100%| O|Cm|TAMS 0x0000000083c00000| PB 0x0000000083c00000| Complete |  0
|  61|0x0000000083d00000, 0x0000000083e00000, 0x0000000083e00000|100%| O|  |TAMS 0x0000000083d00000| PB 0x0000000083d00000| Untracked |  0
|  62|0x0000000083e00000, 0x0000000083f00000, 0x0000000083f00000|100%| O|Cm|TAMS 0x0000000083e00000| PB 0x0000000083e00000| Complete |  0
|  63|0x0000000083f00000, 0x0000000084000000, 0x0000000084000000|100%| O|  |TAMS 0x0000000083f00000| PB 0x0000000083f00000| Untracked |  0
|  64|0x0000000084000000, 0x0000000084100000, 0x0000000084100000|100%| O|  |TAMS 0x0000000084000000| PB 0x0000000084000000| Untracked |  0
|  65|0x0000000084100000, 0x0000000084200000, 0x0000000084200000|100%|HS|  |TAMS 0x0000000084100000| PB 0x0000000084100000| Complete |  0
|  66|0x0000000084200000, 0x0000000084300000, 0x0000000084300000|100%| O|  |TAMS 0x0000000084200000| PB 0x0000000084200000| Untracked |  0
|  67|0x0000000084300000, 0x0000000084400000, 0x0000000084400000|100%| O|  |TAMS 0x0000000084300000| PB 0x0000000084300000| Untracked |  0
|  68|0x0000000084400000, 0x0000000084500000, 0x0000000084500000|100%|HS|  |TAMS 0x0000000084400000| PB 0x0000000084400000| Complete |  0
|  69|0x0000000084500000, 0x0000000084600000, 0x0000000084600000|100%|HC|  |TAMS 0x0000000084500000| PB 0x0000000084500000| Complete |  0
|  70|0x0000000084600000, 0x0000000084700000, 0x0000000084700000|100%|HS|  |TAMS 0x0000000084600000| PB 0x0000000084600000| Complete |  0
|  71|0x0000000084700000, 0x0000000084800000, 0x0000000084800000|100%| O|  |TAMS 0x0000000084700000| PB 0x0000000084700000| Untracked |  0
|  72|0x0000000084800000, 0x0000000084900000, 0x0000000084900000|100%| O|  |TAMS 0x0000000084800000| PB 0x0000000084800000| Untracked |  0
|  73|0x0000000084900000, 0x0000000084a00000, 0x0000000084a00000|100%| O|Cm|TAMS 0x0000000084900000| PB 0x0000000084900000| Complete |  0
|  74|0x0000000084a00000, 0x0000000084a24588, 0x0000000084b00000| 14%| E|CS|TAMS 0x0000000084a00000| PB 0x0000000084a00000| Complete |  0
|  75|0x0000000084b00000, 0x0000000084c00000, 0x0000000084c00000|100%| O|  |TAMS 0x0000000084b00000| PB 0x0000000084b00000| Untracked |  0
|  76|0x0000000084c00000, 0x0000000084d00000, 0x0000000084d00000|100%| E|CS|TAMS 0x0000000084c00000| PB 0x0000000084c00000| Complete |  0
|  77|0x0000000084d00000, 0x0000000084e00000, 0x0000000084e00000|100%|HS|  |TAMS 0x0000000084d00000| PB 0x0000000084d00000| Complete |  0
|  78|0x0000000084e00000, 0x0000000084f00000, 0x0000000084f00000|100%|HS|  |TAMS 0x0000000084e00000| PB 0x0000000084e00000| Complete |  0
|  79|0x0000000084f00000, 0x0000000085000000, 0x0000000085000000|100%|HS|  |TAMS 0x0000000084f00000| PB 0x0000000084f00000| Complete |  0
|  80|0x0000000085000000, 0x0000000085100000, 0x0000000085100000|100%|HS|  |TAMS 0x0000000085000000| PB 0x0000000085000000| Complete |  0
|  81|0x0000000085100000, 0x0000000085200000, 0x0000000085200000|100%| E|CS|TAMS 0x0000000085100000| PB 0x0000000085100000| Complete |  0
|  82|0x0000000085200000, 0x0000000085300000, 0x0000000085300000|100%| E|CS|TAMS 0x0000000085200000| PB 0x0000000085200000| Complete |  0
|  83|0x0000000085300000, 0x0000000085400000, 0x0000000085400000|100%| E|CS|TAMS 0x0000000085300000| PB 0x0000000085300000| Complete |  0
|  84|0x0000000085400000, 0x0000000085500000, 0x0000000085500000|100%|HS|  |TAMS 0x0000000085400000| PB 0x0000000085400000| Complete |  0
|  85|0x0000000085500000, 0x0000000085600000, 0x0000000085600000|100%| S|  |TAMS 0x0000000085500000| PB 0x0000000085500000| Complete |  0
|  86|0x0000000085600000, 0x0000000085700000, 0x0000000085700000|100%| S|  |TAMS 0x0000000085600000| PB 0x0000000085600000| Complete |  0
|  87|0x0000000085700000, 0x0000000085800000, 0x0000000085800000|100%| S|  |TAMS 0x0000000085700000| PB 0x0000000085700000| Complete |  0
|  88|0x0000000085800000, 0x0000000085900000, 0x0000000085900000|100%| E|CS|TAMS 0x0000000085800000| PB 0x0000000085800000| Complete |  0
|  89|0x0000000085900000, 0x0000000085a00000, 0x0000000085a00000|100%| E|CS|TAMS 0x0000000085900000| PB 0x0000000085900000| Complete |  0
|  90|0x0000000085a00000, 0x0000000085b00000, 0x0000000085b00000|100%| E|CS|TAMS 0x0000000085a00000| PB 0x0000000085a00000| Complete |  0
|  91|0x0000000085b00000, 0x0000000085c00000, 0x0000000085c00000|100%| E|CS|TAMS 0x0000000085b00000| PB 0x0000000085b00000| Complete |  0
|  92|0x0000000085c00000, 0x0000000085d00000, 0x0000000085d00000|100%| E|CS|TAMS 0x0000000085c00000| PB 0x0000000085c00000| Complete |  0
|  93|0x0000000085d00000, 0x0000000085e00000, 0x0000000085e00000|100%| E|CS|TAMS 0x0000000085d00000| PB 0x0000000085d00000| Complete |  0
|  94|0x0000000085e00000, 0x0000000085f00000, 0x0000000085f00000|100%| E|CS|TAMS 0x0000000085e00000| PB 0x0000000085e00000| Complete |  0
|  95|0x0000000085f00000, 0x0000000086000000, 0x0000000086000000|100%| E|CS|TAMS 0x0000000085f00000| PB 0x0000000085f00000| Complete |  0
|  96|0x0000000086000000, 0x0000000086100000, 0x0000000086100000|100%| E|CS|TAMS 0x0000000086000000| PB 0x0000000086000000| Complete |  0
|  97|0x0000000086100000, 0x0000000086200000, 0x0000000086200000|100%| E|CS|TAMS 0x0000000086100000| PB 0x0000000086100000| Complete |  0
|  98|0x0000000086200000, 0x0000000086300000, 0x0000000086300000|100%| E|CS|TAMS 0x0000000086200000| PB 0x0000000086200000| Complete |  0
|  99|0x0000000086300000, 0x0000000086400000, 0x0000000086400000|100%| E|CS|TAMS 0x0000000086300000| PB 0x0000000086300000| Complete |  0
| 100|0x0000000086400000, 0x0000000086500000, 0x0000000086500000|100%| E|CS|TAMS 0x0000000086400000| PB 0x0000000086400000| Complete |  0
| 101|0x0000000086500000, 0x0000000086600000, 0x0000000086600000|100%| E|CS|TAMS 0x0000000086500000| PB 0x0000000086500000| Complete |  0
| 102|0x0000000086600000, 0x0000000086700000, 0x0000000086700000|100%| E|CS|TAMS 0x0000000086600000| PB 0x0000000086600000| Complete |  0
| 103|0x0000000086700000, 0x0000000086800000, 0x0000000086800000|100%| E|CS|TAMS 0x0000000086700000| PB 0x0000000086700000| Complete |  0
| 104|0x0000000086800000, 0x0000000086900000, 0x0000000086900000|100%| E|CS|TAMS 0x0000000086800000| PB 0x0000000086800000| Complete |  0
| 105|0x0000000086900000, 0x0000000086a00000, 0x0000000086a00000|100%| E|CS|TAMS 0x0000000086900000| PB 0x0000000086900000| Complete |  0
| 106|0x0000000086a00000, 0x0000000086b00000, 0x0000000086b00000|100%| E|CS|TAMS 0x0000000086a00000| PB 0x0000000086a00000| Complete |  0
| 107|0x0000000086b00000, 0x0000000086c00000, 0x0000000086c00000|100%| E|CS|TAMS 0x0000000086b00000| PB 0x0000000086b00000| Complete |  0
| 108|0x0000000086c00000, 0x0000000086d00000, 0x0000000086d00000|100%| E|CS|TAMS 0x0000000086c00000| PB 0x0000000086c00000| Complete |  0
| 109|0x0000000086d00000, 0x0000000086e00000, 0x0000000086e00000|100%| E|CS|TAMS 0x0000000086d00000| PB 0x0000000086d00000| Complete |  0
| 110|0x0000000086e00000, 0x0000000086f00000, 0x0000000086f00000|100%| E|CS|TAMS 0x0000000086e00000| PB 0x0000000086e00000| Complete |  0
| 111|0x0000000086f00000, 0x0000000087000000, 0x0000000087000000|100%| E|CS|TAMS 0x0000000086f00000| PB 0x0000000086f00000| Complete |  0
| 112|0x0000000087000000, 0x0000000087100000, 0x0000000087100000|100%| E|CS|TAMS 0x0000000087000000| PB 0x0000000087000000| Complete |  0
| 113|0x0000000087100000, 0x0000000087200000, 0x0000000087200000|100%| E|CS|TAMS 0x0000000087100000| PB 0x0000000087100000| Complete |  0
| 114|0x0000000087200000, 0x0000000087300000, 0x0000000087300000|100%| E|CS|TAMS 0x0000000087200000| PB 0x0000000087200000| Complete |  0
| 115|0x0000000087300000, 0x0000000087400000, 0x0000000087400000|100%| E|CS|TAMS 0x0000000087300000| PB 0x0000000087300000| Complete |  0
| 116|0x0000000087400000, 0x0000000087500000, 0x0000000087500000|100%| E|CS|TAMS 0x0000000087400000| PB 0x0000000087400000| Complete |  0
| 117|0x0000000087500000, 0x0000000087600000, 0x0000000087600000|100%| E|CS|TAMS 0x0000000087500000| PB 0x0000000087500000| Complete |  0
| 118|0x0000000087600000, 0x0000000087700000, 0x0000000087700000|100%| E|CS|TAMS 0x0000000087600000| PB 0x0000000087600000| Complete |  0
| 119|0x0000000087700000, 0x0000000087800000, 0x0000000087800000|100%| E|CS|TAMS 0x0000000087700000| PB 0x0000000087700000| Complete |  0
| 120|0x0000000087800000, 0x0000000087900000, 0x0000000087900000|100%| E|CS|TAMS 0x0000000087800000| PB 0x0000000087800000| Complete |  0
| 121|0x0000000087900000, 0x0000000087a00000, 0x0000000087a00000|100%| E|CS|TAMS 0x0000000087900000| PB 0x0000000087900000| Complete |  0
| 122|0x0000000087a00000, 0x0000000087b00000, 0x0000000087b00000|100%| E|CS|TAMS 0x0000000087a00000| PB 0x0000000087a00000| Complete |  0
| 123|0x0000000087b00000, 0x0000000087c00000, 0x0000000087c00000|100%| E|CS|TAMS 0x0000000087b00000| PB 0x0000000087b00000| Complete |  0
| 124|0x0000000087c00000, 0x0000000087d00000, 0x0000000087d00000|100%| E|CS|TAMS 0x0000000087c00000| PB 0x0000000087c00000| Complete |  0
| 125|0x0000000087d00000, 0x0000000087e00000, 0x0000000087e00000|100%| E|CS|TAMS 0x0000000087d00000| PB 0x0000000087d00000| Complete |  0
| 126|0x0000000087e00000, 0x0000000087f00000, 0x0000000087f00000|100%| E|CS|TAMS 0x0000000087e00000| PB 0x0000000087e00000| Complete |  0
| 127|0x0000000087f00000, 0x0000000088000000, 0x0000000088000000|100%| E|CS|TAMS 0x0000000087f00000| PB 0x0000000087f00000| Complete |  0
| 128|0x0000000088000000, 0x0000000088100000, 0x0000000088100000|100%| E|CS|TAMS 0x0000000088000000| PB 0x0000000088000000| Complete |  0
| 129|0x0000000088100000, 0x0000000088200000, 0x0000000088200000|100%| E|CS|TAMS 0x0000000088100000| PB 0x0000000088100000| Complete |  0
| 130|0x0000000088200000, 0x0000000088300000, 0x0000000088300000|100%| E|CS|TAMS 0x0000000088200000| PB 0x0000000088200000| Complete |  0
| 131|0x0000000088300000, 0x0000000088400000, 0x0000000088400000|100%| E|CS|TAMS 0x0000000088300000| PB 0x0000000088300000| Complete |  0
| 132|0x0000000088400000, 0x0000000088500000, 0x0000000088500000|100%| E|CS|TAMS 0x0000000088400000| PB 0x0000000088400000| Complete |  0
| 133|0x0000000088500000, 0x0000000088600000, 0x0000000088600000|100%| E|CS|TAMS 0x0000000088500000| PB 0x0000000088500000| Complete |  0
| 134|0x0000000088600000, 0x0000000088700000, 0x0000000088700000|100%| E|CS|TAMS 0x0000000088600000| PB 0x0000000088600000| Complete |  0
| 135|0x0000000088700000, 0x0000000088800000, 0x0000000088800000|100%| E|CS|TAMS 0x0000000088700000| PB 0x0000000088700000| Complete |  0
| 136|0x0000000088800000, 0x0000000088900000, 0x0000000088900000|100%| E|CS|TAMS 0x0000000088800000| PB 0x0000000088800000| Complete |  0
| 137|0x0000000088900000, 0x0000000088a00000, 0x0000000088a00000|100%| E|CS|TAMS 0x0000000088900000| PB 0x0000000088900000| Complete |  0
| 138|0x0000000088a00000, 0x0000000088b00000, 0x0000000088b00000|100%| E|CS|TAMS 0x0000000088a00000| PB 0x0000000088a00000| Complete |  0
| 139|0x0000000088b00000, 0x0000000088c00000, 0x0000000088c00000|100%| E|CS|TAMS 0x0000000088b00000| PB 0x0000000088b00000| Complete |  0
| 140|0x0000000088c00000, 0x0000000088d00000, 0x0000000088d00000|100%| E|CS|TAMS 0x0000000088c00000| PB 0x0000000088c00000| Complete |  0
| 141|0x0000000088d00000, 0x0000000088e00000, 0x0000000088e00000|100%| E|CS|TAMS 0x0000000088d00000| PB 0x0000000088d00000| Complete |  0
| 142|0x0000000088e00000, 0x0000000088f00000, 0x0000000088f00000|100%| E|CS|TAMS 0x0000000088e00000| PB 0x0000000088e00000| Complete |  0
| 143|0x0000000088f00000, 0x0000000089000000, 0x0000000089000000|100%| E|CS|TAMS 0x0000000088f00000| PB 0x0000000088f00000| Complete |  0
| 144|0x0000000089000000, 0x0000000089100000, 0x0000000089100000|100%| E|CS|TAMS 0x0000000089000000| PB 0x0000000089000000| Complete |  0
| 145|0x0000000089100000, 0x0000000089200000, 0x0000000089200000|100%| E|CS|TAMS 0x0000000089100000| PB 0x0000000089100000| Complete |  0
| 146|0x0000000089200000, 0x0000000089300000, 0x0000000089300000|100%| S|  |TAMS 0x0000000089200000| PB 0x0000000089200000| Complete |  0
| 147|0x0000000089300000, 0x0000000089400000, 0x0000000089400000|100%| S|  |TAMS 0x0000000089300000| PB 0x0000000089300000| Complete |  0
| 148|0x0000000089400000, 0x0000000089500000, 0x0000000089500000|100%| S|  |TAMS 0x0000000089400000| PB 0x0000000089400000| Complete |  0
| 149|0x0000000089500000, 0x0000000089600000, 0x0000000089600000|100%| S|  |TAMS 0x0000000089500000| PB 0x0000000089500000| Complete |  0
| 150|0x0000000089600000, 0x0000000089700000, 0x0000000089700000|100%| S|  |TAMS 0x0000000089600000| PB 0x0000000089600000| Complete |  0
| 151|0x0000000089700000, 0x0000000089800000, 0x0000000089800000|100%| S|  |TAMS 0x0000000089700000| PB 0x0000000089700000| Complete |  0
|2038|0x00000000ff600000, 0x00000000ff700000, 0x00000000ff700000|100%| O|  |TAMS 0x00000000ff600000| PB 0x00000000ff600000| Untracked |  0
|2039|0x00000000ff700000, 0x00000000ff800000, 0x00000000ff800000|100%| O|  |TAMS 0x00000000ff700000| PB 0x00000000ff700000| Untracked |  0
|2040|0x00000000ff800000, 0x00000000ff900000, 0x00000000ff900000|100%| E|CS|TAMS 0x00000000ff800000| PB 0x00000000ff800000| Complete |  0
|2041|0x00000000ff900000, 0x00000000ffa00000, 0x00000000ffa00000|100%| O|  |TAMS 0x00000000ff900000| PB 0x00000000ff900000| Untracked |  0
|2042|0x00000000ffa00000, 0x00000000ffb00000, 0x00000000ffb00000|100%| O|  |TAMS 0x00000000ffa00000| PB 0x00000000ffa00000| Untracked |  0
|2043|0x00000000ffb00000, 0x00000000ffc00000, 0x00000000ffc00000|100%| O|  |TAMS 0x00000000ffb00000| PB 0x00000000ffb00000| Untracked |  0
|2044|0x00000000ffc00000, 0x00000000ffd00000, 0x00000000ffd00000|100%| O|  |TAMS 0x00000000ffc00000| PB 0x00000000ffc00000| Untracked |  0
|2045|0x00000000ffd00000, 0x00000000ffe00000, 0x00000000ffe00000|100%| O|  |TAMS 0x00000000ffd00000| PB 0x00000000ffd00000| Untracked |  0
|2046|0x00000000ffe00000, 0x00000000fff00000, 0x00000000fff00000|100%| O|  |TAMS 0x00000000ffe00000| PB 0x00000000ffe00000| Untracked |  0
|2047|0x00000000fff00000, 0x0000000100000000, 0x0000000100000000|100%| E|CS|TAMS 0x00000000fff00000| PB 0x00000000fff00000| Complete |  0

Card table byte_map: [0x000002449ced0000,0x000002449d2d0000] _byte_map_base: 0x000002449cad0000

Marking Bits: (CMBitMap*) 0x0000024489ca40b0
 Bits: [0x000002449d2d0000, 0x000002449f2d0000)

Polling page: 0x00000244879f0000

Metaspace:
Metaspace        used 75388K, committed 77248K, reserved 1114112K
 class space     used 11138K, committed 12032K, reserved 1048576K

Usage:
  Non-class:     62.74 MB used.
      Class:     10.88 MB used.
       Both:     73.62 MB used.

Virtual space:
  Non-class space:       64.00 MB reserved,      63.69 MB (>99%) committed,  1 nodes.
      Class space:        1.00 GB reserved,      11.75 MB (  1%) committed,  1 nodes.
             Both:        1.06 GB reserved,      75.44 MB (  7%) committed. 

Chunk freelists:
   Non-Class:  64.00 KB
       Class:  4.12 MB
        Both:  4.19 MB

MaxMetaspaceSize: unlimited
CompressedClassSpaceSize: 1.00 GB
Initial GC threshold: 21.00 MB
Current GC threshold: 122.62 MB
CDS: off
 - commit_granule_bytes: 65536.
 - commit_granule_words: 8192.
 - virtual_space_node_default_size: 8388608.
 - enlarge_chunks_in_place: 1.
UseCompressedClassPointers 1, UseCompactObjectHeaders 0
Narrow klass pointer bits 32, Max shift 3
Narrow klass base: 0x0000000000000000, Narrow klass shift: 0
Encoding Range: [0x0000000000000000 - 0x0000000100000000), (4294967296 bytes)
Klass Range:    [0x0000000033000000 - 0x0000000073000000), (1073741824 bytes)
Klass ID Range:  [855638016 - 1929379833) (1073741817)
No protection zone.


Internal statistics:

num_allocs_failed_limit: 6.
num_arena_births: 3492.
num_arena_deaths: 0.
num_vsnodes_births: 2.
num_vsnodes_deaths: 0.
num_space_committed: 1207.
num_space_uncommitted: 0.
num_chunks_returned_to_freelist: 6.
num_chunks_taken_from_freelist: 6620.
num_chunk_merges: 6.
num_chunk_splits: 4301.
num_chunks_enlarged: 2704.
num_inconsistent_stats: 0.

CodeHeap 'non-profiled nmethods': size=119232Kb used=2912Kb max_used=2912Kb free=116319Kb
 bounds [0x0000024494cc0000, 0x0000024494fa0000, 0x000002449c130000]
CodeHeap 'profiled nmethods': size=119104Kb used=12541Kb max_used=12803Kb free=106563Kb
 bounds [0x000002448d130000, 0x000002448ddc0000, 0x0000024494580000]
CodeHeap 'non-nmethods': size=7424Kb used=3094Kb max_used=3188Kb free=4329Kb
 bounds [0x0000024494580000, 0x00000244948c0000, 0x0000024494cc0000]
CodeCache: size=245760Kb, used=18547Kb, max_used=18903Kb, free=227211Kb
 total_blobs=9628, nmethods=8786, adapters=742, full_count=0
Compilation: enabled, stopped_count=0, restarted_count=0

Compilation events (20 events):
Event: 17.562 Thread 0x00000244a7165f00 9919       1       com.google.common.collect.ImmutableMapEntry::isReusable (2 bytes)
Event: 17.562 Thread 0x00000244a2633d90 9918       3       com.google.common.collect.AbstractMapEntry::<init> (5 bytes)
Event: 17.562 Thread 0x00000244a7165f00 nmethod 9919 0x0000024494f97608 code [0x0000024494f97700, 0x0000024494f977c8]
Event: 17.562 Thread 0x00000244a2633d90 nmethod 9918 0x000002448d8bbe88 code [0x000002448d8bbf80, 0x000002448d8bc0e0]
Event: 17.573 Thread 0x00000244a1f218c0 9920       4       java.lang.invoke.BoundMethodHandle$SpeciesData::extendWith (64 bytes)
Event: 17.576 Thread 0x00000244a7165f00 9921       3       com.android.build.gradle.options.ProjectOptions$OptionValue::<init> (15 bytes)
Event: 17.576 Thread 0x00000244a1f25640 9922       3       com.google.common.collect.ImmutableMap$Builder::put (35 bytes)
Event: 17.576 Thread 0x00000244a7165f00 nmethod 9921 0x000002448d5a1f08 code [0x000002448d5a2000, 0x000002448d5a2220]
Event: 17.576 Thread 0x00000244a7165f00 9924       3       com.google.common.collect.RegularImmutableMap::checkNoConflictInKeyBucket (85 bytes)
Event: 17.576 Thread 0x00000244a1f25640 nmethod 9922 0x000002448d477d88 code [0x000002448d477e80, 0x000002448d4784a8]
Event: 17.576 Thread 0x00000244a1f25640 9923       3       com.google.common.collect.Hashing::smear (19 bytes)
Event: 17.576 Thread 0x00000244a1f25640 nmethod 9923 0x000002448d8c2d08 code [0x000002448d8c2e00, 0x000002448d8c2f78]
Event: 17.577 Thread 0x00000244a7165f00 nmethod 9924 0x000002448d6ea788 code [0x000002448d6ea880, 0x000002448d6eb008]
Event: 17.579 Thread 0x00000244a1f218c0 nmethod 9920 0x0000024494f97908 code [0x0000024494f97a00, 0x0000024494f97f28]
Event: 17.595 Thread 0x00000244a1f218c0 9925       4       jdk.internal.constant.ConstantUtils::validateClassOrPackageName (123 bytes)
Event: 17.598 Thread 0x00000244a2633d90 9926       3       org.gradle.internal.io.StreamByteBuffer::readFully (27 bytes)
Event: 17.598 Thread 0x00000244a1f25640 9927       3       org.gradle.internal.io.StreamByteBuffer::readAsByteArray (21 bytes)
Event: 17.599 Thread 0x00000244a2633d90 nmethod 9926 0x000002448d683f88 code [0x000002448d684080, 0x000002448d6842c8]
Event: 17.599 Thread 0x00000244a1f25640 nmethod 9927 0x000002448d684c08 code [0x000002448d684d00, 0x000002448d684f30]
Event: 17.599 Thread 0x00000244a1f218c0 nmethod 9925 0x0000024494f97f88 code [0x0000024494f98080, 0x0000024494f98308]

GC Heap Usage History (20 events):
Event: 10.236 {heap After GC invocations=15 (full 0):
 garbage-first heap   total reserved 2097152K, committed 94208K, used 60043K [0x0000000080000000, 0x0000000100000000)
  region size 1024K, 3 young (3072K), 3 survivors (3072K)
}
Event: 10.730 {heap Before GC invocations=16 (full 0):
 garbage-first heap   total reserved 2097152K, committed 102400K, used 83595K [0x0000000080000000, 0x0000000100000000)
  region size 1024K, 27 young (27648K), 3 survivors (3072K)
}
Event: 10.736 {heap After GC invocations=17 (full 0):
 garbage-first heap   total reserved 2097152K, committed 122880K, used 61164K [0x0000000080000000, 0x0000000100000000)
  region size 1024K, 2 young (2048K), 2 survivors (2048K)
}
Event: 11.855 {heap Before GC invocations=17 (full 0):
 garbage-first heap   total reserved 2097152K, committed 122880K, used 107244K [0x0000000080000000, 0x0000000100000000)
  region size 1024K, 48 young (49152K), 2 survivors (2048K)
}
Event: 11.862 {heap After GC invocations=18 (full 0):
 garbage-first heap   total reserved 2097152K, committed 122880K, used 68551K [0x0000000080000000, 0x0000000100000000)
  region size 1024K, 6 young (6144K), 6 survivors (6144K)
}
Event: 12.627 {heap Before GC invocations=18 (full 0):
 garbage-first heap   total reserved 2097152K, committed 122880K, used 108487K [0x0000000080000000, 0x0000000100000000)
  region size 1024K, 45 young (46080K), 6 survivors (6144K)
}
Event: 12.639 {heap After GC invocations=19 (full 0):
 garbage-first heap   total reserved 2097152K, committed 122880K, used 71193K [0x0000000080000000, 0x0000000100000000)
  region size 1024K, 3 young (3072K), 3 survivors (3072K)
}
Event: 13.611 {heap Before GC invocations=20 (full 0):
 garbage-first heap   total reserved 2097152K, committed 122880K, used 110105K [0x0000000080000000, 0x0000000100000000)
  region size 1024K, 41 young (41984K), 3 survivors (3072K)
}
Event: 13.616 {heap After GC invocations=21 (full 0):
 garbage-first heap   total reserved 2097152K, committed 122880K, used 72856K [0x0000000080000000, 0x0000000100000000)
  region size 1024K, 5 young (5120K), 5 survivors (5120K)
}
Event: 14.373 {heap Before GC invocations=21 (full 0):
 garbage-first heap   total reserved 2097152K, committed 122880K, used 110744K [0x0000000080000000, 0x0000000100000000)
  region size 1024K, 42 young (43008K), 5 survivors (5120K)
}
Event: 14.386 {heap After GC invocations=22 (full 0):
 garbage-first heap   total reserved 2097152K, committed 122880K, used 74354K [0x0000000080000000, 0x0000000100000000)
  region size 1024K, 5 young (5120K), 5 survivors (5120K)
}
Event: 15.764 {heap Before GC invocations=22 (full 0):
 garbage-first heap   total reserved 2097152K, committed 122880K, used 111218K [0x0000000080000000, 0x0000000100000000)
  region size 1024K, 42 young (43008K), 5 survivors (5120K)
}
Event: 15.773 {heap After GC invocations=23 (full 0):
 garbage-first heap   total reserved 2097152K, committed 122880K, used 78829K [0x0000000080000000, 0x0000000100000000)
  region size 1024K, 6 young (6144K), 6 survivors (6144K)
}
Event: 16.023 {heap Before GC invocations=24 (full 0):
 garbage-first heap   total reserved 2097152K, committed 132096K, used 111597K [0x0000000080000000, 0x0000000100000000)
  region size 1024K, 39 young (39936K), 6 survivors (6144K)
}
Event: 16.030 {heap After GC invocations=25 (full 0):
 garbage-first heap   total reserved 2097152K, committed 132096K, used 81661K [0x0000000080000000, 0x0000000100000000)
  region size 1024K, 4 young (4096K), 4 survivors (4096K)
}
Event: 16.212 {heap Before GC invocations=25 (full 0):
 garbage-first heap   total reserved 2097152K, committed 132096K, used 118525K [0x0000000080000000, 0x0000000100000000)
  region size 1024K, 41 young (41984K), 4 survivors (4096K)
}
Event: 16.216 {heap After GC invocations=26 (full 0):
 garbage-first heap   total reserved 2097152K, committed 132096K, used 80974K [0x0000000080000000, 0x0000000100000000)
  region size 1024K, 4 young (4096K), 4 survivors (4096K)
}
Event: 16.392 {heap Before GC invocations=26 (full 0):
 garbage-first heap   total reserved 2097152K, committed 132096K, used 118862K [0x0000000080000000, 0x0000000100000000)
  region size 1024K, 42 young (43008K), 4 survivors (4096K)
}
Event: 16.396 {heap After GC invocations=27 (full 0):
 garbage-first heap   total reserved 2097152K, committed 158720K, used 81856K [0x0000000080000000, 0x0000000100000000)
  region size 1024K, 5 young (5120K), 5 survivors (5120K)
}
Event: 17.603 {heap Before GC invocations=28 (full 0):
 garbage-first heap   total reserved 2097152K, committed 158720K, used 153536K [0x0000000080000000, 0x0000000100000000)
  region size 1024K, 65 young (66560K), 5 survivors (5120K)
}

Metaspace Usage History (20 events):
Event: 10.236 {metaspace After GC invocations=15 (full 0):
 Metaspace       used 53661K, committed 55168K, reserved 1114112K
  class space    used 7822K, committed 8512K, reserved 1048576K
}
Event: 10.730 {metaspace Before GC invocations=16 (full 0):
 Metaspace       used 56118K, committed 57600K, reserved 1114112K
  class space    used 8275K, committed 8960K, reserved 1048576K
}
Event: 10.736 {metaspace After GC invocations=17 (full 0):
 Metaspace       used 56118K, committed 57600K, reserved 1114112K
  class space    used 8275K, committed 8960K, reserved 1048576K
}
Event: 11.855 {metaspace Before GC invocations=17 (full 0):
 Metaspace       used 58437K, committed 60032K, reserved 1114112K
  class space    used 8583K, committed 9344K, reserved 1048576K
}
Event: 11.862 {metaspace After GC invocations=18 (full 0):
 Metaspace       used 58437K, committed 60032K, reserved 1114112K
  class space    used 8583K, committed 9344K, reserved 1048576K
}
Event: 12.627 {metaspace Before GC invocations=18 (full 0):
 Metaspace       used 61284K, committed 62976K, reserved 1114112K
  class space    used 9069K, committed 9856K, reserved 1048576K
}
Event: 12.639 {metaspace After GC invocations=19 (full 0):
 Metaspace       used 61284K, committed 62976K, reserved 1114112K
  class space    used 9069K, committed 9856K, reserved 1048576K
}
Event: 13.611 {metaspace Before GC invocations=20 (full 0):
 Metaspace       used 67164K, committed 68992K, reserved 1114112K
  class space    used 9948K, committed 10816K, reserved 1048576K
}
Event: 13.616 {metaspace After GC invocations=21 (full 0):
 Metaspace       used 67164K, committed 68992K, reserved 1114112K
  class space    used 9948K, committed 10816K, reserved 1048576K
}
Event: 14.373 {metaspace Before GC invocations=21 (full 0):
 Metaspace       used 71071K, committed 72896K, reserved 1114112K
  class space    used 10583K, committed 11456K, reserved 1048576K
}
Event: 14.386 {metaspace After GC invocations=22 (full 0):
 Metaspace       used 71071K, committed 72896K, reserved 1114112K
  class space    used 10583K, committed 11456K, reserved 1048576K
}
Event: 15.764 {metaspace Before GC invocations=22 (full 0):
 Metaspace       used 73160K, committed 75008K, reserved 1114112K
  class space    used 10896K, committed 11776K, reserved 1048576K
}
Event: 15.773 {metaspace After GC invocations=23 (full 0):
 Metaspace       used 73160K, committed 75008K, reserved 1114112K
  class space    used 10896K, committed 11776K, reserved 1048576K
}
Event: 16.023 {metaspace Before GC invocations=24 (full 0):
 Metaspace       used 73349K, committed 75264K, reserved 1114112K
  class space    used 10896K, committed 11776K, reserved 1048576K
}
Event: 16.030 {metaspace After GC invocations=25 (full 0):
 Metaspace       used 73349K, committed 75264K, reserved 1114112K
  class space    used 10896K, committed 11776K, reserved 1048576K
}
Event: 16.212 {metaspace Before GC invocations=25 (full 0):
 Metaspace       used 73447K, committed 75328K, reserved 1114112K
  class space    used 10897K, committed 11776K, reserved 1048576K
}
Event: 16.216 {metaspace After GC invocations=26 (full 0):
 Metaspace       used 73447K, committed 75328K, reserved 1114112K
  class space    used 10897K, committed 11776K, reserved 1048576K
}
Event: 16.392 {metaspace Before GC invocations=26 (full 0):
 Metaspace       used 73454K, committed 75328K, reserved 1114112K
  class space    used 10897K, committed 11776K, reserved 1048576K
}
Event: 16.396 {metaspace After GC invocations=27 (full 0):
 Metaspace       used 73454K, committed 75328K, reserved 1114112K
  class space    used 10897K, committed 11776K, reserved 1048576K
}
Event: 17.603 {metaspace Before GC invocations=28 (full 0):
 Metaspace       used 75388K, committed 77248K, reserved 1114112K
  class space    used 11138K, committed 12032K, reserved 1048576K
}

Dll operation events (3 events):
Event: 0.023 Loaded shared library C:\Users\indie\AppData\Local\Programs\Android Studio\jbr\bin\java.dll
Event: 0.033 Loaded shared library C:\Users\indie\AppData\Local\Programs\Android Studio\jbr\bin\zip.dll
Event: 1.382 Loaded shared library C:\Users\indie\AppData\Local\Programs\Android Studio\jbr\bin\verify.dll

Deoptimization events (20 events):
Event: 16.816 Thread 0x00000244a9e7ae10 DEOPT PACKING pc=0x0000024494d07f74 sp=0x000000d3453f4760
Event: 16.816 Thread 0x00000244a9e7ae10 DEOPT UNPACKING pc=0x0000024494698582 sp=0x000000d3453f4728 mode 2
Event: 16.852 Thread 0x00000244a9e7ae10 Uncommon trap: trap_request=0xffffff45 fr.pc=0x0000024494f890f8 relative=0x00000000000002f8
Event: 16.852 Thread 0x00000244a9e7ae10 Uncommon trap: reason=unstable_if action=reinterpret pc=0x0000024494f890f8 method=java.io.ByteArrayInputStream.read([BII)I @ 16 c2
Event: 16.852 Thread 0x00000244a9e7ae10 DEOPT PACKING pc=0x0000024494f890f8 sp=0x000000d3453f4a70
Event: 16.852 Thread 0x00000244a9e7ae10 DEOPT UNPACKING pc=0x0000024494698582 sp=0x000000d3453f4a10 mode 2
Event: 16.916 Thread 0x00000244a9e7ae10 Uncommon trap: trap_request=0xffffff45 fr.pc=0x0000024494e21c6c relative=0x000000000000196c
Event: 16.916 Thread 0x00000244a9e7ae10 Uncommon trap: reason=unstable_if action=reinterpret pc=0x0000024494e21c6c method=java.util.zip.ZipFile$Source.isSignatureRelated(II)Z @ 143 c2
Event: 16.916 Thread 0x00000244a9e7ae10 DEOPT PACKING pc=0x0000024494e21c6c sp=0x000000d3453f4730
Event: 16.916 Thread 0x00000244a9e7ae10 DEOPT UNPACKING pc=0x0000024494698582 sp=0x000000d3453f4688 mode 2
Event: 16.927 Thread 0x00000244a9e7ae10 DEOPT PACKING pc=0x000002448d26258f sp=0x000000d3453f4650
Event: 16.927 Thread 0x00000244a9e7ae10 DEOPT UNPACKING pc=0x00000244945d1702 sp=0x000000d3453f3ad8 mode 0
Event: 16.927 Thread 0x00000244a9e7ae10 DEOPT PACKING pc=0x000002448d707f6f sp=0x000000d3453f4690
Event: 16.927 Thread 0x00000244a9e7ae10 DEOPT UNPACKING pc=0x00000244945d1702 sp=0x000000d3453f3c20 mode 0
Event: 17.022 Thread 0x00000244a9e7ae10 DEOPT PACKING pc=0x000002448d707f6f sp=0x000000d3453f4690
Event: 17.022 Thread 0x00000244a9e7ae10 DEOPT UNPACKING pc=0x00000244945d1702 sp=0x000000d3453f3c20 mode 0
Event: 17.277 Thread 0x00000244a9e7ae10 DEOPT PACKING pc=0x000002448d707f6f sp=0x000000d3453eefc0
Event: 17.277 Thread 0x00000244a9e7ae10 DEOPT UNPACKING pc=0x00000244945d1702 sp=0x000000d3453ee550 mode 0
Event: 17.311 Thread 0x00000244a9e7ae10 DEOPT PACKING pc=0x000002448dd5c3a2 sp=0x000000d3453f1d60
Event: 17.311 Thread 0x00000244a9e7ae10 DEOPT UNPACKING pc=0x00000244945d1702 sp=0x000000d3453f1270 mode 0

Classes loaded (20 events):
Event: 14.199 Loading class java/util/IdentityHashMap$EntryIterator
Event: 14.199 Loading class java/util/IdentityHashMap$IdentityHashMapIterator
Event: 14.199 Loading class java/util/IdentityHashMap$IdentityHashMapIterator done
Event: 14.199 Loading class java/util/IdentityHashMap$EntryIterator done
Event: 14.199 Loading class java/util/IdentityHashMap$EntryIterator$Entry
Event: 14.199 Loading class java/util/IdentityHashMap$EntryIterator$Entry done
Event: 14.309 Loading class org/xml/sax/Locator
Event: 14.310 Loading class org/xml/sax/Locator done
Event: 14.312 Loading class org/xml/sax/SAXParseException
Event: 14.312 Loading class org/xml/sax/SAXParseException done
Event: 14.312 Loading class org/xml/sax/Attributes
Event: 14.312 Loading class org/xml/sax/Attributes done
Event: 14.598 Loading class java/util/function/LongUnaryOperator
Event: 14.598 Loading class java/util/function/LongUnaryOperator done
Event: 14.615 Loading class java/util/TreeMap$KeySpliterator
Event: 14.615 Loading class java/util/TreeMap$TreeMapSpliterator
Event: 14.615 Loading class java/util/TreeMap$TreeMapSpliterator done
Event: 14.616 Loading class java/util/TreeMap$KeySpliterator done
Event: 16.184 Loading class java/util/concurrent/atomic/Striped64$Cell
Event: 16.184 Loading class java/util/concurrent/atomic/Striped64$Cell done

Classes unloaded (0 events):
No events

Classes redefined (0 events):
No events

Internal exceptions (20 events):
Event: 17.562 Thread 0x00000244a9e7ae10 Exception <a 'sun/nio/fs/WindowsException'{0x0000000085adf520}> (0x0000000085adf520) 
thrown [s\src\hotspot\share\prims\jni.cpp, line 535]
Event: 17.564 Thread 0x00000244a9e7ae10 Exception <a 'sun/nio/fs/WindowsException'{0x0000000085af9890}> (0x0000000085af9890) 
thrown [s\src\hotspot\share\prims\jni.cpp, line 535]
Event: 17.565 Thread 0x00000244a9e7ae10 Exception <a 'sun/nio/fs/WindowsException'{0x0000000085917c38}> (0x0000000085917c38) 
thrown [s\src\hotspot\share\prims\jni.cpp, line 535]
Event: 17.568 Thread 0x00000244a9e7ae10 Exception <a 'sun/nio/fs/WindowsException'{0x0000000085929950}> (0x0000000085929950) 
thrown [s\src\hotspot\share\prims\jni.cpp, line 535]
Event: 17.570 Thread 0x00000244a9e7ae10 Exception <a 'sun/nio/fs/WindowsException'{0x000000008593b260}> (0x000000008593b260) 
thrown [s\src\hotspot\share\prims\jni.cpp, line 535]
Event: 17.574 Thread 0x00000244a9e7ae10 Exception <a 'sun/nio/fs/WindowsException'{0x000000008595ccd0}> (0x000000008595ccd0) 
thrown [s\src\hotspot\share\prims\jni.cpp, line 535]
Event: 17.577 Thread 0x00000244a9e7ae10 Exception <a 'sun/nio/fs/WindowsException'{0x00000000859e77c0}> (0x00000000859e77c0) 
thrown [s\src\hotspot\share\prims\jni.cpp, line 535]
Event: 17.580 Thread 0x00000244a9e7ae10 Exception <a 'sun/nio/fs/WindowsException'{0x00000000859f8dd0}> (0x00000000859f8dd0) 
thrown [s\src\hotspot\share\prims\jni.cpp, line 535]
Event: 17.583 Thread 0x00000244a9e7ae10 Exception <a 'sun/nio/fs/WindowsException'{0x000000008580b040}> (0x000000008580b040) 
thrown [s\src\hotspot\share\prims\jni.cpp, line 535]
Event: 17.585 Thread 0x00000244a9e7ae10 Exception <a 'sun/nio/fs/WindowsException'{0x000000008581a960}> (0x000000008581a960) 
thrown [s\src\hotspot\share\prims\jni.cpp, line 535]
Event: 17.586 Thread 0x00000244a9e7ae10 Exception <a 'sun/nio/fs/WindowsException'{0x000000008582ce50}> (0x000000008582ce50) 
thrown [s\src\hotspot\share\prims\jni.cpp, line 535]
Event: 17.588 Thread 0x00000244a9e7ae10 Exception <a 'sun/nio/fs/WindowsException'{0x000000008583fc80}> (0x000000008583fc80) 
thrown [s\src\hotspot\share\prims\jni.cpp, line 535]
Event: 17.589 Thread 0x00000244a9e7ae10 Exception <a 'sun/nio/fs/WindowsException'{0x000000008584e068}> (0x000000008584e068) 
thrown [s\src\hotspot\share\prims\jni.cpp, line 535]
Event: 17.591 Thread 0x00000244a9e7ae10 Exception <a 'sun/nio/fs/WindowsException'{0x0000000085875128}> (0x0000000085875128) 
thrown [s\src\hotspot\share\prims\jni.cpp, line 535]
Event: 17.596 Thread 0x00000244a9e7ae10 Exception <a 'sun/nio/fs/WindowsException'{0x00000000858a4680}> (0x00000000858a4680) 
thrown [s\src\hotspot\share\prims\jni.cpp, line 535]
Event: 17.597 Thread 0x00000244a9e7ae10 Exception <a 'sun/nio/fs/WindowsException'{0x00000000858b72f0}> (0x00000000858b72f0) 
thrown [s\src\hotspot\share\prims\jni.cpp, line 535]
Event: 17.598 Thread 0x00000244a9e7ae10 Exception <a 'sun/nio/fs/WindowsException'{0x00000000858c6508}> (0x00000000858c6508) 
thrown [s\src\hotspot\share\prims\jni.cpp, line 535]
Event: 17.599 Thread 0x00000244a9e7ae10 Exception <a 'sun/nio/fs/WindowsException'{0x00000000858d5b88}> (0x00000000858d5b88) 
thrown [s\src\hotspot\share\prims\jni.cpp, line 535]
Event: 17.601 Thread 0x00000244a9e7ae10 Exception <a 'sun/nio/fs/WindowsException'{0x00000000858e7ea0}> (0x00000000858e7ea0) 
thrown [s\src\hotspot\share\prims\jni.cpp, line 535]
Event: 17.603 Thread 0x00000244a9e7ae10 Exception <a 'sun/nio/fs/WindowsException'{0x00000000858fa8b0}> (0x00000000858fa8b0) 
thrown [s\src\hotspot\share\prims\jni.cpp, line 535]

VM Operations (20 events):
Event: 14.074 Executing non-safepoint VM operation: HandshakeAllThreads (Deoptimize) done
Event: 14.373 Executing safepoint VM operation: G1CollectForAllocation (G1 Evacuation Pause)
Event: 14.386 Executing safepoint VM operation: G1CollectForAllocation (G1 Evacuation Pause) done
Event: 15.764 Executing safepoint VM operation: G1CollectForAllocation (G1 Evacuation Pause)
Event: 15.773 Executing safepoint VM operation: G1CollectForAllocation (G1 Evacuation Pause) done
Event: 15.830 Executing safepoint VM operation: G1PauseRemark
Event: 15.835 Executing safepoint VM operation: G1PauseRemark done
Event: 15.856 Executing safepoint VM operation: G1PauseCleanup
Event: 15.856 Executing safepoint VM operation: G1PauseCleanup done
Event: 16.023 Executing safepoint VM operation: G1CollectForAllocation (G1 Evacuation Pause)
Event: 16.030 Executing safepoint VM operation: G1CollectForAllocation (G1 Evacuation Pause) done
Event: 16.212 Executing safepoint VM operation: G1CollectForAllocation (G1 Evacuation Pause)
Event: 16.216 Executing safepoint VM operation: G1CollectForAllocation (G1 Evacuation Pause) done
Event: 16.392 Executing safepoint VM operation: G1CollectForAllocation (G1 Evacuation Pause)
Event: 16.396 Executing safepoint VM operation: G1CollectForAllocation (G1 Evacuation Pause) done
Event: 16.461 Executing safepoint VM operation: G1PauseRemark
Event: 16.465 Executing safepoint VM operation: G1PauseRemark done
Event: 16.484 Executing safepoint VM operation: G1PauseCleanup
Event: 16.484 Executing safepoint VM operation: G1PauseCleanup done
Event: 17.603 Executing safepoint VM operation: G1CollectForAllocation (G1 Evacuation Pause)

Memory protections (0 events):
No events

Nmethod flushes (20 events):
Event: 16.464 Thread 0x00000244a1eb0060 flushing  nmethod 0x000002448d426688
Event: 16.464 Thread 0x00000244a1eb0060 flushing  nmethod 0x000002448d6fc588
Event: 16.464 Thread 0x00000244a1eb0060 flushing  nmethod 0x000002448d6fce88
Event: 16.464 Thread 0x00000244a1eb0060 flushing  nmethod 0x000002448d6fdf08
Event: 16.464 Thread 0x00000244a1eb0060 flushing  nmethod 0x000002448d701308
Event: 16.464 Thread 0x00000244a1eb0060 flushing  nmethod 0x000002448d701f08
Event: 16.464 Thread 0x00000244a1eb0060 flushing  nmethod 0x000002448d703108
Event: 16.464 Thread 0x00000244a1eb0060 flushing  nmethod 0x000002448d79e488
Event: 16.464 Thread 0x00000244a1eb0060 flushing  nmethod 0x000002448d81a788
Event: 16.464 Thread 0x00000244a1eb0060 flushing  nmethod 0x000002448d81c808
Event: 16.464 Thread 0x00000244a1eb0060 flushing  nmethod 0x000002448d8b8788
Event: 16.464 Thread 0x00000244a1eb0060 flushing  nmethod 0x000002448d8bbe88
Event: 16.464 Thread 0x00000244a1eb0060 flushing  nmethod 0x000002448d8bc788
Event: 16.464 Thread 0x00000244a1eb0060 flushing  nmethod 0x000002448d8bcb88
Event: 16.464 Thread 0x00000244a1eb0060 flushing  nmethod 0x000002448d8bd108
Event: 16.464 Thread 0x00000244a1eb0060 flushing  nmethod 0x000002448d8bd408
Event: 16.464 Thread 0x00000244a1eb0060 flushing  nmethod 0x000002448d8bdc08
Event: 16.464 Thread 0x00000244a1eb0060 flushing  nmethod 0x000002448d9fb308
Event: 16.464 Thread 0x00000244a1eb0060 flushing  nmethod 0x000002448da01908
Event: 16.464 Thread 0x00000244a1eb0060 flushing  nmethod 0x000002448db24388

Events (20 events):
Event: 8.099 Thread 0x00000244a9e7ae10 Thread added: 0x00000244aa9911b0
Event: 8.232 Thread 0x00000244a9e7ae10 Thread added: 0x00000244aa97aad0
Event: 8.654 Thread 0x00000244a9e7ae10 Thread added: 0x00000244aa977420
Event: 8.741 Thread 0x00000244a9e7ae10 Thread added: 0x00000244aa977bf0
Event: 10.716 Thread 0x00000244a9e7ae10 Thread added: 0x00000244aa97ca10
Event: 10.718 Thread 0x00000244a9e7ae10 Thread added: 0x00000244aa97e180
Event: 10.785 Thread 0x00000244a9e7ae10 Thread added: 0x00000244ab731b80
Event: 10.785 Thread 0x00000244a9e7ae10 Thread added: 0x00000244ab732b20
Event: 11.088 Thread 0x00000244a9e7ae10 Thread added: 0x00000244ab733ac0
Event: 11.088 Thread 0x00000244a9e7ae10 Thread added: 0x00000244ab734a60
Event: 11.089 Thread 0x00000244a9e7ae10 Thread added: 0x00000244a713b3d0
Event: 11.090 Thread 0x00000244a9e7ae10 Thread added: 0x00000244a7139c60
Event: 11.135 Thread 0x00000244a9e7ae10 Thread added: 0x00000244a713ac00
Event: 11.138 Thread 0x00000244a9e7ae10 Thread added: 0x00000244a713cb40
Event: 11.139 Thread 0x00000244a9e7ae10 Thread added: 0x00000244a713dae0
Event: 11.140 Thread 0x00000244a9e7ae10 Thread added: 0x00000244a71401f0
Event: 11.140 Thread 0x00000244a9e7ae10 Thread added: 0x00000244a713ea80
Event: 11.141 Thread 0x00000244a9e7ae10 Thread added: 0x00000244a713f250
Event: 11.142 Thread 0x00000244a9e7ae10 Thread added: 0x00000244aaa80d90
Event: 11.142 Thread 0x00000244a9e7ae10 Thread added: 0x00000244aaa81560


Dynamic libraries:
0x00007ff6fcb80000 - 0x00007ff6fcb8a000 	C:\Users\indie\AppData\Local\Programs\Android Studio\jbr\bin\java.exe
0x00007ffeee7e0000 - 0x00007ffeeea47000 	C:\Windows\SYSTEM32\ntdll.dll
0x00007ffeecd90000 - 0x00007ffeece5b000 	C:\Windows\System32\KERNEL32.DLL
0x00007ffeeba70000 - 0x00007ffeebe72000 	C:\Windows\System32\KERNELBASE.dll
0x00007ffeec1b0000 - 0x00007ffeec2fc000 	C:\Windows\System32\ucrtbase.dll
0x00007ffeddca0000 - 0x00007ffeddcb6000 	C:\Users\indie\AppData\Local\Programs\Android Studio\jbr\bin\jli.dll
0x00007ffeec750000 - 0x00007ffeec91f000 	C:\Windows\System32\USER32.dll
0x00007ffed8610000 - 0x00007ffed88a0000 	C:\Windows\WinSxS\amd64_microsoft.windows.common-controls_6595b64144ccf1df_6.0.26100.9278_none_3e0d1ba8e3303201\COMCTL32.dll
0x00007ffee1660000 - 0x00007ffee167b000 	C:\Users\indie\AppData\Local\Programs\Android Studio\jbr\bin\VCRUNTIME140.dll
0x00007ffeec180000 - 0x00007ffeec1a7000 	C:\Windows\System32\win32u.dll
0x00007ffeedde0000 - 0x00007ffeede89000 	C:\Windows\System32\msvcrt.dll
0x00007ffeede90000 - 0x00007ffeedebb000 	C:\Windows\System32\GDI32.dll
0x00007ffeec3d0000 - 0x00007ffeec4f9000 	C:\Windows\System32\gdi32full.dll
0x00007ffeebf40000 - 0x00007ffeebfe3000 	C:\Windows\System32\msvcp_win.dll
0x00007ffeee630000 - 0x00007ffeee661000 	C:\Windows\System32\IMM32.DLL
0x00007ffee1680000 - 0x00007ffee168c000 	C:\Users\indie\AppData\Local\Programs\Android Studio\jbr\bin\vcruntime140_1.dll
0x00007ffecc2d0000 - 0x00007ffecc35d000 	C:\Users\indie\AppData\Local\Programs\Android Studio\jbr\bin\msvcp140.dll
0x00007ffe4d830000 - 0x00007ffe4e70a000 	C:\Users\indie\AppData\Local\Programs\Android Studio\jbr\bin\server\jvm.dll
0x00007ffeedec0000 - 0x00007ffeedf7c000 	C:\Windows\System32\ADVAPI32.dll
0x00007ffeec620000 - 0x00007ffeec6c9000 	C:\Windows\System32\sechost.dll
0x00007ffeec500000 - 0x00007ffeec618000 	C:\Windows\System32\RPCRT4.dll
0x00007ffeee710000 - 0x00007ffeee790000 	C:\Windows\System32\WS2_32.dll
0x00007ffeeb840000 - 0x00007ffeeb89e000 	C:\Windows\SYSTEM32\POWRPROF.dll
0x00007ffee3f30000 - 0x00007ffee3f66000 	C:\Windows\SYSTEM32\WINMM.dll
0x00007ffee3f70000 - 0x00007ffee3f7b000 	C:\Windows\SYSTEM32\VERSION.dll
0x00007ffeeb820000 - 0x00007ffeeb835000 	C:\Windows\SYSTEM32\UMPDC.dll
0x00007ffeea1c0000 - 0x00007ffeea1db000 	C:\Windows\SYSTEM32\kernel.appcore.dll
0x00007ffedf790000 - 0x00007ffedf79a000 	C:\Users\indie\AppData\Local\Programs\Android Studio\jbr\bin\jimage.dll
0x00007ffee8ac0000 - 0x00007ffee8d0c000 	C:\Windows\SYSTEM32\DBGHELP.DLL
0x00007ffeec930000 - 0x00007ffeeccb5000 	C:\Windows\System32\combase.dll
0x00007ffeedc00000 - 0x00007ffeedcd9000 	C:\Windows\System32\OLEAUT32.dll
0x00007ffecbd30000 - 0x00007ffecbd6b000 	C:\Windows\SYSTEM32\dbgcore.DLL
0x00007ffeebe80000 - 0x00007ffeebf2c000 	C:\Windows\System32\bcryptPrimitives.dll
0x00007ffee16d0000 - 0x00007ffee16de000 	C:\Users\indie\AppData\Local\Programs\Android Studio\jbr\bin\instrument.dll
0x00007ffed3a90000 - 0x00007ffed3aaf000 	C:\Users\indie\AppData\Local\Programs\Android Studio\jbr\bin\java.dll
0x00007ffeee490000 - 0x00007ffeee62a000 	C:\Windows\System32\ole32.dll
0x00007ffeece60000 - 0x00007ffeed5f8000 	C:\Windows\System32\SHELL32.dll
0x00007ffed39f0000 - 0x00007ffed3a07000 	C:\Users\indie\AppData\Local\Programs\Android Studio\jbr\bin\zip.dll
0x00007ffee8f40000 - 0x00007ffee97ee000 	C:\Windows\SYSTEM32\windows.storage.dll
0x00007ffeed730000 - 0x00007ffeed82b000 	C:\Windows\System32\SHCORE.dll
0x00007ffeed650000 - 0x00007ffeed6b6000 	C:\Windows\System32\shlwapi.dll
0x00007ffeeb900000 - 0x00007ffeeb929000 	C:\Windows\SYSTEM32\profapi.dll
0x00007ffedf780000 - 0x00007ffedf790000 	C:\Users\indie\AppData\Local\Programs\Android Studio\jbr\bin\net.dll
0x00007ffeea780000 - 0x00007ffeea7ec000 	C:\Windows\system32\mswsock.dll
0x00007ffed1b60000 - 0x00007ffed1b76000 	C:\Users\indie\AppData\Local\Programs\Android Studio\jbr\bin\nio.dll
0x00007ffeddba0000 - 0x00007ffeddbb0000 	C:\Users\indie\AppData\Local\Programs\Android Studio\jbr\bin\verify.dll
0x00007ffed1790000 - 0x00007ffed17b7000 	C:\Users\indie\.gradle\native\660c5614fbf4a5f2a75b1949f50a0caf5cd603558e7d8a26e50b933a0cfb79d1\windows-amd64\native-platform.dll
0x00007ffea6bc0000 - 0x00007ffea6c37000 	C:\Users\indie\.gradle\native\0.2.8\x86_64-windows-gnu\gradle-fileevents.dll
0x00007ffede9f0000 - 0x00007ffede9f9000 	C:\Users\indie\AppData\Local\Programs\Android Studio\jbr\bin\management.dll
0x00007ffede9d0000 - 0x00007ffede9db000 	C:\Users\indie\AppData\Local\Programs\Android Studio\jbr\bin\management_ext.dll
0x00007ffeedff0000 - 0x00007ffeedff8000 	C:\Windows\System32\PSAPI.DLL
0x00007ffee9bc0000 - 0x00007ffee9bf3000 	C:\Windows\SYSTEM32\IPHLPAPI.DLL
0x00007ffeee700000 - 0x00007ffeee70a000 	C:\Windows\System32\NSI.dll
0x00007ffedf710000 - 0x00007ffedf719000 	C:\Users\indie\AppData\Local\Programs\Android Studio\jbr\bin\extnet.dll
0x00007ffeeaa70000 - 0x00007ffeeaa8b000 	C:\Windows\SYSTEM32\CRYPTSP.dll
0x00007ffeea120000 - 0x00007ffeea159000 	C:\Windows\system32\rsaenh.dll
0x00007ffeea830000 - 0x00007ffeea864000 	C:\Windows\SYSTEM32\USERENV.dll
0x00007ffeeb8d0000 - 0x00007ffeeb8fa000 	C:\Windows\SYSTEM32\bcrypt.dll
0x00007ffeeaa90000 - 0x00007ffeeaa9c000 	C:\Windows\SYSTEM32\CRYPTBASE.dll
0x00007ffeeaf30000 - 0x00007ffeeaf38000 	C:\Windows\system32\wshunix.dll

JVMTI agents:
C:\Users\indie\.gradle\wrapper\dists\gradle-9.5.0-bin\bvnork1r7n8i6kp5cnkibsc9q\gradle-9.5.0\lib\agents\gradle-instrumentation-agent-9.5.0.jar path:C:\Users\indie\AppData\Local\Programs\Android Studio\jbr\bin\instrument.dll, loaded, initialized, instrumentlib options:none

dbghelp: loaded successfully - version: 4.0.5 - missing functions: none
symbol engine: initialized successfully - sym options: 0x614 - pdb path: .;C:\Users\indie\AppData\Local\Programs\Android Studio\jbr\bin;C:\Windows\SYSTEM32;C:\Windows\WinSxS\amd64_microsoft.windows.common-controls_6595b64144ccf1df_6.0.26100.9278_none_3e0d1ba8e3303201;C:\Users\indie\AppData\Local\Programs\Android Studio\jbr\bin\server;C:\Users\indie\.gradle\native\660c5614fbf4a5f2a75b1949f50a0caf5cd603558e7d8a26e50b933a0cfb79d1\windows-amd64;C:\Users\indie\.gradle\native\0.2.8\x86_64-windows-gnu

VM Arguments:
jvm_args: --add-opens=java.base/java.lang=ALL-UNNAMED --add-opens=java.base/java.lang.invoke=ALL-UNNAMED --add-opens=java.base/java.util=ALL-UNNAMED --add-opens=java.prefs/java.util.prefs=ALL-UNNAMED --add-exports=jdk.compiler/com.sun.tools.javac.api=ALL-UNNAMED --add-exports=jdk.compiler/com.sun.tools.javac.util=ALL-UNNAMED --add-opens=java.base/java.nio.charset=ALL-UNNAMED --add-opens=java.base/java.net=ALL-UNNAMED --add-opens=java.base/java.util.concurrent=ALL-UNNAMED --add-opens=java.base/java.util.concurrent.atomic=ALL-UNNAMED --add-opens=java.xml/javax.xml.namespace=ALL-UNNAMED --add-opens=java.base/java.time=ALL-UNNAMED --enable-native-access=ALL-UNNAMED -Xmx2048m -Dfile.encoding=UTF-8 -Duser.country=ZA -Duser.language=en -Duser.variant -javaagent:C:\Users\indie\.gradle\wrapper\dists\gradle-9.5.0-bin\bvnork1r7n8i6kp5cnkibsc9q\gradle-9.5.0\lib\agents\gradle-instrumentation-agent-9.5.0.jar 
java_command: org.gradle.launcher.daemon.bootstrap.GradleDaemon 9.5.0
java_class_path (initial): C:\Users\indie\.gradle\wrapper\dists\gradle-9.5.0-bin\bvnork1r7n8i6kp5cnkibsc9q\gradle-9.5.0\lib\gradle-daemon-main-9.5.0.jar
Launcher Type: SUN_STANDARD

[Global flags]
     intx CICompilerCount                          = 12                                        {product} {ergonomic}
     uint ConcGCThreads                            = 3                                         {product} {ergonomic}
     uint G1ConcRefinementThreads                  = 13                                        {product} {ergonomic}
   size_t G1HeapRegionSize                         = 1048576                                   {product} {ergonomic}
   size_t InitialHeapSize                          = 98566144                                  {product} {ergonomic}
   size_t MarkStackSize                            = 4194304                                   {product} {ergonomic}
   size_t MarkStackSizeMax                         = 536870912                                 {product} {ergonomic}
   size_t MaxHeapSize                              = 2147483648                                {product} {command line}
   size_t MaxNewSize                               = 1287651328                                {product} {ergonomic}
   size_t MinHeapDeltaBytes                        = 1048576                                   {product} {ergonomic}
   size_t MinHeapSize                              = 8388608                                   {product} {ergonomic}
    uintx NonNMethodCodeHeapSize                   = 7602176                                {pd product} {ergonomic}
    uintx NonProfiledCodeHeapSize                  = 122093568                              {pd product} {ergonomic}
    uintx ProfiledCodeHeapSize                     = 121962496                              {pd product} {ergonomic}
    uintx ReservedCodeCacheSize                    = 251658240                              {pd product} {ergonomic}
     bool SegmentedCodeCache                       = true                                      {product} {ergonomic}
   size_t SoftMaxHeapSize                          = 2147483648                             {manageable} {ergonomic}
     bool UseCompressedOops                        = true                           {product lp64_product} {ergonomic}
     bool UseG1GC                                  = true                                      {product} {ergonomic}
     bool UseLargePagesIndividualAllocation        = false                                  {pd product} {ergonomic}

Logging:
Log output configuration:
 #0: stdout all=warning uptime,level,tags foldmultilines=false
 #1: stderr all=off uptime,level,tags foldmultilines=false

Release file:
JAVA_VERSION="25.0.2" 
MODULES="java.base java.compiler java.datatransfer java.xml java.prefs java.desktop java.instrument java.logging java.management java.security.sasl java.naming java.rmi java.management.rmi java.net.http java.scripting java.security.jgss java.transaction.xa java.sql java.sql.rowset java.xml.crypto java.se java.smartcardio jdk.accessibility jdk.internal.jvmstat jdk.attach jdk.charsets jdk.internal.opt jdk.zipfs jdk.compiler jdk.crypto.cryptoki jdk.crypto.ec jdk.dynalink jdk.hotspot.agent jdk.httpserver jdk.internal.ed jdk.internal.le jdk.internal.md jdk.internal.vm.ci jdk.jartool jdk.javadoc jdk.jcmd jdk.jdeps jdk.jdwp.agent jdk.jdi jdk.jfr jdk.jlink jdk.localedata jdk.management jdk.management.agent jdk.management.jfr jdk.naming.dns jdk.naming.rmi jdk.net jdk.sctp jdk.security.auth jdk.security.jgss jdk.unsupported jdk.unsupported.desktop jdk.xml.dom" 
IMPLEMENTOR="JetBrains s.r.o." 
JAVA_RUNTIME_VERSION="25.0.2+-15348964-b329.117" 
LIBC="default" 
OS_ARCH="x86_64" 
OS_NAME="Windows" 
SOURCE=".:git:3cf398e84a39" 

Environment Variables:
JAVA_HOME=C:\Program Files\Microsoft\jdk-17.0.16.8-hotspot\
PATH=C:\Users\indie\AppData\Local\Programs\Python\Python314\Scripts\;C:\Users\indie\AppData\Local\Programs\Python\Python314\;C:\Program Files\Microsoft\jdk-17.0.16.8-hotspot\bin;C:\Python313\Scripts\;C:\Python313\;C:\Windows\system32;C:\Windows;C:\Windows\System32\Wbem;C:\Windows\System32\WindowsPowerShell\v1.0\;C:\Windows\System32\OpenSSH\;C:\ProgramData\chocolatey\bin;C:\Program Files\Git\cmd;C:\Program Files\Amazon\AWSCLIV2\;C:\Program Files\nodejs\;C:\Users\indie\AppData\Local\Programs\Python\Launcher\;C:\Users\indie\AppData\Local\Microsoft\WindowsApps;C:\Users\indie\AppData\Local\Programs\Microsoft VS Code\bin;C:\Program Files\JetBrains\WebStorm 2025.1.3\bin;C:\Users\indie\AppData\Local\Android\Sdk\platform-tools;C:\Users\indie\.bun\bin;C:\Users\indie\Documents\sqlite3;C:\Users\indie\AppData\Local\JetBrains\Toolbox\scripts;C:\Users\indie\AppData\Roaming\npm
USERNAME=indie
OS=Windows_NT
PROCESSOR_IDENTIFIER=AMD64 Family 25 Model 80 Stepping 0, AuthenticAMD
TMP=C:\Users\indie\AppData\Local\Temp
TEMP=C:\Users\indie\AppData\Local\Temp




Compilation memory statistics disabled.

Periodic native trim disabled

JNI global refs:
JNI global refs: 30, weak refs: 0

JNI global refs memory usage: 835, weak refs: 833

Process memory usage:
Resident Set Size: 374720K (6% of 6124928K total physical memory with 326400K free physical memory)

OOME stack traces (most recent first):
Classloader memory used:
Loader org.gradle.internal.classloader.VisitableURLClassLoader                         : 37492 K
Loader bootstrap                                                                       : 22982 K
Loader org.gradle.initialization.MixInLegacyTypesClassLoader                           : 10900 K
Loader org.gradle.internal.classloader.VisitableURLClassLoader$InstrumentingVisitableURLClassLoader: 2446 K
Loader org.gradle.internal.classloader.VisitableURLClassLoader                         : 1163 K
Loader jdk.internal.loader.ClassLoaders$AppClassLoader                                 : 186 K
Loader jdk.internal.loader.ClassLoaders$PlatformClassLoader                            : 130 K
Loader org.gradle.groovy.scripts.internal.DefaultScriptCompilationHandler$ScriptClassLoader: 89736 B

Classes loaded by more than one classloader:
Class Program                                                                         : loaded 4 times (x 76B)
Class org.gradle.api.GradleException                                                  : loaded 3 times (x 84B)
Class org.gradle.api.Action                                                           : loaded 3 times (x 72B)
Class org.gradle.internal.Cast                                                        : loaded 3 times (x 73B)
Class com.google.common.collect.ImmutableCollection                                   : loaded 3 times (x 127B)
Class com.google.common.base.Preconditions                                            : loaded 3 times (x 73B)
Class org.gradle.internal.IoActions                                                   : loaded 3 times (x 73B)
Class com.google.common.collect.ImmutableList                                         : loaded 3 times (x 208B)
Class com.google.common.collect.UnmodifiableIterator                                  : loaded 3 times (x 82B)
Class org.gradle.internal.classloader.DefaultClassLoaderFactory                       : loaded 2 times (x 84B)
Class kotlin.collections.AbstractList$Companion                                       : loaded 2 times (x 73B)
Class [Lcom.google.common.collect.ImmutableMapEntry;                                  : loaded 2 times (x 71B)
Class org.gradle.tooling.internal.gradle.DefaultProjectIdentifier                     : loaded 2 times (x 88B)
Class org.gradle.api.internal.DefaultClassPathProvider                                : loaded 2 times (x 78B)
Class [Lorg.gradle.api.internal.ClassPathProvider;                                    : loaded 2 times (x 71B)
Class org.gradle.api.internal.ClassPathProvider                                       : loaded 2 times (x 72B)
Class org.gradle.internal.service.UnknownServiceException                             : loaded 2 times (x 85B)
Class org.gradle.internal.classpath.TransformedClassPath                              : loaded 2 times (x 98B)
Class org.gradle.internal.classloader.InstrumentingClassLoader                        : loaded 2 times (x 72B)
Class com.google.common.collect.ImmutableCollection$Builder                           : loaded 2 times (x 78B)
Class com.google.common.collect.Iterators$ArrayItr                                    : loaded 2 times (x 99B)
Class kotlin.enums.EnumEntriesList                                                    : loaded 2 times (x 225B)
Class org.gradle.internal.operations.MultipleBuildOperationFailures                   : loaded 2 times (x 97B)
Class org.gradle.internal.service.ServiceLocator                                      : loaded 2 times (x 72B)
Class com.google.common.collect.AbstractMapEntry                                      : loaded 2 times (x 83B)
Class com.intellij.gradle.toolingExtension.util.GradleVersionUtil                     : loaded 2 times (x 73B)
Class com.google.common.collect.Iterators$SingletonIterator                           : loaded 2 times (x 83B)
Class org.gradle.tooling.model.UnsupportedMethodException                             : loaded 2 times (x 84B)
Class com.google.common.collect.Iterators                                             : loaded 2 times (x 73B)
Class org.gradle.kotlin.dsl.VersionCatalogAccessorsKt                                 : loaded 2 times (x 73B)
Class com.google.common.collect.Lists$StringAsImmutableList                           : loaded 2 times (x 209B)
Class ijInit1_bpuig6iy9o5dhcz8v7cl2fgyw                                               : loaded 2 times (x 173B)
Class sync_studio_tooling8_cix03ty5fzox63mah7248tnxa                                  : loaded 2 times (x 173B)
Class org.gradle.internal.time.DefaultTimer                                           : loaded 2 times (x 82B)
Class com.google.common.collect.IndexedImmutableSet                                   : loaded 2 times (x 154B)
Class com.google.common.collect.ImmutableMap$1                                        : loaded 2 times (x 83B)
Class com.google.common.collect.BiMap                                                 : loaded 2 times (x 72B)
Class org.gradle.api.internal.classpath.DefaultModuleRegistry$DefaultModule           : loaded 2 times (x 84B)
Class com.google.common.collect.AbstractIterator                                      : loaded 2 times (x 84B)
Class com.google.common.collect.AbstractIndexedListIterator                           : loaded 2 times (x 98B)
Class org.gradle.internal.time.DefaultCountdownTimer                                  : loaded 2 times (x 90B)
Class com.google.common.collect.ImmutableMapEntrySet                                  : loaded 2 times (x 154B)
Class org.gradle.tooling.internal.gradle.DefaultBuildIdentifier                       : loaded 2 times (x 81B)
Class org.gradle.api.internal.classpath.Module                                        : loaded 2 times (x 72B)
Class org.gradle.api.internal.classpath.UnknownModuleException                        : loaded 2 times (x 84B)
Class com.google.common.collect.ImmutableMap$Builder                                  : loaded 2 times (x 84B)
Class org.gradle.tooling.internal.gradle.GradleProjectIdentity                        : loaded 2 times (x 72B)
Class org.gradle.api.internal.DefaultClassPathRegistry                                : loaded 2 times (x 78B)
Class sync_studio_tooling8_cix03ty5fzox63mah7248tnxa$_run_closure1                    : loaded 2 times (x 140B)
Class org.gradle.internal.classpath.DefaultClassPath$ImmutableUniqueList              : loaded 2 times (x 201B)
Class org.gradle.api.internal.ClassPathRegistry                                       : loaded 2 times (x 72B)
Class com.google.common.collect.UnmodifiableListIterator                              : loaded 2 times (x 97B)
Class Settings_gradle$1                                                               : loaded 2 times (x 76B)
Class org.gradle.internal.classpath.ClassPath                                         : loaded 2 times (x 72B)
Class org.gradle.api.internal.classpath.DefaultModuleRegistry$DefaultModuleAlias      : loaded 2 times (x 82B)
Class com.google.common.collect.Iterators$1                                           : loaded 2 times (x 83B)
Class org.gradle.tooling.model.Model                                                  : loaded 2 times (x 72B)
Class com.google.common.collect.ImmutableMap$IteratorBasedImmutableMap                : loaded 2 times (x 128B)
Class kotlin.UninitializedPropertyAccessException                                     : loaded 2 times (x 84B)
Class com.google.common.collect.ImmutableBiMap                                        : loaded 2 times (x 145B)
Class com.google.common.collect.Iterators$4                                           : loaded 2 times (x 84B)
Class org.gradle.api.internal.classpath.ModuleRegistry                                : loaded 2 times (x 72B)
Class org.gradle.internal.installation.GradleInstallation$1                           : loaded 2 times (x 77B)
Class com.google.common.collect.ImmutableMap$MapViewOfValuesAsSingletonSets           : loaded 2 times (x 128B)
Class com.google.common.collect.RegularImmutableMap                                   : loaded 2 times (x 122B)
Class org.gradle.tooling.model.idea.BasicIdeaProject                                  : loaded 2 times (x 72B)
Class org.gradle.api.internal.classpath.DefaultModuleRegistry                         : loaded 2 times (x 86B)
Class com.google.common.collect.ImmutableSet$CachingAsList                            : loaded 2 times (x 150B)
Class com.google.common.collect.Lists                                                 : loaded 2 times (x 73B)
Class com.google.common.collect.Iterators$9                                           : loaded 2 times (x 83B)
Class org.gradle.tooling.model.GradleProject                                          : loaded 2 times (x 72B)
Class org.gradle.internal.time.MonotonicClock                                         : loaded 2 times (x 79B)
Class org.gradle.internal.service.ServiceLookupException                              : loaded 2 times (x 84B)
Class org.gradle.internal.classloader.ClassLoaderFactory                              : loaded 2 times (x 72B)
Class org.gradle.internal.service.CachingServiceLocator                               : loaded 2 times (x 84B)
Class com.google.common.collect.ImmutableMapEntry                                     : loaded 2 times (x 87B)
Class org.gradle.internal.time.TimeSource                                             : loaded 2 times (x 72B)
Class com.google.common.collect.ImmutableMapEntry$NonTerminalImmutableMapEntry        : loaded 2 times (x 87B)
Class org.gradle.tooling.internal.gradle.GradleBuildIdentity                          : loaded 2 times (x 72B)
Class kotlin.enums.EnumEntries                                                        : loaded 2 times (x 72B)
Class org.gradle.internal.exceptions.ResolutionProvider                               : loaded 2 times (x 72B)
Class org.gradle.tooling.model.ProjectIdentifier                                      : loaded 2 times (x 72B)
Class org.gradle.internal.classloader.ClasspathUtil                                   : loaded 2 times (x 73B)
Class org.gradle.internal.time.TimeSource$1                                           : loaded 2 times (x 79B)
Class kotlin.jvm.internal.DefaultConstructorMarker                                    : loaded 2 times (x 73B)
Class org.gradle.api.specs.Spec                                                       : loaded 2 times (x 72B)
Class [Lcom.google.common.collect.ImmutableEntry;                                     : loaded 2 times (x 71B)
Class com.intellij.gradle.toolingExtension.impl.model.utilDummyModel.DummyModel       : loaded 2 times (x 72B)
Class org.gradle.internal.time.Clock                                                  : loaded 2 times (x 72B)
Class org.gradle.tooling.model.BuildModel                                             : loaded 2 times (x 72B)
Class org.gradle.tooling.model.Element                                                : loaded 2 times (x 72B)
Class kotlin.collections.AbstractList                                                 : loaded 2 times (x 199B)
Class kotlin.collections.AbstractCollection                                           : loaded 2 times (x 119B)
Class org.gradle.internal.classloader.VisitableURLClassLoader$InstrumentingVisitableURLClassLoader: loaded 2 times (x 124B)
Class org.gradle.internal.classloader.VisitableURLClassLoader$Spec                    : loaded 2 times (x 76B)
Class org.gradle.internal.classpath.DefaultClassPath                                  : loaded 2 times (x 92B)
Class org.gradle.util.internal.DefaultGradleVersion                                   : loaded 2 times (x 84B)
Class com.google.common.collect.ImmutableSet                                          : loaded 2 times (x 147B)
Class com.google.common.collect.RegularImmutableMap$Values                            : loaded 2 times (x 209B)
Class org.gradle.internal.classloader.ClassLoaderSpec                                 : loaded 2 times (x 73B)
Class Settings_gradle$1$1                                                             : loaded 2 times (x 76B)
Class org.gradle.api.internal.classpath.Module$ModuleAlias                            : loaded 2 times (x 72B)
Class org.gradle.internal.classloader.VisitableURLClassLoader                         : loaded 2 times (x 118B)
Class Settings_gradle                                                                 : loaded 2 times (x 126B)
Class ijInit1_bpuig6iy9o5dhcz8v7cl2fgyw$_run_closure1                                 : loaded 2 times (x 141B)
Class org.gradle.internal.classloader.ClassLoaderHierarchy                            : loaded 2 times (x 72B)
Class org.gradle.tooling.model.eclipse.EclipseProject                                 : loaded 2 times (x 72B)
Class com.google.common.collect.ImmutableMap                                          : loaded 2 times (x 122B)
Class org.gradle.internal.classpath.DefaultClassPath$ImmutableUniqueList$Builder      : loaded 2 times (x 77B)
Class [Lcom.google.common.collect.AbstractMapEntry;                                   : loaded 2 times (x 71B)
Class com.google.common.collect.ImmutableEntry                                        : loaded 2 times (x 84B)
Class org.gradle.internal.classloader.FilteringClassLoader                            : loaded 2 times (x 106B)
Class org.gradle.internal.exceptions.NonGradleCauseExceptionsHolder                   : loaded 2 times (x 72B)
Class com.google.common.collect.CollectPreconditions                                  : loaded 2 times (x 73B)
Class org.gradle.tooling.model.eclipse.HierarchicalEclipseProject                     : loaded 2 times (x 72B)
Class kotlin.NotImplementedError                                                      : loaded 2 times (x 84B)
Class kotlin.enums.EnumEntriesKt                                                      : loaded 2 times (x 73B)
Class org.gradle.internal.exceptions.MultiCauseException                              : loaded 2 times (x 72B)
Class org.gradle.internal.time.CountdownTimer                                         : loaded 2 times (x 72B)
Class kotlin.jvm.internal.Intrinsics                                                  : loaded 2 times (x 73B)
Class com.google.common.collect.RegularImmutableMap$BucketOverflowException           : loaded 2 times (x 84B)
Class org.gradle.tooling.model.ProjectModel                                           : loaded 2 times (x 72B)
Class org.gradle.tooling.model.gradle.GradleBuild                                     : loaded 2 times (x 72B)
Class kotlin.KotlinNullPointerException                                               : loaded 2 times (x 84B)
Class org.gradle.internal.exceptions.DefaultMultiCauseException                       : loaded 2 times (x 97B)
Class com.google.common.collect.Hashing                                               : loaded 2 times (x 73B)
Class com.google.common.collect.Iterators$5                                           : loaded 2 times (x 84B)
Class org.gradle.tooling.model.HierarchicalElement                                    : loaded 2 times (x 72B)
Class com.google.common.collect.PeekingIterator                                       : loaded 2 times (x 72B)
Class org.gradle.internal.time.Time                                                   : loaded 2 times (x 73B)
Class com.google.common.collect.ImmutableMapEntrySet$RegularEntrySet                  : loaded 2 times (x 154B)
Class org.gradle.tooling.model.BuildIdentifier                                        : loaded 2 times (x 72B)
Class kotlin.NoWhenBranchMatchedException                                             : loaded 2 times (x 84B)
Class org.gradle.tooling.model.BuildableElement                                       : loaded 2 times (x 72B)
Class org.gradle.tooling.model.HasGradleProject                                       : loaded 2 times (x 72B)
Class Build_gradle                                                                    : loaded 2 times (x 74B)
Class org.gradle.internal.time.Timer                                                  : loaded 2 times (x 72B)
Class kotlin.jvm.internal.markers.KMappedMarker                                       : loaded 2 times (x 72B)
Class org.gradle.internal.installation.CurrentGradleInstallationLocator               : loaded 2 times (x 73B)
Class com.google.common.collect.RegularImmutableMap$KeySet                            : loaded 2 times (x 154B)
Class org.gradle.tooling.model.idea.IdeaProject                                       : loaded 2 times (x 72B)
Class org.gradle.internal.service.DefaultServiceLocator                               : loaded 2 times (x 85B)
Class org.gradle.util.GradleVersion                                                   : loaded 2 times (x 83B)
Class org.gradle.internal.installation.CurrentGradleInstallation                      : loaded 2 times (x 75B)
Class org.gradle.tooling.model.gradle.ProjectPublications                             : loaded 2 times (x 72B)
Class org.gradle.util.internal.GUtil                                                  : loaded 2 times (x 73B)
Class com.google.common.collect.Iterators$MergingIterator                             : loaded 2 times (x 83B)
Class org.gradle.internal.installation.GradleInstallation                             : loaded 2 times (x 77B)

---------------  S Y S T E M  ---------------

OS:
 Windows 11 , 64 bit Build 26100 (10.0.26100.9444)
OS uptime: 3 days 12:18 hours
Hyper-V role detected

CPU: total 16 (initial active 16) (16 cores per cpu, 2 threads per core) family 25 model 80 stepping 0 microcode 0xa500014, cx8, cmov, fxsr, ht, mmx, 3dnowpref, sse, sse2, sse3, ssse3, sse4a, sse4.1, sse4.2, popcnt, lzcnt, tsc, tscinvbit, avx, avx2, aes, erms, clmul, bmi1, bmi2, adx, sha, fma, vzeroupper, clflush, clflushopt, clwb, hv, rdtscp, rdpid, fsrm, f16c, cet_ss
Processor Information for processor 0
  Max Mhz: 2000, Current Mhz: 1808, Mhz Limit: 2000
Processor Information for processor 1
  Max Mhz: 2000, Current Mhz: 1808, Mhz Limit: 2000
Processor Information for processor 2
  Max Mhz: 2000, Current Mhz: 1890, Mhz Limit: 2000
Processor Information for processor 3
  Max Mhz: 2000, Current Mhz: 1808, Mhz Limit: 2000
Processor Information for processor 4
  Max Mhz: 2000, Current Mhz: 1808, Mhz Limit: 2000
Processor Information for processor 5
  Max Mhz: 2000, Current Mhz: 1808, Mhz Limit: 2000
Processor Information for processor 6
  Max Mhz: 2000, Current Mhz: 1808, Mhz Limit: 2000
Processor Information for processor 7
  Max Mhz: 2000, Current Mhz: 1808, Mhz Limit: 2000
Processor Information for processor 8
  Max Mhz: 2000, Current Mhz: 1890, Mhz Limit: 2000
Processor Information for processor 9
  Max Mhz: 2000, Current Mhz: 1808, Mhz Limit: 2000
Processor Information for processor 10
  Max Mhz: 2000, Current Mhz: 1808, Mhz Limit: 2000
Processor Information for processor 11
  Max Mhz: 2000, Current Mhz: 1890, Mhz Limit: 2000
Processor Information for processor 12
  Max Mhz: 2000, Current Mhz: 1808, Mhz Limit: 2000
Processor Information for processor 13
  Max Mhz: 2000, Current Mhz: 1890, Mhz Limit: 2000
Processor Information for processor 14
  Max Mhz: 2000, Current Mhz: 1890, Mhz Limit: 2000
Processor Information for processor 15
  Max Mhz: 2000, Current Mhz: 1808, Mhz Limit: 2000

Memory: 4k page, system-wide physical 5981M (314M free)
TotalPageFile size 24413M (AvailPageFile size 29M)
current process WorkingSet (physical memory assigned to process): 365M, peak: 365M
current process commit charge ("private bytes"): 414M, peak: 416M

vm_info: OpenJDK 64-Bit Server VM (25.0.2+-15348964-b329.117) for windows-amd64 JRE (25.0.2+-15348964-b329.117), built on 2026-05-05T18:25:19Z with MS VC++ 16.10 / 16.11 (VS2019)

END.
